timestamp,accel_x,accel_y,accel_z,gyro_x,gyro_y,gyro_z,speed,event_type
2026-03-10 23:57:12.720943,-0.019945409076836246,-0.008503028607316207,9.819458321828007,0.006659498370327907,0.0012329604051792566,0.0006115189558144162,60.0,Normal_Driving
2026-03-10 23:57:12.770943,0.020672394095295206,-0.005352679978732858,9.822810765031702,0.0006826250568212526,0.013482953287680432,0.01026314376842701,60.0,Normal_Driving
2026-03-10 23:57:12.820943,0.000832860497905397,-0.008128685823909762,9.811326846247177,0.003883951568374615,0.003678543251335611,0.012055944121561826,60.0,Normal_Driving
2026-03-10 23:57:12.870943,-0.02297919507920375,-0.02684741029506749,9.78200081307299,-0.012659829878964982,-0.025450278003101574,-0.019210935934311498,60.0,Normal_Driving
2026-03-10 23:57:12.920943,-0.028118911841554496,-0.003385814113935552,9.815179842782273,-0.002679601318378665,-0.00011106758396239999,0.0073645358958884174,60.0,Normal_Driving
2026-03-10 23:57:12.970943,0.015276484760696714,0.03396296985326803,9.849738104997392,0.0076859791105777404,0.018626101296004005,0.015045534827363986,60.0,Normal_Driving
2026-03-10 23:57:13.020943,-0.0002490217299657895,-0.012847924150481319,9.802928350373017,0.00037058791784715583,-0.0022373040716031764,-0.004599652181256001,60.0,Normal_Driving
2026-03-10 23:57:13.070943,-0.017187041633236425,-0.019589338985995512,9.81629377950518,0.00216507714520259,-0.010813915591007403,-0.004935111528585149,60.0,Normal_Driving
2026-03-10 23:57:13.120943,0.02020330582579117,0.019374909734273124,9.799449810521379,-0.011398427752956958,0.00354887706714872,0.011044004501414562,60.0,Normal_Driving
2026-03-10 23:57:13.170943,0.01417538873130719,0.021538099787997096,9.823103629531621,0.020188962291908065,-0.00532061838525387,0.0024514301895972104,60.0,Normal_Driving
2026-03-10 23:57:13.220943,0.0068973440623729294,-0.001581996665842772,9.829603581062832,0.004959953856238569,-0.010592904858460714,-0.0036626267308811715,60.0,Normal_Driving
2026-03-10 23:57:13.270943,-0.060232637046369504,-0.037224521583757754,9.789586837578417,-0.019887727720810905,-0.024070642184379737,-0.01634417439513736,60.0,Normal_Driving
2026-03-10 23:57:13.320943,0.02734808178410484,0.01215471915805056,9.827851129710726,0.011297134310121828,0.005795493833159333,0.004667394941737753,60.0,Normal_Driving
2026-03-10 23:57:13.370943,0.010650814010664719,-0.014255086511524726,9.817212414579895,0.014285059165675512,0.00839211040085868,0.00016539509321544972,60.0,Normal_Driving
2026-03-10 23:57:13.420943,0.002366532185805321,-0.005952021312089333,9.816964052080952,-0.005042166167077297,0.013287235641687082,0.0063247522203956855,60.0,Normal_Driving
2026-03-10 23:57:13.470943,-0.02906446509086074,-0.026756915888653726,9.76511273796421,-0.015318420292743528,-0.013003875873768736,-0.021458892725469324,60.0,Normal_Driving
2026-03-10 23:57:13.520943,0.01816686986837042,-0.015618808698743183,9.835090772273881,0.00011414343607651445,-0.006777607659416559,-0.004032681851086711,60.0,Normal_Driving
2026-03-10 23:57:13.570943,0.023588701523948655,0.012282254179776401,9.826408403578203,0.019786289294656395,0.005314141948179724,0.006741544514936812,60.0,Normal_Driving
2026-03-10 23:57:13.620943,0.006521129747092575,-0.0011191011603190987,9.818134139496117,-0.012149616584053837,-0.00794326438770491,-0.004648203134646283,60.0,Normal_Driving
2026-03-10 23:57:13.670943,-0.034851782834415874,-0.03464291292349666,9.774419230231064,-0.014986877011391328,-0.022525330224479764,-0.011786234147776986,60.0,Normal_Driving
2026-03-10 23:57:13.720943,0.02270467246291381,0.010856230493220851,9.821747259003685,0.01300382118257945,0.018974653197847136,0.011904995171951843,60.0,Normal_Driving
2026-03-10 23:57:13.770943,-0.011824180285948829,-0.013361222337976774,9.805345558667339,-0.011239688120531218,0.00041438599651367873,-0.002872236605461231,60.0,Normal_Driving
2026-03-10 23:57:13.820943,-0.003941548680489904,0.008740955266534704,9.832198960980204,0.005819707965132738,0.008927474844482077,0.009511375986368453,60.0,Normal_Driving
2026-03-10 23:57:13.870943,-0.009148491125787618,-0.04091753816218424,9.785029563389024,-0.017433064883080673,-0.011199067599084546,-0.015186327057756802,60.0,Normal_Driving
2026-03-10 23:57:13.920943,0.01652385888506403,0.006174132638500944,9.840686604743894,0.01077180819766186,0.009016690785241028,0.021073237236682123,60.0,Normal_Driving
2026-03-10 23:57:13.970943,0.021694723255485236,0.018729454074327623,9.811476395453838,0.004144744861938263,0.013007797842182572,0.007737435836072726,60.0,Normal_Driving
2026-03-10 23:57:14.020943,-0.02636637689371317,-0.001151115713927368,9.79983007913449,-0.01050941745063787,-0.012757637143158584,-0.01259050865353216,60.0,Normal_Driving
2026-03-10 23:57:14.070943,-0.028206603391974065,0.008964107134162708,9.779359947354655,-0.013780126184688104,-0.01171571574642215,-0.014062673951833422,60.0,Normal_Driving
2026-03-10 23:57:14.120943,0.014241681563870984,0.017200657861335164,9.813812744029248,0.005885343546491651,0.014070021471304317,0.005226130537873431,60.0,Normal_Driving
2026-03-10 23:57:14.170943,0.007484151610614365,0.03325943268261969,9.805515429841867,0.012086451228235139,0.00020961073067736263,-0.0028573115431960233,60.0,Normal_Driving
2026-03-10 23:57:14.220943,0.003312637430396616,0.014843518531839586,9.82333671074822,0.002783209276591208,0.00615309553562498,-0.00017085110271628304,60.0,Normal_Driving
2026-03-10 23:57:14.270943,-0.033080449695394455,-0.05253082781882379,9.778057023395833,-0.008732820022964358,-0.02787336461409462,-0.018176479457704273,60.0,Normal_Driving
2026-03-10 23:57:14.320943,0.04117604670243432,0.039054494694729935,9.82069321570659,0.004861715642676491,0.024735795796210623,0.012504769595192141,60.0,Normal_Driving
2026-03-10 23:57:14.370943,0.019647154577447125,0.0012833670287179305,9.829155247940975,0.007633122764333804,0.01011486739813465,0.007278985155816524,60.0,Normal_Driving
2026-03-10 23:57:14.420943,0.0156349982661107,0.020642135210979226,9.80559070356315,0.00033846545085713334,-0.007183665278587166,-0.008626526806972621,60.0,Normal_Driving
2026-03-10 23:57:14.470943,-0.03292590665968289,-0.0062350162298544475,9.793055799305838,-0.018829464830066176,-0.008024651146819143,-0.01082476603400784,60.0,Normal_Driving
2026-03-10 23:57:14.520943,0.010284032140896588,0.03248187869094773,9.817904141776962,0.009954268717080024,0.0043698340774813065,0.009457852859841931,60.0,Normal_Driving
2026-03-10 23:57:14.570943,0.008015248443377787,-0.009706431944312126,9.82945956429351,0.009442415403064772,0.002412022058069261,0.004844450955624806,60.0,Normal_Driving
2026-03-10 23:57:14.620943,0.005919567998062311,0.0016578157714748462,9.811094944689662,0.0014746560025149856,0.006227364391549753,-0.0002922617173312875,60.0,Normal_Driving
2026-03-10 23:57:14.670943,-0.027489417265941736,-0.03243187413747674,9.775507504433742,-0.02196340548519501,-0.0078017149736655245,-0.02031443323837339,60.0,Normal_Driving
2026-03-10 23:57:14.720943,0.030906442310491115,0.03270320649311746,9.840321951280275,0.008815644779624491,0.024703851750816713,0.02491312343368723,60.0,Normal_Driving
2026-03-10 23:57:14.770943,-0.009035555821075097,-0.00932224803997196,9.802059097635636,0.006226000513798086,-0.006633764001957626,-0.012401180572411475,60.0,Normal_Driving
2026-03-10 23:57:14.820943,-0.003276845704112746,0.00865901123701459,9.812649184414624,0.0007827753423701751,-0.00039033081027436793,0.00600130781040208,60.0,Normal_Driving
2026-03-10 23:57:14.870943,-0.05214548682240017,-0.011722304097893767,9.791988425465242,-0.009235655470714175,-0.00315393635864142,-0.01629428981531835,60.0,Normal_Driving
2026-03-10 23:57:14.920943,0.03864564463393469,0.03400959979228356,9.84755927322997,0.012920004073432191,0.0022972876077274763,0.0013274813972934223,60.0,Normal_Driving
2026-03-10 23:57:14.970943,-0.0030036926429055436,0.009857660405912788,9.788214282417545,0.007161674192609952,0.0043956995942973365,0.008369990582546977,60.0,Normal_Driving
2026-03-10 23:57:15.020943,0.010871074404008165,-0.026188475433711292,9.822839436749295,-0.0011250543765309203,0.0035002144584001835,0.0006743788740903992,60.0,Normal_Driving
2026-03-10 23:57:15.070943,-0.03193848197502979,-0.014424714003892902,9.76400090193951,-0.015926167556790598,-0.006998164625017407,-0.022823459180807165,60.0,Normal_Driving
2026-03-10 23:57:15.120943,0.033794252031843316,0.032364979986959946,9.833606226936597,0.023218413655574695,0.010434230762532937,0.015189526063880776,60.0,Normal_Driving
2026-03-10 23:57:15.170943,-0.017674448725093432,-0.009678934991744844,9.810637289775178,-0.003314127480155213,-0.006500118495476124,-0.008834741786662739,60.0,Normal_Driving
2026-03-10 23:57:15.220943,0.007701521479867774,0.002078498995661239,9.813524404255713,0.0004843806250431071,0.0018101422294621327,0.0041670637633087855,60.0,Normal_Driving
2026-03-10 23:57:15.270943,-0.031541841556620764,-0.048220246126920066,9.767965210274046,-0.029296724115878827,-0.009897886897953994,-0.005503861841374441,60.0,Normal_Driving
2026-03-10 23:57:15.320943,0.0308468964099066,0.01826097936095432,9.842328397328336,0.014439628739009848,0.00843965689799902,0.015951290299344632,60.0,Normal_Driving
2026-03-10 23:57:15.370943,0.0038374358735558493,0.01684562340239225,9.817009076741153,0.00847171983201945,-0.0019519296036973124,-0.0031483835626152446,60.0,Normal_Driving
2026-03-10 23:57:15.420943,-0.006934320719355059,-0.024398035864972967,9.807206907031416,-0.008159045485916318,-0.010431186164525447,-0.004202674423448073,60.0,Normal_Driving
2026-03-10 23:57:15.470943,-0.041540757996912245,-0.016481882283077016,9.76794002327962,-0.008200132581965617,-0.007453719329749358,-0.013510616908497374,60.0,Normal_Driving
2026-03-10 23:57:15.520943,0.03249968657047853,0.01325902262464477,9.81693952752082,0.01585177960788877,0.02034849086943412,0.010039866496007611,60.0,Normal_Driving
2026-03-10 23:57:15.570943,-0.0006592946611222615,-0.03284489661974004,9.801817606159897,0.003864557930641675,-0.002007775720438124,-0.0070093281744565295,60.0,Normal_Driving
2026-03-10 23:57:15.620943,-0.013783474946358884,-0.005483614139143311,9.835719580520978,0.001325227862109341,-0.003713387894015174,-0.00387733769174089,60.0,Normal_Driving
2026-03-10 23:57:15.670943,-0.021039079553758597,-0.039570536882847944,9.776852752812012,-0.018065477014961764,-0.017686353419438406,-0.030826638182864886,60.0,Normal_Driving
2026-03-10 23:57:15.720943,0.05423801403521814,0.05319055226182287,9.85018736404291,0.020137085855046914,0.024275731789283026,0.02294620260729017,60.0,Normal_Driving
2026-03-10 23:57:15.770943,0.013640174554281142,-0.003619496447397439,9.823834455157431,-0.007388812064408439,-0.0018528007349267678,-0.0032711850796484053,60.0,Normal_Driving
2026-03-10 23:57:15.820943,-0.011414567876217752,-0.008563384708155994,9.80241411154808,-0.003973202309927433,-0.005589970453070523,-0.0036881112164277225,60.0,Normal_Driving
2026-03-10 23:57:15.870943,-0.02019049060327474,-0.01394189054903403,9.784363323269561,-0.001132079022367189,-0.006690792129725819,-0.010376199399845626,60.0,Normal_Driving
2026-03-10 23:57:15.920943,0.03150328804743242,0.019604260968593794,9.831856204221229,0.019509567212339027,0.013096554156968702,0.012897499260570483,60.0,Normal_Driving
2026-03-10 23:57:15.970943,0.00959957706909723,0.00634593568297335,9.821117306546286,0.004481963302413907,-0.002533275145478938,0.008021598317457912,60.0,Normal_Driving
2026-03-10 23:57:16.020943,-0.010734865554797697,0.004139468246621001,9.801438071034374,-0.005592416361218024,0.007872895718036923,-0.008212579156502368,60.0,Normal_Driving
2026-03-10 23:57:16.070943,-0.03612717555400454,-0.020940911286501645,9.795622970468044,-0.01114431152171583,-0.01581664327876254,-0.023071362358337028,60.0,Normal_Driving
2026-03-10 23:57:16.120943,0.043988557476866974,0.046734596471797105,9.865872623802398,0.019742623791070654,0.015252114254851734,0.0158439490110732,60.0,Normal_Driving
2026-03-10 23:57:16.170943,-0.010143283368996382,-0.023218721811733904,9.783440123275762,-0.007587583838720482,-0.007192670883131959,-0.002833528109594038,60.0,Normal_Driving
2026-03-10 23:57:16.220943,-0.010319721171381281,0.015726599000710717,9.811524799918795,-0.011046140936992733,-0.012542283438104861,0.012307745309143336,60.0,Normal_Driving
2026-03-10 23:57:16.270943,-0.002637855690109981,-0.00970650916872486,9.789137261618578,-0.004824045258744886,-0.012326331926862895,-0.00793845656197185,60.0,Normal_Driving
2026-03-10 23:57:16.320943,0.02187327837853093,0.03413099851337023,9.848429521731049,0.008388014528703292,0.0013025447522533005,0.012542747668312251,60.0,Normal_Driving
2026-03-10 23:57:16.370943,-0.008868799483272426,0.03595875031242754,9.809188254188562,0.00569202201152421,0.01507472183742,-0.007600573262599155,60.0,Normal_Driving
2026-03-10 23:57:16.420943,-0.049372758956137214,-0.006613110751717702,9.819932593402815,-0.00950478514758872,-0.014673785563338222,-0.004334614223627081,60.0,Normal_Driving
2026-03-10 23:57:16.470943,-0.015241094788382755,0.0038458181171425344,9.79955549934632,-0.009366553192929328,-0.010260184747612847,-0.00392876195385909,60.0,Normal_Driving
2026-03-10 23:57:16.520943,0.018731737350285032,0.046384455998280665,9.857312165471768,0.025517979225947073,0.019227181568623512,0.00911168719668647,60.0,Normal_Driving
2026-03-10 23:57:16.570943,-0.007091139758056269,-0.0025756899676125256,9.794383035061564,-0.0054831546943291815,-0.0046108032256008315,-0.007121836241623221,60.0,Normal_Driving
2026-03-10 23:57:16.620943,-0.027666291876740128,0.0008774208448296106,9.79778236047299,0.0039819415777452676,0.00459768275267345,-0.0020735338795088887,60.0,Normal_Driving
2026-03-10 23:57:16.670943,-0.0336434584026442,-0.03244774015424004,9.786473549079108,-0.00266919594841032,-0.010961817268405548,-0.007886656700379354,60.0,Normal_Driving
2026-03-10 23:57:16.720943,0.02372730007590938,0.040582244138243344,9.827975528196037,0.014145449208207254,0.011156881865126164,0.016424068378282322,60.0,Normal_Driving
2026-03-10 23:57:16.770943,0.013777496391608888,0.009687781040833931,9.805712008615757,-0.00401407309636192,0.003132213960931621,0.004367665432331104,60.0,Normal_Driving
2026-03-10 23:57:16.820943,-0.04912566413790814,-0.030668068565311086,9.799853719769152,-0.007981491670657627,-0.009593762999086812,-0.008109410161064706,60.0,Normal_Driving
2026-03-10 23:57:16.870943,-0.02505957890891334,0.005300430083653197,9.811065923228535,0.0014530401571033569,0.001750922017602853,-0.003669639406427428,60.0,Normal_Driving
2026-03-10 23:57:16.920943,0.02426128093136269,0.015644100734676494,9.839380400164577,0.0064525326916192866,0.005174127560029137,0.009887592707264171,60.0,Normal_Driving
2026-03-10 23:57:16.970943,-0.0071395560943655016,-0.013243306878107925,9.796523041986305,0.005219491316881391,-0.005652130627683962,0.004932466341886842,60.0,Normal_Driving
2026-03-10 23:57:17.020943,-0.006412917291595631,-0.019800475201543592,9.809399143767191,-0.00876041805063783,-0.005306116101555891,0.0010712553571964219,60.0,Normal_Driving
2026-03-10 23:57:17.070943,-0.025815722067964394,0.004535865596825721,9.783042937119978,-0.006557037006525868,-0.006000403298895025,-0.011911534122009354,60.0,Normal_Driving
2026-03-10 23:57:17.120943,0.03028111509104245,0.023637639643304335,9.859505023080274,0.015668381909478248,0.01773581346803019,0.0134965602280816,60.0,Normal_Driving
2026-03-10 23:57:17.170943,0.01398262167627409,-0.023274854187315175,9.81217750005989,-0.004855166874412481,0.011276474390408062,0.003924972888951008,60.0,Normal_Driving
2026-03-10 23:57:17.220943,-0.022825103948895736,-0.0237140228073818,9.811402773576003,-0.005861771114120273,-0.008799590577398576,-0.009285449622332034,60.0,Normal_Driving
2026-03-10 23:57:17.270943,-0.017447771691744374,0.028325585457310416,9.811041821298174,0.005357860819103492,0.0028863902617797307,0.009944675290653964,60.0,Normal_Driving
2026-03-10 23:57:17.320943,0.013676083347967202,0.02163985706133669,9.829720148864515,0.010765783033010415,0.004419554430144456,-0.005756447256866338,60.0,Normal_Driving
2026-03-10 23:57:17.370943,-0.007969950373811199,-0.016808472697507005,9.822459546552256,0.008077047950061854,0.007794778653451964,-0.0015448260842262102,60.0,Normal_Driving
2026-03-10 23:57:17.420943,-0.03614435886108833,-0.025608466325899866,9.808091843103554,-0.02111618164139418,0.000328754171981277,-0.007160543221984936,60.0,Normal_Driving
2026-03-10 23:57:17.470943,-0.006451336633686019,0.00355323770651615,9.803189331755686,0.0021564926239705327,-2.8139633963155785e-05,0.0015510075812618191,60.0,Normal_Driving
2026-03-10 23:57:17.520943,0.04301608543517167,0.03449803257728644,9.854203682248741,0.006116453617982626,0.02115929915135912,0.012435864929342991,60.0,Normal_Driving
2026-03-10 23:57:17.570943,-0.006481914598308486,-0.009205712831568706,9.792055754478618,0.0024089457629037307,-0.010746797896832751,-0.003971547840091155,60.0,Normal_Driving
2026-03-10 23:57:17.620943,-0.01904186662521592,-0.013886937722334897,9.777973494126027,0.0037101651632215505,-0.01027935052927316,-0.009362891408187248,60.0,Normal_Driving
2026-03-10 23:57:17.670943,-0.001907177720219938,0.013876907749993905,9.804344562989508,-0.0035421290064683066,-0.005555701469932338,-0.009266540492700998,60.0,Normal_Driving
2026-03-10 23:57:17.720943,-0.007851900030595825,0.003219149302247647,9.792889923194519,0.0023265027656671263,0.0029375223256603526,-0.00024220734402315792,59.946962361771966,Normal_Driving
2026-03-10 23:57:17.770943,0.017830652230876473,-0.0015361765703283629,9.821917684127627,0.01039610121535037,0.008923224658983205,0.007926289339278088,60.0498290615925,Normal_Driving
2026-03-10 23:57:17.820943,-0.004098084665988754,-0.0062764741836642685,9.830719522320056,0.010222321611560288,0.004485339804441011,0.007213761124232006,60.20505180482563,Normal_Driving
2026-03-10 23:57:17.870943,-0.022255359031388325,-0.02099924855209359,9.786788734324396,-0.006695982612552673,-0.015647692465568148,-0.022404648709907805,59.543990076158835,Normal_Driving
2026-03-10 23:57:17.920943,-0.0011793398553023148,-0.005235320115629199,9.807857203971936,0.003717813502147729,-0.002894478235731879,0.002147619243617664,60.199062424984696,Normal_Driving
2026-03-10 23:57:17.970943,0.023016456362180367,0.024634347549101494,9.820000764100762,0.004858437631779854,0.014439396573559245,0.009479762597868552,60.27244202986163,Normal_Driving
2026-03-10 23:57:18.020943,0.001762656570704551,0.008575203375510652,9.79206762594679,0.0018431443646931738,-0.001723903416957445,-0.01173203860125318,60.321193582538776,Normal_Driving
2026-03-10 23:57:18.070943,-0.026526749209542635,-0.01463423120372936,9.800893301697869,0.004246428763469661,-0.004510369487100512,-0.02194282936243761,60.001747937519625,Normal_Driving
2026-03-10 23:57:18.120943,-0.004488656494982703,0.007450786402698415,9.791193438213623,-0.001900911349892731,0.00369768483083772,-0.007783610719131216,59.79663181896429,Normal_Driving
2026-03-10 23:57:18.170943,0.02525572344624959,0.01764277013217604,9.836515328441276,0.00478188513648806,0.013714249831068698,0.014278729459708392,59.644389354157724,Normal_Driving
2026-03-10 23:57:18.220943,-0.0015204309802259821,0.007499866665626107,9.802294827141512,0.0019314351763035308,-0.007755467337756572,-0.0011041688063811938,59.99954809782245,Normal_Driving
2026-03-10 23:57:18.270943,-0.03792895264094696,-0.021608916254813614,9.788581433865865,-0.016161487508983503,-0.016121383989968086,-0.012554791457506091,59.875314745709765,Normal_Driving
2026-03-10 23:57:18.320943,0.029578499595223132,0.030808966448389322,9.812827486286453,0.01131768388213625,0.018364247609603937,-0.0013595132197633097,59.99318928756309,Normal_Driving
2026-03-10 23:57:18.370943,0.007679414944484197,-0.0015939517874141475,9.809314103298027,0.011921442366203669,0.011719150121517464,-0.004817586963816154,60.418105641891245,Normal_Driving
2026-03-10 23:57:18.420943,0.010420807337333948,0.03122374176354678,9.823419985423532,0.006965987684541582,0.0009516423662816464,0.0026261013236206793,60.32383551157831,Normal_Driving
2026-03-10 23:57:18.470943,-0.015179539613580834,-0.006873897659242276,9.790042302451072,-0.01422879671845754,-0.01739251709204453,-0.008125488877023957,60.13022058188899,Normal_Driving
2026-03-10 23:57:18.520943,0.013766540249246112,-0.017571393345749538,9.80426218298239,-0.005712815669991371,-0.006826346085920738,0.0014497768606879851,60.22628867486465,Normal_Driving
2026-03-10 23:57:18.570943,0.020075738435175967,0.05225575239032186,9.840352888069503,0.013068626024085591,0.012896537952729386,0.012945224136492631,60.0357154546751,Normal_Driving
2026-03-10 23:57:18.620943,0.0005344941255873217,-0.01219013263725996,9.823790303651336,-0.0008277567319581053,0.006022230464744741,-0.012340687734125578,59.935961415596694,Normal_Driving
2026-03-10 23:57:18.670943,-0.006055050313230316,-0.014886305662311514,9.808741752008997,0.0008167907773123633,-0.011404718004264394,-0.005700311237961507,59.660815334331424,Normal_Driving
2026-03-10 23:57:18.720943,0.04442767948182523,0.019248826654527915,9.818352444972835,-0.011910077829694618,0.012724213973837894,0.01585200447654822,60.056950960115806,Normal_Driving
2026-03-10 23:57:18.770943,-0.019731685478854413,0.006865874325409358,9.822069910105725,0.017205795179122328,0.0018083135761162868,-0.00014964029253994315,60.25795619946466,Normal_Driving
2026-03-10 23:57:18.820943,-0.000544006628417075,-0.0012241459621512973,9.84179024450587,0.009340654764105498,0.01046190576520218,-0.002059645260038657,59.9987333056902,Normal_Driving
2026-03-10 23:57:18.870943,-0.02411901649412232,-0.03825279505240438,9.780294895677402,-0.01167614227980743,-0.014794874217396147,-0.009905196285967397,59.61840655807351,Normal_Driving
2026-03-10 23:57:18.920943,0.01295183869448642,0.018456414136953314,9.821317798757427,-0.004648356838025105,0.012744546834483866,0.004377849832570495,60.51560718134223,Normal_Driving
2026-03-10 23:57:18.970943,0.008917423223845823,0.005951411378746871,9.826644863144564,0.013923582595888193,0.0013958690724249871,0.014317832134785703,59.605724243276626,Normal_Driving
2026-03-10 23:57:19.020943,-0.02825393311331117,0.003938646909991632,9.800392145304155,-0.0024667447531202856,-0.007085348893133726,-0.007744867717968158,60.12778079386169,Normal_Driving
2026-03-10 23:57:19.070943,-0.03619652968237344,-0.019961229146741484,9.786032121851262,-0.008139094119175946,-0.015448432275391534,-0.011608559217057144,59.98822483336737,Normal_Driving
2026-03-10 23:57:19.120943,0.004450611111635637,0.009179517191428612,9.819111274402538,0.0017842742079607326,-0.0025377468489110244,0.009469779077449359,60.299620923526575,Normal_Driving
2026-03-10 23:57:19.170943,-0.016396740523846223,0.014267094751858191,9.815345857294984,0.0036109949638514762,0.0015285594984314342,0.006310978982528041,60.049421871346745,Normal_Driving
2026-03-10 23:57:19.220943,0.018606298819208368,0.0029497930681209655,9.811429759010208,0.0025430508564792628,-0.0011595677998549221,0.0006761971138737463,60.0621480442604,Normal_Driving
2026-03-10 23:57:19.270943,-0.048430478865938084,-0.039117328869947884,9.778740942386358,-0.017093157092770362,-0.01848241878116216,-0.010450323724820158,59.88564786516093,Normal_Driving
2026-03-10 23:57:19.320943,0.004328848146779408,0.0114663868582735,9.850004919987853,0.015454756413290652,0.013859634027445403,0.006332146818436831,60.144778718108284,Normal_Driving
2026-03-10 23:57:19.370943,0.01197647428723779,0.02286484434962087,9.831741565473102,0.008634378744705518,0.006594758798494701,-0.009014855027976484,60.085985855556956,Normal_Driving
2026-03-10 23:57:19.420943,-0.015489359288685986,0.013014057228327503,9.813826552739764,-0.006113903794708381,-0.002210439134318251,0.011228223735092897,60.396304987350725,Normal_Driving
2026-03-10 23:57:19.470943,-0.017394874922589797,-0.018292322376235803,9.77950835463538,-0.010206634471048508,-0.029580548206029816,-0.0034973782509974136,60.31066775200167,Normal_Driving
2026-03-10 23:57:19.520943,0.011008847294522322,0.03172003695845362,9.819533725466481,0.011277642274226955,0.0012418051576565084,0.005794012998475204,60.094374656794514,Normal_Driving
2026-03-10 23:57:19.570943,0.02105552367834085,0.018452043260371358,9.79938784630604,0.009627975803840859,0.011446334643858311,0.0004938437196600207,60.117272009418656,Normal_Driving
2026-03-10 23:57:19.620943,0.014304320183165579,-0.01018411396590176,9.829012420833973,0.008322547032139138,-0.0021871911146771564,-0.003659683685864826,59.772274394445844,Normal_Driving
2026-03-10 23:57:19.670943,-0.008412770752198154,-0.05241079424528787,9.779146293388797,-0.02985978712190871,-0.02333919457044859,-0.010348628739498097,59.87441694455955,Normal_Driving
2026-03-10 23:57:19.720943,0.007539425675942908,0.006238122022692357,9.850250611324249,0.01938093952032689,0.008452355763722743,0.012732772574320376,60.18473169554605,Normal_Driving
2026-03-10 23:57:19.770943,0.0020496766449583943,-0.01570180975757196,9.8231430401651,0.0030644183708715012,-0.003268726768910986,-0.00015585002288005302,59.962138636889456,Normal_Driving
2026-03-10 23:57:19.820943,0.022490395358841272,0.018114003294554752,9.829039910388797,-0.0013617997867983404,0.0014141147565498936,0.00718435406396953,60.082747574818775,Normal_Driving
2026-03-10 23:57:19.870943,-0.021697260642290713,-0.018425027739147625,9.773231311748473,-0.006597343315860697,-0.020298084765389694,-0.00761046401218857,59.958768070182806,Normal_Driving
2026-03-10 23:57:19.920943,0.011785410188213899,0.008197144497475942,9.835765846360086,-2.9618736936597168e-05,0.0069954745185693435,-0.0027061155156615467,59.90467399816584,Normal_Driving
2026-03-10 23:57:19.970943,0.021012711801180178,0.01902349116828821,9.81716286277513,0.005533949710477585,0.011691363584905978,0.010192970897717223,60.63543698491594,Normal_Driving
2026-03-10 23:57:20.020943,-0.016261216902315537,-0.006327330784053754,9.805500609250007,-0.004058904099270576,0.003272946979643341,0.004595180560715174,59.64652350954628,Normal_Driving
2026-03-10 23:57:20.070943,-0.0033905875194105463,-0.02059292648386774,9.772309280148336,-0.03219691863449592,-0.015609963181859516,-0.010838469510242999,60.06054761953901,Normal_Driving
2026-03-10 23:57:20.120943,0.01370180197820316,0.026717469679730318,9.843718407612862,0.004198035239389659,0.010466715451696123,0.010137443703335122,59.960852999372854,Normal_Driving
2026-03-10 23:57:20.170943,-0.02006367965229964,0.00019569146313971452,9.795734000628505,0.012876405635329234,-0.018352412114030492,0.0026082702800714584,59.712965781251675,Normal_Driving
2026-03-10 23:57:20.220943,-0.006793287610448168,0.015420158642047332,9.813313149969678,0.015414476082099594,-0.0001718403904966831,0.009384847789329355,60.06564070748066,Normal_Driving
2026-03-10 23:57:20.270943,-0.018253784630372593,-0.02582704220036146,9.751369829802508,-0.0161279615754327,-0.016424242872733405,-0.023573169651593857,60.4213520377483,Normal_Driving
2026-03-10 23:57:20.320943,0.037505858670563885,0.021084897187101253,9.8230572613871,0.011705359308953889,0.008753017628464182,0.02432594461131686,59.973833835301946,Normal_Driving
2026-03-10 23:57:20.370943,0.010850691168263555,0.005474854837077392,9.827320657118436,-0.0048860974344471595,-0.00022042340605706945,0.0049397812350491,59.81419517081603,Normal_Driving
2026-03-10 23:57:20.420943,-0.016031294624743266,0.004888247991777298,9.800763141546739,-0.003177868959834353,0.007873176831802584,-0.0007072895003149956,59.67179637422443,Normal_Driving
2026-03-10 23:57:20.470943,-0.029309891646768574,-0.03168059722846292,9.796766543461136,-0.021582759810633657,-0.012101274936489624,-0.0025911372968014405,60.598788300552776,Normal_Driving
2026-03-10 23:57:20.520943,0.0063786789399294715,0.04129982303067989,9.845518098642433,0.004110391256310292,0.0042951375061148775,0.01901688453136382,60.070622788418405,Normal_Driving
2026-03-10 23:57:20.570943,-0.0011517495942688733,0.014566176466363188,9.836148433281952,-0.0005458733339621124,0.0027112144167888395,0.005652442751367882,59.97512022791311,Normal_Driving
2026-03-10 23:57:20.620943,0.0021200891660273107,0.00033928000291289385,9.808456761911584,-0.007444736219565719,0.011297208663797086,0.005386112056774849,60.13385662751496,Normal_Driving
2026-03-10 23:57:20.670943,-0.031966304700381025,-0.039638656132179324,9.785168214908593,-0.015824192311344427,-0.012677029881410756,-0.01328719099789064,60.08522566930137,Normal_Driving
2026-03-10 23:57:20.720943,0.03461044550038098,0.03419494507156325,9.84691869920287,0.01691188346074036,0.016508938056809537,0.020232878630661432,59.53690151266101,Normal_Driving
2026-03-10 23:57:20.770943,-0.010878519794680179,-0.008357195741900407,9.77795434627671,-0.0026792772105885734,-0.004962599125706195,-0.00021018812974825472,59.86561762539476,Normal_Driving
2026-03-10 23:57:20.820943,0.010120647094083158,0.013072316426948345,9.832910742124415,-0.006749380950403852,-0.0024672484084647074,-0.00021982296381471006,59.67558232537007,Normal_Driving
2026-03-10 23:57:20.870943,-0.04823985362305721,-0.03517728988186578,9.796604137487392,-0.005017320674745463,-0.0010476041809721112,-0.010159499950223855,59.80091378961888,Normal_Driving
2026-03-10 23:57:20.920943,0.002845218827689549,0.028541974841202276,9.846757768379222,0.006613250795704451,0.006154498675472887,0.01651985090533287,60.121181292505256,Normal_Driving
2026-03-10 23:57:20.970943,-0.021280754850456267,0.011837739448341746,9.807014169142928,-0.0031499502551212985,0.0015396311092660871,0.005110206116629701,59.92536274012754,Normal_Driving
2026-03-10 23:57:21.020943,-0.029039531658083068,-0.009135747613997458,9.82544166507617,-0.0028501395139503187,-0.002850925389119687,-0.005297541150154242,59.532242425241385,Normal_Driving
2026-03-10 23:57:21.070943,-0.025889155960936217,-0.019531630166458314,9.761163107209065,-0.003971717653806118,-0.028189244725779033,-0.013105350769501301,60.28180092633943,Normal_Driving
2026-03-10 23:57:21.120943,0.010977572270138285,0.03590343256381377,9.839958302112768,0.02246380711324561,0.013583032395081962,0.016574876466089853,60.00511461066075,Normal_Driving
2026-03-10 23:57:21.170943,-0.007379809487024696,-0.017853105715945543,9.80908094471629,-0.007302030753777676,-0.00573033571468232,-0.004162691051648802,59.642991901511415,Normal_Driving
2026-03-10 23:57:21.220943,0.015101518104641911,0.010514147376276808,9.81482262543643,0.008966703030244322,0.005174328111775631,0.008178760006921738,60.47480182421656,Normal_Driving
2026-03-10 23:57:21.270943,-0.0224407848241116,-0.017926753777471122,9.7710103136445,-0.020945726511385872,-0.020493682576794573,-0.011609493550533378,59.469069540920835,Normal_Driving
2026-03-10 23:57:21.320943,0.03051945185403784,0.03920133861812572,9.839363820613405,0.006288991240611774,0.009898438189960855,0.021723848189191926,59.91284642623948,Normal_Driving
2026-03-10 23:57:21.370943,-0.007716010980519813,-0.008256711774299264,9.803952867479802,-0.0018678283295571738,0.00530247014272462,0.0066108331366769735,59.53997039867232,Normal_Driving
2026-03-10 23:57:21.420943,0.0029525139364952706,-0.0028832944841558628,9.798045933635994,0.0001928374888281138,0.0009431684044926792,0.0032891409528717757,59.61584246942646,Normal_Driving
2026-03-10 23:57:21.470943,-0.011227982776562007,-0.012549336310922206,9.777033162464246,-0.0065220735558248226,-0.009934137265614606,-0.015294974211976845,60.12891979687058,Normal_Driving
2026-03-10 23:57:21.520943,0.04134221706909846,0.007940451781453674,9.835566295069592,0.01598598320657475,0.008476765317563376,0.022419529990007035,60.31431441171655,Normal_Driving
2026-03-10 23:57:21.570943,0.021681321076136902,0.013037686088430093,9.799017045397868,0.0008579309572911064,-0.003088714957443517,-0.0017533300855436824,60.15141705581149,Normal_Driving
2026-03-10 23:57:21.620943,-0.002631487654365156,0.0032545252829221335,9.82218287138272,0.006189416322446042,0.0038544814142796647,0.00043410360417112147,59.8762112966505,Normal_Driving
2026-03-10 23:57:21.670943,-0.011877368518598264,-0.02411319077221443,9.768308080514286,-0.017823824059628242,-0.01865185877302215,-0.015104381595102207,59.98680250927366,Normal_Driving
2026-03-10 23:57:21.720943,0.04475681180488915,0.04569889818235556,9.847333721038305,0.020255282416208255,0.02121635995645188,0.01959966966541328,59.359798874484866,Normal_Driving
2026-03-10 23:57:21.770943,-0.010836353127929306,0.011191885869372094,9.77864528404735,-0.0073163872789310845,-0.0028778616579900876,-0.004327359125611118,59.702685088543745,Normal_Driving
2026-03-10 23:57:21.820943,-0.006723321375764467,-0.013799955574283373,9.809548210158733,0.005949676491559993,-0.0027320567901523377,0.0080496991016407,60.324902451043805,Normal_Driving
2026-03-10 23:57:21.870943,-0.017032930384881365,0.0028165614895081584,9.785672398722467,-0.011873684661431131,-0.01164301644310287,-0.01047655541810621,59.519152165000534,Normal_Driving
2026-03-10 23:57:21.920943,0.027553973784666112,0.01938552931796343,9.82681330026919,0.012826248668532571,0.01266535407076777,0.003031452125241328,60.40209523327832,Normal_Driving
2026-03-10 23:57:21.970943,-0.0008163309997641444,-0.0030722351677104796,9.809662779946452,0.0006497304928174013,-0.0008495858126426714,-0.008569006404850634,60.003379157521515,Normal_Driving
2026-03-10 23:57:22.020943,-0.0024458965620065606,-0.021105630143095584,9.79524231281958,-0.007388883074378764,-0.005335307332572554,0.006746400279948836,60.17893843478026,Normal_Driving
2026-03-10 23:57:22.070943,-0.017625204844007685,-0.02030501381220947,9.772995144507256,-0.014756453858087878,-0.024118615298423088,-0.023696193479729274,59.9477670322364,Normal_Driving
2026-03-10 23:57:22.120943,0.056307191959690195,0.03953370355051832,9.837208143038852,0.01795151073985298,0.0074942042912018985,0.013742644373281711,60.261362439137294,Normal_Driving
2026-03-10 23:57:22.170943,-0.01879540651644534,-0.002399062694466582,9.818100649056202,-0.006028258539339241,-0.01125150971731412,-0.01781493342064515,59.549570939297226,Normal_Driving
2026-03-10 23:57:22.220943,-0.006222554696730854,0.02220913939732419,9.819738900148907,0.019052005953004585,0.00025803650489505405,-0.0010595620513085416,60.1779259218994,Normal_Driving
2026-03-10 23:57:22.270943,-0.024334463734944512,-0.010249009090457912,9.79544128518569,-0.010742990083706317,-0.027144830463618805,-0.013068466443896148,59.720738971977326,Normal_Driving
2026-03-10 23:57:22.320943,0.03824201753535095,0.03510153931368479,9.851837940146241,0.004422472241369576,0.012384087847451345,0.013885448110244156,59.86456103387408,Normal_Driving
2026-03-10 23:57:22.370943,-0.0005806126358621792,0.01649372506600191,9.836309550295715,0.009326127685925452,-0.001582181475944246,-0.002034563180257602,60.31088673065719,Normal_Driving
2026-03-10 23:57:22.420943,-0.020160354932947076,-0.032852930908319214,9.803852985805863,-0.007271839605948225,-0.012694101645733476,0.007922698344526656,60.05437897864466,Normal_Driving
2026-03-10 23:57:22.470943,-0.02052882959984452,0.0019037020237595882,9.796688334422688,-0.0024251661024027446,-0.009332496859071487,-0.009526163495330161,59.91012182924613,Normal_Driving
2026-03-10 23:57:22.520943,0.03515278467901403,0.027089036517581783,9.838658009672603,0.013156071343113848,0.01820207544816712,0.019200279100616013,59.782297723343916,Normal_Driving
2026-03-10 23:57:22.570943,-0.0193340421778896,-0.005736703624768074,9.811610025605525,-0.0009617871691151589,0.00046848368520319497,-0.0005385476786863852,60.36873374688184,Normal_Driving
2026-03-10 23:57:22.620943,0.002298049543271482,-0.003955941288456699,9.803726216383561,-0.013742901805977328,0.00783899079692893,-0.008674831765689527,59.23740478873036,Normal_Driving
2026-03-10 23:57:22.670943,-0.022977704811955282,-0.026620569811019717,9.760026368822304,-0.01632485365230966,-0.01979780193675258,-0.017889909422190403,59.606425460167706,Normal_Driving
2026-03-10 23:57:22.720943,0.006392899259722629,0.021431550661133364,9.855814940019862,0.011415899042387795,0.019273463541135946,0.02005577456455293,59.75250280064088,Normal_Driving
2026-03-10 23:57:22.770943,-0.0020956248546023263,0.0006916167559044574,9.814624213329981,0.001171079390999129,0.013262031346903477,0.001855497294257591,60.08716368219929,Normal_Driving
2026-03-10 23:57:22.820943,-0.009841619601662074,-0.01299846613297415,9.793912108758459,-0.00295690113232329,-0.01310380314182908,-0.009707414216494412,60.01783673088318,Normal_Driving
2026-03-10 23:57:22.870943,-0.02226587685520455,-0.01010266855059995,9.79622536088675,0.001893570684000043,-0.011391063853979717,-0.008314861951737794,60.00630725678221,Normal_Driving
2026-03-10 23:57:22.920943,0.014588700485855689,0.02683601612671289,9.825723775796332,0.003675865363332263,0.011653648191596604,0.0058616207134112325,59.32399986886625,Normal_Driving
2026-03-10 23:57:22.970943,-0.008167798332725764,-0.0078830806338394,9.790693659786657,-0.0018144073720582326,0.003940286801848044,0.008921506852632103,60.25201024310147,Normal_Driving
2026-03-10 23:57:23.020943,-0.013317886847144411,0.002083684215784272,9.797497613658491,-0.004323636156573447,0.005306060993908599,-0.01390081676702741,59.909785121926625,Normal_Driving
2026-03-10 23:57:23.070943,-0.03978065177332909,-0.009569654383826398,9.788278656313823,-0.014202259251438788,-0.005480681325774618,-0.013298931749933263,59.59006368214314,Normal_Driving
2026-03-10 23:57:23.120943,0.041858153910764584,0.05189092531442932,9.844021795205043,0.016708854017904333,0.021775316080971677,0.02985064793488328,59.68354699497935,Normal_Driving
2026-03-10 23:57:23.170943,-0.01983005824856078,-0.022682237398246777,9.789610349763066,-0.01144545879101938,-0.0033696328666615,-0.007608567301328292,60.40657824455798,Normal_Driving
2026-03-10 23:57:23.220943,-0.015270160037664581,-0.00616424759214813,9.800653857998096,0.0071541448069303674,0.001388952950727476,-0.0024068716508909155,60.04574369318727,Normal_Driving
2026-03-10 23:57:23.270943,-0.02174459451587596,-0.02375517307196326,9.783422296949881,-0.003113960135315122,-0.010800541612904316,-0.009101308762410595,59.880193793773216,Normal_Driving
2026-03-10 23:57:23.320943,0.017721685626116687,0.010363055027066534,9.830827170383879,0.016624992346118028,0.012894592881715787,0.00962044294396547,59.645804176206134,Normal_Driving
2026-03-10 23:57:23.370943,-0.00038926777569240224,0.006006151772166466,9.79304058161967,0.0025377115741166516,0.012261458009567123,0.0007634503045289109,60.60176024521014,Normal_Driving
2026-03-10 23:57:23.420943,-0.012336876981197028,-0.018795568554713357,9.815100211292494,-0.0264535690659488,-0.005823115499696721,0.002312165771277422,60.359416310610285,Normal_Driving
2026-03-10 23:57:23.470943,0.015158196736482056,-0.02650409923684087,9.802743662478177,-0.004432002576236385,-0.011959435446362592,-0.009925101987309939,59.356754728778604,Normal_Driving
2026-03-10 23:57:23.520943,0.048254036249669334,0.048845668780396534,9.834161442315123,0.011607464376761537,0.01793163628871963,0.0315364966399779,59.986550002219914,Normal_Driving
2026-03-10 23:57:23.570943,-0.024412849855278355,-0.02720495863774396,9.790415928985368,-0.0010650550679867973,-0.0028876766215915894,-0.006833354408903409,60.199732514485646,Normal_Driving
2026-03-10 23:57:23.620943,-0.007431980404247428,0.005155201201829597,9.792538589444803,0.003325814007606475,-0.006899929194360243,0.0023991003831755737,60.2497411537911,Normal_Driving
2026-03-10 23:57:23.670943,-0.004925261484947905,-0.013609858600173712,9.794214866865307,-0.023587445587608877,-0.0080912602618787,-0.012151991088760656,59.894486167467086,Normal_Driving
2026-03-10 23:57:23.720943,0.03324295514575958,0.030551722933924493,9.853212729912535,0.009434074752326448,0.008869344846730003,0.004987539199913635,60.05069649659919,Normal_Driving
2026-03-10 23:57:23.770943,-0.004093967661643785,0.02041861374692927,9.801155488573633,0.0028476882851773593,-0.004697759584778028,0.006125143598917113,59.681142421977306,Normal_Driving
2026-03-10 23:57:23.820943,-0.028954686564043083,-0.05309803244002158,9.792739898191662,-0.014387972785697537,-0.017049380346726355,-0.015096768434125442,59.822262291488556,Normal_Driving
2026-03-10 23:57:23.870943,-0.012276342498358005,-0.01484757831903403,9.797140636062853,0.005628851930276424,0.0007651030568431357,0.00013899322872289318,59.71310215347823,Normal_Driving
2026-03-10 23:57:23.920943,0.035766655241182076,0.04405676726547936,9.829770705088333,0.0018443113867956037,0.0008039118525296641,0.00982767871185821,59.893052867051814,Normal_Driving
2026-03-10 23:57:23.970943,0.02356957950203086,-0.022997521920006266,9.811284339145647,-0.0069768739769939725,0.008168147626455059,-0.0028556382568350994,60.08229546247126,Normal_Driving
2026-03-10 23:57:24.020943,0.016117401070042583,0.002013082509813936,9.794118118758885,0.0047602778462863295,-0.006207749152048006,-0.001429880914530585,59.773743059474576,Normal_Driving
2026-03-10 23:57:24.070943,-0.014329570838456335,-0.032158562680475435,9.79657075764167,-0.009689600254841495,-0.0013861378103151249,-0.013191472207323737,60.22447002978321,Normal_Driving
2026-03-10 23:57:24.120943,0.04982686294120871,0.04127713336494847,9.842628153755907,0.020701640220194852,0.005475671023000034,0.02686822230593084,59.300116262800955,Normal_Driving
2026-03-10 23:57:24.170943,0.003747124427976172,0.002889386525874887,9.8029256236291,-0.015007777466872131,-0.0092898149805089,-0.0023150574811104585,60.16349798462228,Normal_Driving
2026-03-10 23:57:24.220943,-0.04082451812103738,-0.015205688888745822,9.808478253793767,0.0025609033459586435,-0.007302016213440978,-0.011534211357285025,60.13074322465367,Normal_Driving
2026-03-10 23:57:24.270943,0.01214068071903583,-0.01700719352350317,9.812879701317058,-0.0027291325423827273,0.010386865013548463,-0.008049115513053097,59.95987206709959,Normal_Driving
2026-03-10 23:57:24.320943,0.020113780412677446,-0.005989212032013516,9.806475463218366,0.005996095918785986,0.003987271982948187,0.00029225833325200856,60.20022817411249,Normal_Driving
2026-03-10 23:57:24.370943,0.015487875399682941,0.02495295867789464,9.830510332434685,0.0006202667286280684,-0.004067201211108501,-0.0031388362261803218,60.38493514169919,Normal_Driving
2026-03-10 23:57:24.420943,-0.014684561999827202,-0.022042061196423962,9.801414986933002,-0.010247300854895792,-0.013502869023192908,-0.013017885276427386,60.104423120711296,Normal_Driving
2026-03-10 23:57:24.470943,-0.004804696564789579,-0.01480427871723401,9.81180929296447,-0.0028291516921143175,-0.008214088073372906,-0.0027017867444541098,59.6920947297878,Normal_Driving
2026-03-10 23:57:24.520943,0.036079951224192885,0.03529091714051575,9.835182799452442,0.008944762280048089,0.017013671643379066,0.005853616714935186,60.2587487344527,Normal_Driving
2026-03-10 23:57:24.570943,-0.022461513544761225,-0.01764132225620039,9.806921782200233,-0.0016427066260865956,-0.008539345991461647,-0.0020855876683075624,60.0122222152619,Normal_Driving
2026-03-10 23:57:24.620943,-0.01374398139629477,-0.012998953915217028,9.79391944323565,-0.02114971625451724,0.008586719898223788,-0.00948544011642478,59.67670504304364,Normal_Driving
2026-03-10 23:57:24.670943,-0.0027764150314330723,0.008700617577447747,9.803268368675758,0.001376703562207132,0.002947110991856386,-0.0018780848995510603,59.96967453235685,Normal_Driving
2026-03-10 23:57:24.720943,0.018056344996940185,0.021900160717675022,9.820052726771982,0.004955371600107525,-0.0003885791712622596,-0.0014351449495820755,59.78630744834646,Normal_Driving
2026-03-10 23:57:24.770943,0.004768178184291004,0.004092221410652133,9.8253481847507,0.0025254601345813944,-0.006017945334269714,0.0033387455888937573,60.019876901306546,Normal_Driving
2026-03-10 23:57:24.820943,-0.031438427995537026,-0.012852372814155251,9.766661138704292,-0.018609159493770035,-0.008099075400539033,-0.02132704409496334,59.9614419731572,Normal_Driving
2026-03-10 23:57:24.870943,0.002650151110815938,-0.008410188361091211,9.815487270031413,0.010872096625299406,0.007048459547716974,-0.0017113042414736873,60.06011357853236,Sudden_Lane_Change
2026-03-10 23:57:24.920943,0.0004268865375269236,0.41475610842262334,9.816259347123069,0.006168060523054943,0.003425615867769709,0.25130966370037355,59.98497269422178,Sudden_Lane_Change
2026-03-10 23:57:24.970943,0.0007636463662664978,0.8198822629240099,9.820059505193045,0.009628294338631882,0.0005852134554968427,0.47670581364612113,59.81788045148158,Sudden_Lane_Change
2026-03-10 23:57:25.020943,-0.020455622197901535,1.1858224168986515,9.776748504622464,-0.023587347967021922,-0.014504134589914156,0.6722445199192599,59.97347559440559,Sudden_Lane_Change
2026-03-10 23:57:25.070943,-0.005390398802742193,1.6224121998078416,9.807019376840426,0.009524174656221017,-0.00035605365997722505,0.9102106178950229,59.966248383446874,Sudden_Lane_Change
2026-03-10 23:57:25.120943,0.036864261616807364,1.9747613333517346,9.834642301133943,0.009691287956734067,0.007982756712567613,1.114470540706734,59.90308194224161,Sudden_Lane_Change
2026-03-10 23:57:25.170943,0.0093937867150519,2.2653321733868523,9.813440718167277,-0.002558704513583891,-0.0063861417753710474,1.2800695534533346,60.06722558679781,Sudden_Lane_Change
2026-03-10 23:57:25.220943,-0.021506136585732246,2.536360860341594,9.791970802167388,-0.0017920143367428521,-0.006965355649456333,1.4445143349288212,60.17109235192217,Sudden_Lane_Change
2026-03-10 23:57:25.270943,-0.017868640378119742,2.815843420975194,9.833959540776949,0.007005513234090848,-0.007313530172840729,1.580429067185487,59.69639239930918,Sudden_Lane_Change
2026-03-10 23:57:25.320943,0.0065237448053905266,3.0361783667485986,9.820039922623362,0.008771240572140548,0.011815027270476685,1.7170020138124484,59.92291566124291,Sudden_Lane_Change
2026-03-10 23:57:25.370943,-0.00831115881945083,3.2016171352686302,9.819544210219952,0.007574473430461898,-0.003800849902071279,1.8096537942499977,60.168273393975994,Sudden_Lane_Change
2026-03-10 23:57:25.420943,-0.022676047662085336,3.263079092748252,9.784561394055661,-0.02426136369757714,-0.023055221491117914,1.8488090411385039,59.91674858797954,Sudden_Lane_Change
2026-03-10 23:57:25.470943,0.015925706373281542,3.391155047465323,9.83491022123256,0.011381670493271713,0.007101256965807983,1.911224316765918,60.06776789592782,Sudden_Lane_Change
2026-03-10 23:57:25.520943,0.02820857524163487,3.3483781828643036,9.830418166984332,0.0021871148157783776,0.005241749228999131,1.9102586055100084,59.92308496168762,Sudden_Lane_Change
2026-03-10 23:57:25.570943,0.009303556020224181,3.3262224582357676,9.80430190317064,-0.014941966114768215,0.0033659604541062087,1.8804003992355809,59.760293770526566,Sudden_Lane_Change
2026-03-10 23:57:25.620943,-0.032021630350709374,3.2180499009204575,9.788475946210188,-0.003921033158276784,-0.01230234360346455,1.837971993820291,59.86925987358589,Sudden_Lane_Change
2026-03-10 23:57:25.670943,0.015357624116364457,3.127055773558289,9.805136583582373,0.007191134094650995,-0.0008645709716055983,1.7536115049187087,59.82375526666383,Sudden_Lane_Change
2026-03-10 23:57:25.720943,-0.004664683584855712,2.9153922407138184,9.808335147887723,0.0022151660392236336,0.0012396067899732841,1.6703820650821388,59.96025306760931,Sudden_Lane_Change
2026-03-10 23:57:25.770943,0.002506297678187202,2.674052955945974,9.805305241517283,-0.0054359783284297775,0.004752419891115607,1.51626640726774,60.12790155467383,Sudden_Lane_Change
2026-03-10 23:57:25.820943,-0.025698981447405643,2.4104133849676495,9.77232329770325,-0.01859015158619565,-0.017445665105902234,1.357016878562883,59.98504472970364,Sudden_Lane_Change
2026-03-10 23:57:25.870943,0.06154888580944201,2.153236675032852,9.845494113389208,0.012262298813806374,0.02254236478437214,1.2093412108601926,59.8910033916565,Sudden_Lane_Change
2026-03-10 23:57:25.920943,-0.009672226471223688,1.7581150300130903,9.78725575113822,0.0011302844893087754,0.0026553039023537346,1.0063253007728663,60.019070325147226,Sudden_Lane_Change
2026-03-10 23:57:25.970943,0.012029979266464357,1.405143595461468,9.803768274938358,0.0032675426420798958,-0.0007727129344190053,0.7990883392541177,60.00672726865223,Sudden_Lane_Change
2026-03-10 23:57:26.020943,-0.012304562419656297,1.005442130570082,9.773570330151678,-0.0035371131480096372,-0.013437646630483599,0.5715913806500121,59.99949129084249,Sudden_Lane_Change
2026-03-10 23:57:26.070943,0.021314246909631785,0.6488979318293331,9.831143284386167,0.010643318873925762,0.001025259366973343,0.35463398107522376,59.97922548551124,Sudden_Lane_Change
2026-03-10 23:57:26.120943,0.009931637524572864,0.2149209869760384,9.823044237830322,0.009531722816740744,0.0037754829210831834,0.12238396327307452,60.147487789657056,Sudden_Lane_Change
2026-03-10 23:57:26.170943,-0.0004235360723789461,-0.20878829272272756,9.781069855514184,0.0021018430920115012,-0.016760061466205903,-0.1153044053906846,59.93925621278783,Sudden_Lane_Change
2026-03-10 23:57:26.220943,-0.010923779727900224,-0.6423951710324033,9.783460835603986,-0.014713815496397607,-0.014931470966579824,-0.3799779931650341,59.97146953246246,Sudden_Lane_Change
2026-03-10 23:57:26.270943,0.0488899330887534,-0.9800599798995967,9.828488998731697,0.01721612192792336,0.020540709890143848,-0.5628931195782524,59.844233206381986,Sudden_Lane_Change
2026-03-10 23:57:26.320943,-0.011611170948415465,-1.4177957384429678,9.795039422987458,-0.006137760796458642,-0.004073145762296959,-0.8115470610531136,59.868673935095345,Sudden_Lane_Change
2026-03-10 23:57:26.370943,-0.006525994921023579,-1.7592978051212955,9.83569260520899,0.005858502474097669,0.003477332336511576,-1.0047710255447713,59.90184781394001,Sudden_Lane_Change
2026-03-10 23:57:26.420943,-0.016696583064045888,-2.127611117393979,9.787066617183863,-0.0014745139684480824,-0.01311962393940839,-1.197477147121058,60.03023257823596,Sudden_Lane_Change
2026-03-10 23:57:26.470943,0.02646154956465479,-2.3898015742059746,9.825137980747186,0.0223517814054653,0.028604042447704786,-1.3671545308093627,59.94346033066387,Sudden_Lane_Change
2026-03-10 23:57:26.520943,0.011462890831750368,-2.65978194815451,9.793410435889822,-0.004300700608859185,0.005901236626449309,-1.5193148651368555,60.03056258372726,Sudden_Lane_Change
2026-03-10 23:57:26.570943,-0.025958222401590972,-2.9260992958514507,9.778333578131766,-0.000595681030497894,-0.014204001341355205,-1.661868792260798,60.05013985699681,Sudden_Lane_Change
2026-03-10 23:57:26.620943,-0.01744526947569391,-3.126701506349148,9.790526908632927,-0.004823766939039706,-0.010485462319637203,-1.764423228122787,59.97279827404973,Sudden_Lane_Change
2026-03-10 23:57:26.670943,0.028554006786306534,-3.2192755337157983,9.863755919724133,0.0248268170585738,0.017822290803864355,-1.8317431852479966,59.91037556628253,Sudden_Lane_Change
2026-03-10 23:57:26.720943,-0.007886092569009859,-3.3357553242196576,9.805990296983039,-0.012121347219101498,0.0005484538628394509,-1.9050089608619045,60.07792013734765,Sudden_Lane_Change
2026-03-10 23:57:26.770943,0.010777786027787114,-3.3589887015277506,9.817559452841765,-0.008206357867587676,0.006154039831082566,-1.9080014946654325,59.92334262182155,Sudden_Lane_Change
2026-03-10 23:57:26.820943,-0.024197583328203365,-3.3888571497012707,9.799728838660949,-0.013038234935024142,-0.007965701482731657,-1.9175346575199967,59.971009640941595,Sudden_Lane_Change
2026-03-10 23:57:26.870943,0.043492410935361166,-3.255883535122854,9.815164492936006,0.005466576732620054,0.016195848043535226,-1.8506121566464784,60.14115251743796,Sudden_Lane_Change
2026-03-10 23:57:26.920943,0.00700911955742385,-3.1751019681845913,9.824726610951172,0.003084554407149013,0.002408033536225247,-1.7921755002494808,59.97715002708261,Sudden_Lane_Change
2026-03-10 23:57:26.970943,-0.024395533275663996,-3.0441008343516254,9.7774533105686,-0.01749451088350784,-0.005444300020083146,-1.7151180108972726,59.91471902219334,Sudden_Lane_Change
2026-03-10 23:57:27.020943,0.01068295746378043,-2.823934552664446,9.810443654403972,-0.003266520282106808,-0.00874780925572691,-1.6035118726506283,59.9143009008698,Sudden_Lane_Change
2026-03-10 23:57:27.070943,0.0014697187579036722,-2.539553504221533,9.836818617629037,0.009369098921357072,0.008249696902756301,-1.4471060568851446,59.97999697794307,Sudden_Lane_Change
2026-03-10 23:57:27.120943,0.01725662193071873,-2.275136053582077,9.820221477360093,-0.010067770138466036,-0.006326583876642769,-1.2819911901848262,59.8215442126915,Sudden_Lane_Change
2026-03-10 23:57:27.170943,0.007782199225461292,-1.9732363895023513,9.810348197547478,-0.005141233447077938,0.0014883707732369252,-1.098391384353354,60.06651486181545,Sudden_Lane_Change
2026-03-10 23:57:27.220943,0.003506500035986033,-1.6089051491465596,9.78155243245746,-0.002510060206261465,-0.0022296945151901804,-0.9128674033115786,59.79031925856757,Sudden_Lane_Change
2026-03-10 23:57:27.270943,0.040564096378135434,-1.19399648163644,9.857609900694682,0.021734233479452712,0.010944782234808064,-0.6908466559488521,59.960890408226376,Sudden_Lane_Change
2026-03-10 23:57:27.320943,-0.005305448176977765,-0.8086487496622117,9.79239543521226,-0.003769508528109065,0.007577977888746191,-0.46379777269214995,59.99089953416501,Sudden_Lane_Change
2026-03-10 23:57:27.370943,-0.01944272715320312,-0.43944328003371713,9.799430035862033,-0.013719392728285875,-0.01110588664332247,-0.2477896949992177,59.79150793330259,Sudden_Lane_Change
2026-03-10 23:57:27.420943,0.0282866689288998,-0.006201481937204824,9.80976367403304,0.007834827217698745,0.005643661072501354,0.0017016995648330671,60.08124803982545,Sudden_Lane_Change
2026-03-10 23:57:27.470943,-0.001945010175886924,0.010886252702017395,9.805714215234149,0.0002284809344279697,-0.011262569010699837,-0.006333251654835604,60.01764421837924,Normal_Driving
2026-03-10 23:57:27.520943,0.024464344575921008,0.023574259937126946,9.836887562704984,0.010788158471959637,0.012782253218150918,0.01017927747374147,60.207074460961145,Normal_Driving
2026-03-10 23:57:27.570943,0.00848106147316954,0.02018219654968931,9.83349598543067,0.008786461403078214,0.005722627355239916,-0.0014886445784748244,59.918670333007626,Normal_Driving
2026-03-10 23:57:27.620943,-0.01867149987798116,-0.033599476662225174,9.793023068741384,-0.01149242293792509,-0.01911465173717735,-0.0221762119043058,59.82380899651698,Normal_Driving
2026-03-10 23:57:27.670943,0.0026421462613842074,0.0014960811081102888,9.816592403678392,0.013288904810983864,-0.006867314928051602,0.0037577385740675436,59.992169906804044,Normal_Driving
2026-03-10 23:57:27.720943,0.01828984943055582,0.024051760191054334,9.83031015399706,0.005275131191534269,0.008885464021763323,0.0017889819928549999,60.35797648515208,Normal_Driving
2026-03-10 23:57:27.770943,0.003210413333611371,-7.932747430647313e-05,9.807071166727258,0.0019213903959038286,0.0012217174231468043,0.005438586494281137,60.21213025524179,Normal_Driving
2026-03-10 23:57:27.820943,-0.02153687206809079,-0.007316784860635365,9.804986923402245,-0.003017044146406711,-0.0005200221688853087,-0.008823501819748086,60.23682672336776,Normal_Driving
2026-03-10 23:57:27.870943,-0.011802922511748429,0.005495727222558586,9.792705962490345,-0.006945159488969331,-0.004886912530162419,0.01432465567639867,60.004775724025485,Normal_Driving
2026-03-10 23:57:27.920943,0.023857756152243045,0.03198195358236363,9.825197667255736,0.02445062359531161,0.0019622355545944187,-0.00891559229817768,59.686610437882706,Normal_Driving
2026-03-10 23:57:27.970943,-0.009999974215648109,-0.0019030192337430498,9.823308440040648,0.008764158019089061,-0.0024920244540082535,-0.005201004021389054,60.448972675739036,Normal_Driving
2026-03-10 23:57:28.020943,-0.036762467059074155,-0.020335144174825494,9.799909714389917,-0.012995639268571722,-0.006625550900202016,-0.015231126954423121,60.30040745054624,Normal_Driving
2026-03-10 23:57:28.070943,0.0010764070185250683,0.005431362495786867,9.835550758049026,0.01190218370000499,0.007472608739815524,0.011328876612502928,60.387409750559506,Normal_Driving
2026-03-10 23:57:28.120943,-0.0051619449622758405,0.02090789220469966,9.80430376219772,0.009341572788912445,0.00817270449188597,0.006105841953177335,60.23283899095789,Normal_Driving
2026-03-10 23:57:28.170943,-0.01432893736515194,-0.010208690414006918,9.805696464605587,0.007567201070777868,0.007922648867323273,0.0035700980992745134,59.327982934769196,Normal_Driving
2026-03-10 23:57:28.220943,-0.011531936431833319,-0.031070723910692127,9.810161358483354,-0.021077231531727633,-0.007888037839280392,0.00047158766386477466,60.35455841916244,Normal_Driving
2026-03-10 23:57:28.270943,0.018987085031853014,-0.035556932454449956,9.80593014631917,-0.007197689978521755,-0.00041530387643159744,0.0023895882917405143,60.06509795316822,Normal_Driving
2026-03-10 23:57:28.320943,0.03507186489585109,0.033709871210256565,9.818563929083483,0.005773480768735567,0.01307315302410392,0.00963229415993704,59.818443836216666,Normal_Driving
2026-03-10 23:57:28.370943,-0.01664143763465732,-0.021560487475855962,9.795143686088474,0.010691618002465084,-0.0043251326500094115,0.0006057249999384126,59.402415491377575,Normal_Driving
2026-03-10 23:57:28.420943,-0.02062923372932094,-0.02082444216329689,9.790920752016527,-0.01950577010070245,0.001492102802911028,-0.005726583612666159,60.09090081321737,Normal_Driving
2026-03-10 23:57:28.470943,0.017889729879004963,0.005883561693942248,9.84166927820366,0.01146325725819627,0.008231010340070847,0.010246600675926438,60.44500519553051,Normal_Driving
2026-03-10 23:57:28.520943,-0.008693173867826011,-0.006462312218729126,9.816398487531659,0.018091576939142585,0.0005142745629814407,0.007825587522676163,60.03756413067021,Normal_Driving
2026-03-10 23:57:28.570943,0.013013661687826574,0.004064225554191309,9.818054859182755,-0.0030768296762939754,0.0033993792648097645,0.011345149509668306,59.88038243569799,Normal_Driving
2026-03-10 23:57:28.620943,-0.024297888900878098,-0.03666451605273734,9.776937109489987,-0.007865476246882457,-0.020499615968985835,-0.014335424136815515,60.189460156241964,Normal_Driving
2026-03-10 23:57:28.670943,-0.0022699210434277677,0.014607733854062643,9.818997104602847,0.008901837429849919,0.0027525100717044836,0.011775891585789629,60.0588671527197,Normal_Driving
2026-03-10 23:57:28.720943,0.010112239284371303,0.021246240546301125,9.844369307355935,0.009445259617176328,0.007396350920892225,0.016989311298750025,60.15488284777223,Normal_Driving
2026-03-10 23:57:28.770943,-0.029629143627774104,-0.015051226489473627,9.807811746845818,0.006195284901523962,-0.0017373702142492447,-0.004237831105131934,60.06735824522498,Normal_Driving
2026-03-10 23:57:28.820943,-0.021538075718343756,-0.0024263360358366265,9.777427391013251,-0.005668533435088413,-0.004719402739251464,-0.009957412040259092,59.80451606918039,Normal_Driving
2026-03-10 23:57:28.870943,0.004606136509146429,0.006503196147004156,9.81667893960976,0.001425860231906351,0.002784809795193455,0.0016700388001524126,60.15242529604446,Normal_Driving
2026-03-10 23:57:28.920943,0.0075382383883068095,0.029640043799389903,9.805354875822102,0.006185171215258098,0.005638513382183173,-0.0035406128998856593,60.20383138239523,Normal_Driving
2026-03-10 23:57:28.970943,0.007876661901105175,0.014459835316390685,9.819316442124434,0.008089049299257727,0.0018422762772590017,0.00495334416163355,60.488369546018326,Normal_Driving
2026-03-10 23:57:29.020943,-0.02921854479796112,-0.031818116540258276,9.770807612864058,-0.017110737056079888,-0.021223855991527953,-0.03235923787666224,59.94755893308247,Normal_Driving
2026-03-10 23:57:29.070943,0.009110426324432746,0.032449858115329556,9.825917348775711,0.0018114510228723,0.015215042347453205,0.009120333550964496,59.59037090306107,Normal_Driving
2026-03-10 23:57:29.120943,0.0034557499553944738,0.004536825267558604,9.820437368410317,0.0014841990663987494,0.0010003970269317974,0.004926289773887973,60.2112702824763,Normal_Driving
2026-03-10 23:57:29.170943,-0.0037852489434198576,0.017897542501533706,9.823759640218885,-0.011200067167508453,-0.007680435795015871,0.0044784103041499825,60.14280838180747,Normal_Driving
2026-03-10 23:57:29.220943,-0.020022343539591318,-0.0346262365256491,9.78728278114488,-0.006982728259276772,-0.010378778725381678,-0.0070288895010978914,59.793245352166956,Normal_Driving
2026-03-10 23:57:29.270943,0.014412424968143302,0.00709867340355546,9.807941073162585,-0.0009098509231127523,0.004329056754580094,-0.002798002050857589,60.2032955262185,Normal_Driving
2026-03-10 23:57:29.320943,0.02851296182868434,-0.0060902570573586196,9.821690783751128,0.008227729674545776,0.0014235391200122152,0.011640088326232857,60.27317428367339,Normal_Driving
2026-03-10 23:57:29.370943,0.010291967854877425,-0.0017508625844882037,9.799365975201408,0.008654082920834113,-0.0034599033008527458,-0.013251657528030243,59.743339833706344,Normal_Driving
2026-03-10 23:57:29.420943,-0.02760791996629764,-0.06279969038850927,9.770257051952255,-0.013535237227709732,-0.012987781518954309,-0.021993279894262127,59.8999144979175,Normal_Driving
2026-03-10 23:57:29.470943,0.037722559308791884,0.017832322882233194,9.831671277640433,0.018518624864595608,0.01628133631127445,0.009771007285590775,59.89579606955225,Normal_Driving
2026-03-10 23:57:29.520943,0.011722959379769216,-0.00992338076713151,9.803818945680911,-0.005037849581729344,0.002222950332817364,0.011983532379917124,60.26088147953226,Normal_Driving
2026-03-10 23:57:29.570943,0.010120950179366286,0.01879589469600239,9.823039026619401,-0.004736117350926612,0.004814420925385094,0.0026715133301212506,60.127640191685124,Normal_Driving
2026-03-10 23:57:29.620943,-0.025736338597971958,-0.041275668512720014,9.773233350737843,-0.004398755827184851,-0.020087673649471904,-0.01360112237535745,59.97807107649923,Normal_Driving
2026-03-10 23:57:29.670943,0.01618765259267167,0.012287735505829202,9.8228510201837,0.0076717643477723415,0.003409814894844004,0.00941444615695508,59.78834164288466,Normal_Driving
2026-03-10 23:57:29.720943,0.012425328443701264,0.03373351188855099,9.845941422537871,0.014052015130947334,0.008890137919464894,0.005366871901564492,59.97583010242437,Normal_Driving
2026-03-10 23:57:29.770943,0.007562230588862387,0.0015853667477820008,9.811585167004488,-0.0030233656738253008,0.0019187936412542904,0.002505905909895653,59.8236791687948,Normal_Driving
2026-03-10 23:57:29.820943,-0.01333791083868477,-0.03254703684780056,9.796420275365026,-0.012889387941706213,-0.005513351227889186,-0.013866724809644905,60.432690116291994,Normal_Driving
2026-03-10 23:57:29.870943,0.029456185434073724,0.011328285693025535,9.84211925373663,0.012788009728186122,0.015078960703044503,0.0078863786394224,59.68452578719779,Normal_Driving
2026-03-10 23:57:29.920943,-0.0009973782756924246,0.013271868756788596,9.806896431473966,-0.0013675398532743575,-0.010263186995165622,0.007073211614642387,59.87535808813985,Normal_Driving
2026-03-10 23:57:29.970943,0.014735891974289862,-0.00034894744224228495,9.815113485063002,-0.005069551457661873,0.0036780130008151474,0.012916791130004567,60.12461328680127,Normal_Driving
2026-03-10 23:57:30.020943,-0.03869561620954491,-0.05379128003840362,9.766880058388708,-0.02255391872630106,-0.016911777348613353,-0.017992732551824996,60.338273185626214,Normal_Driving
2026-03-10 23:57:30.070943,0.051904266403134905,0.04804936125851806,9.857014549360704,0.023360657700524666,0.017006298685774694,0.020842125568977354,60.35499728486865,Normal_Driving
2026-03-10 23:57:30.120943,0.007966713406742076,-0.03661928286903648,9.804325842688414,0.0019447358186817374,-0.0007102708078060688,0.002712420971241923,60.02878914508787,Normal_Driving
2026-03-10 23:57:30.170943,-0.0005677506403953397,-0.0036160698273817573,9.8242430845875,-0.006772373107039246,-0.0005075107494420081,-0.009015385118249642,59.76018526503606,Normal_Driving
2026-03-10 23:57:30.220943,-0.015375303818032414,-0.015543146835693949,9.787039941427409,-0.013554271505275007,-0.0013038516571313146,-0.008489313601592255,60.120342270222636,Normal_Driving
2026-03-10 23:57:30.270943,0.023065349613468695,0.015868400732253575,9.825383081304027,0.0014973378083707354,0.005770173459429363,0.0010017691222762356,59.73786484575496,Normal_Driving
2026-03-10 23:57:30.320943,-0.0035382346527389093,0.005175612223289535,9.809418181992529,0.013173365358608661,0.013212383908036755,0.0047385759228244315,60.10174321285356,Normal_Driving
2026-03-10 23:57:30.370943,-0.0011919052667707262,0.0095338216266849,9.806355675210781,0.006380057174666987,0.01905572265639993,0.004441021122958954,60.34732157285744,Normal_Driving
2026-03-10 23:57:30.420943,-0.017217623022723068,-0.04506724040274253,9.770862948238891,-0.01582047725794766,-0.015209653633680239,-0.021642422943022852,60.39313552203134,Normal_Driving
2026-03-10 23:57:30.470943,0.05095273093182645,0.04495186983084771,9.874680185733425,0.015128283199753267,0.01580385581068495,0.03029493187407773,59.87997644752047,Normal_Driving
2026-03-10 23:57:30.520943,-0.0038052694031045393,-0.022180069645342908,9.785774871751627,-0.01106538780617109,0.0011233257982076056,0.0005926600453472312,60.70095315567292,Normal_Driving
2026-03-10 23:57:30.570943,0.01957282022673039,-0.0021658253841981834,9.818648984592842,-0.0007357763404986064,-0.00040431084982906146,0.011654843998715062,59.67166053939992,Normal_Driving
2026-03-10 23:57:30.620943,-0.023411297314838445,-0.0177542329760978,9.781707559641708,-0.008445953765250636,-0.019011129963550498,-0.017451529599786336,59.886387612239425,Normal_Driving
2026-03-10 23:57:30.670943,0.03167225623875984,0.013181075505435841,9.808463878053555,0.006231307672072329,0.0010662465820809146,0.0031590130208284956,60.09648730428055,Normal_Driving
2026-03-10 23:57:30.720943,0.011505630955998533,0.004732742032407664,9.836214880529639,0.009955676938773913,0.008036517579926135,0.00014449525784673584,60.40304124673482,Normal_Driving
2026-03-10 23:57:30.770943,-0.0031745768230377635,-0.01558126692682463,9.815763920523903,-0.00834708545009822,-0.018332305696245367,0.0032418147671371997,60.06966780398511,Normal_Driving
2026-03-10 23:57:30.820943,-0.02882878444163342,-0.03057141140089186,9.790462798167523,-0.015586048668879714,-0.016303799921463816,-0.017452776911826246,60.332742654954735,Normal_Driving
2026-03-10 23:57:30.870943,0.03183389693642655,0.042271109173039216,9.845228039085486,0.019566720060935787,0.025511813224858466,0.020713355431479202,60.191043655341026,Normal_Driving
2026-03-10 23:57:30.920943,0.007545686258033384,-0.0012831072324449057,9.80984682554674,-0.007750369130088933,-0.011353896919374159,-0.0016839123181883243,60.51631099523321,Normal_Driving
2026-03-10 23:57:30.970943,-0.0037875251527113,-0.004938543788657945,9.785635176098847,0.0017677597872743137,0.00558216437845165,0.00712843525223569,60.28953704346862,Normal_Driving
2026-03-10 23:57:31.020943,-0.04347083373180403,-0.02416751036218078,9.771529134523318,-0.017926054534133675,-0.015465203043129545,-0.010093319809656102,60.49430880642118,Normal_Driving
2026-03-10 23:57:31.070943,0.03861693866980736,0.03534174996078641,9.846387822155439,0.02044636618049228,0.019911439702011056,0.016282358247820483,59.75584415500889,Normal_Driving
2026-03-10 23:57:31.120943,0.015361597768435178,0.0032216867647259445,9.814459991655916,0.0019148349345111306,-0.0029017270256178197,0.0010956517270994677,59.88370478263135,Normal_Driving
2026-03-10 23:57:31.170943,-0.002463968544674478,-0.004139090582639541,9.792460425286876,-0.00032461806551268256,-0.016073793518550383,-0.007705433132659641,60.02679525234678,Normal_Driving
2026-03-10 23:57:31.220943,-0.026158738384066446,-0.02870162505612677,9.786785115575652,-0.014055220526412428,-0.008918616106079974,-0.010510347054726846,59.907841882497394,Normal_Driving
2026-03-10 23:57:31.270943,0.016034495811989853,0.04830463541868533,9.819833379512804,0.018301091906822994,-0.0013832856873589802,0.01564152744299768,60.30961737428264,Normal_Driving
2026-03-10 23:57:31.320943,0.0009595428231590165,-0.009190706488302931,9.804298259555079,-0.004196037002820501,0.008636272296463299,0.003770944320814931,59.85024994160872,Normal_Driving
2026-03-10 23:57:31.370943,0.024410695428514543,-0.013868225220296144,9.819905980276408,0.008390840731393748,0.01057058019687934,-0.01139435201010626,60.292075728371486,Normal_Driving
2026-03-10 23:57:31.420943,-0.03412056868895573,-0.06518643491415826,9.770208928538391,-0.017110990069709994,-0.02033565971610549,-0.019297467882910875,59.982887783758876,Normal_Driving
2026-03-10 23:57:31.470943,0.0466301948915431,0.025625682259635074,9.843319865929933,0.026772988577438674,0.019635893400454612,0.015663872104588587,59.85254980031329,Normal_Driving
2026-03-10 23:57:31.520943,-0.003253327115632022,-0.01726097823140251,9.791912974019278,-0.0016372241773351098,-0.0006361457997241401,-0.0030047654109960145,60.42499549039879,Normal_Driving
2026-03-10 23:57:31.570943,-0.010744261355804984,0.010694385626323522,9.835992571768772,0.004804939104143188,-0.018953327198795864,-0.009275728726657568,59.88968733220308,Normal_Driving
2026-03-10 23:57:31.620943,-0.026999671784273475,-0.007946705349412369,9.782282068147666,-0.008808064312199892,-0.0062764688716970465,-0.019948086195813525,60.442372820763794,Normal_Driving
2026-03-10 23:57:31.670943,0.03090380625870768,0.025805563955088668,9.844411056223915,0.008126468784067106,0.009597005236236578,0.004691592899457188,60.37385184926298,Normal_Driving
2026-03-10 23:57:31.720943,0.002386732137917141,-0.006445315733453224,9.811217574438723,-0.0007989994257695926,0.0004784773049555883,0.007823164570730096,59.97841428304615,Normal_Driving
2026-03-10 23:57:31.770943,-0.002910120381926529,0.006997906225289264,9.815042235164213,-0.00498080104055874,-0.005586187778305157,0.003039284304987532,60.245022204688944,Normal_Driving
2026-03-10 23:57:31.820943,-0.03414813961924831,-0.03561830946780046,9.769506151538756,-0.019618428582985275,-0.007654078672376044,-0.031144642166139793,60.500173841424676,Normal_Driving
2026-03-10 23:57:31.870943,0.025219392145054198,0.03125766070045456,9.833730030581407,0.011722744345735878,0.019401846161221804,0.014793092466368413,60.515074225833644,Normal_Driving
2026-03-10 23:57:31.920943,-0.04517468096333051,-0.00952634768966643,9.788845062844691,-0.0037070956925915623,-0.012601907718863868,-0.005668361953706557,60.37364679945928,Normal_Driving
2026-03-10 23:57:31.970943,0.006870474256309613,-0.00899167094776069,9.819774759522748,0.013030369992751473,0.020510773401480782,0.0004906822252021643,60.26163003997322,Normal_Driving
2026-03-10 23:57:32.020943,-0.046201320782538836,-0.05479087715701485,9.783407242849119,-0.014443046667043487,-0.01279158464883065,-0.008348701716577651,60.36398643625736,Normal_Driving
2026-03-10 23:57:32.070943,0.032157215892143425,0.027936509367779062,9.826889007639975,0.006554152288534818,0.022811898466044464,0.004941076297583277,60.696592862166376,Normal_Driving
2026-03-10 23:57:32.120943,0.028674986065869976,-0.003446370514996999,9.823527046228039,-0.004393873523462922,0.003611950851782359,0.013455393444444377,59.69228723790982,Normal_Driving
2026-03-10 23:57:32.170943,0.0016838260814284346,-0.021527074320195655,9.785050237263368,-0.0003580554262732124,0.0020640255174333155,-0.008604978860090958,60.161830216371776,Normal_Driving
2026-03-10 23:57:32.220943,-0.012730865615417999,-0.012551096647407618,9.797941647850335,0.0014672517169393821,-0.004227283507677442,-0.0027425434450918853,60.445586212030676,Normal_Driving
2026-03-10 23:57:32.270943,0.04165883623031556,0.050834877800023895,9.830953729107938,0.0157038593430894,0.018561028006157256,0.013910100912580804,60.2189698626666,Normal_Driving
2026-03-10 23:57:32.320943,-0.008223283868329908,-0.010427492754345496,9.790003571127857,-0.006881123663885639,-0.009902434215843215,0.0058288696815402205,59.68938811693331,Normal_Driving
2026-03-10 23:57:32.370943,0.009394764268050547,0.023021079298584032,9.818026337422502,0.003261280582264721,0.015354907442036787,-0.002699489605057423,60.04506522288354,Normal_Driving
2026-03-10 23:57:32.420943,-0.020583034696628043,-0.03893296257284026,9.786999901790816,-0.020078472163701115,-0.021818229366408384,-0.018315495809302404,60.08772159092811,Normal_Driving
2026-03-10 23:57:32.470943,0.04726936262820457,0.022966915272995134,9.842421734558503,0.024392039207783982,0.010908844998512166,0.006555091923914069,59.909972785888215,Normal_Driving
2026-03-10 23:57:32.520943,0.0012075279356672966,0.002121165641995856,9.811332703720423,-0.0008142302461162099,0.0010414469962575106,-0.0004953392572552741,59.978258282547,Normal_Driving
2026-03-10 23:57:32.570943,-0.014244989307633316,-0.00544005722931473,9.78395134451876,-0.015238809766780598,-0.007655356432001792,-0.015128829731931241,60.15776335515214,Normal_Driving
2026-03-10 23:57:32.620943,-0.005550187324122867,-0.021043031522672027,9.82391516129427,-0.009687274934853978,-0.00842145691593101,-0.004857657605341871,60.24410630763115,Normal_Driving
2026-03-10 23:57:32.670943,0.02761732751478392,0.0203662505685299,9.813967121687533,0.010215034613283292,0.006914712847131476,0.012780109109459977,60.4659436654758,Normal_Driving
2026-03-10 23:57:32.720943,-0.018604752938495762,-0.0024828835129621796,9.826283106441837,-0.004393343771718312,0.014068225849921588,-0.005038952027877429,60.38755402062105,Normal_Driving
2026-03-10 23:57:32.770943,0.006956282527764175,-0.002844282862701865,9.808086037289058,-0.015189207901345798,0.005820191703573532,0.006706746648677429,59.702083340245125,Normal_Driving
2026-03-10 23:57:32.820943,-0.03651659598663472,-0.02221186945301925,9.7701613636211,-0.008324261069401293,-0.013949931772342447,-0.016805377437252918,60.217365396435696,Normal_Driving
2026-03-10 23:57:32.870943,0.03022482528355705,0.026932714363957222,9.854486334241475,0.022344489864153497,0.021106860639388048,0.02505162465953675,59.74932683929592,Normal_Driving
2026-03-10 23:57:32.920943,-0.008472129014630302,0.0007557426250069284,9.802642728730525,-0.0033463532590254203,-0.014944579501309039,0.0007196875735414245,60.46981708384795,Normal_Driving
2026-03-10 23:57:32.970943,-0.004813790180743899,0.0027451620283796135,9.799713547428182,-0.01299192908896368,0.004985670463601935,-0.009758381120427644,59.69694441627105,Normal_Driving
2026-03-10 23:57:33.020943,-0.023636034436811414,0.001419822249836073,9.797468311967638,-0.00581338713931193,-0.01069243270678369,-0.008690491246280905,60.31641662875154,Normal_Driving
2026-03-10 23:57:33.070943,0.016930850107907028,0.007902150704700628,9.831469057695973,-0.002247329988408653,0.010114564645029482,0.00962937945557793,59.79529919738063,Normal_Driving
2026-03-10 23:57:33.120943,0.002228442152931712,-0.004295441091071841,9.821390573322503,-0.004489435257235485,0.005225475224369052,-0.001539431851415566,59.989728151730496,Normal_Driving
2026-03-10 23:57:33.170943,-0.01694721024740116,-0.026092360979224703,9.761890336276023,-0.020754502169243516,-0.00572844595260673,-0.007782361717681157,60.049734158974616,Normal_Driving
2026-03-10 23:57:33.220943,-0.03207582498381201,-0.04008815898905507,9.783883719751303,-0.002360290114082693,-0.011311371431669048,-0.00543677024381495,60.132647991229696,Normal_Driving
2026-03-10 23:57:33.270943,0.0352982329365508,0.030303429997672323,9.849472809576417,0.019550475656261675,0.01592402516356821,0.025815454671019103,60.61761489215309,Normal_Driving
2026-03-10 23:57:33.320943,-0.008413882939161201,0.0035210119687500412,9.798260953848292,-0.01124139108939422,-0.00895710524458828,-0.015054537503932184,59.891802343295986,Normal_Driving
2026-03-10 23:57:33.370943,0.010640728352434944,-0.0016278589373808826,9.828401084794443,-0.0005688839315819808,-0.0033659968240678886,0.0058726036868902735,60.16825082958312,Normal_Driving
2026-03-10 23:57:33.420943,-0.020258302410837137,-0.0028410300331466604,9.77967300410074,-0.019328303081430125,-0.015189409334773502,-0.01765424873165581,60.35962932816729,Normal_Driving
2026-03-10 23:57:33.470943,0.0359820693063198,0.04936588656492151,9.839725145917628,0.011847628605850574,-0.0009334772346820831,0.017192023716831952,59.68521119762315,Normal_Driving
2026-03-10 23:57:33.520943,-0.0014497551068874803,0.01399418128495517,9.795900721322296,0.001511784018958877,0.008258297847109266,0.0030401599068106697,60.0785882278239,Normal_Driving
2026-03-10 23:57:33.570943,-0.027659770559866067,-0.060312957895049146,9.77045449407526,-0.010190621275038789,-0.012476537904156232,-0.008918704869755472,59.80945262222853,Normal_Driving
2026-03-10 23:57:33.620943,-0.016751253757160176,0.00520301105894184,9.793332657155176,-0.0021502170936529745,0.0032531527278456766,1.1801388252757504e-05,59.55885404214581,Normal_Driving
2026-03-10 23:57:33.670943,0.01980891787011481,0.01343404567627423,9.828227803486978,0.013943229729462985,0.010222023314701746,0.006523714398465629,59.94360656677364,Normal_Driving
2026-03-10 23:57:33.720943,-0.015399976521442826,-0.026259423337944003,9.824789376238707,0.005383208974674369,0.002930038009946223,-0.005706919487722392,59.95920204885763,Normal_Driving
2026-03-10 23:57:33.770943,-0.022706604452388413,-0.01053838583723778,9.815570331011347,0.004405122901320309,-0.010303712414727252,0.004144789144695564,60.22948498281095,Normal_Driving
2026-03-10 23:57:33.820943,-0.037882102612876195,-0.013113276282167356,9.795177807674326,-0.006683676795433387,-0.018957136816521995,-0.0060984114543312295,60.242345401767686,Normal_Driving
2026-03-10 23:57:33.870943,0.05358686335684443,0.02866110978425509,9.852975464569228,0.01739635574824749,0.009877604590380498,0.018429962315098004,59.94423281494719,Normal_Driving
2026-03-10 23:57:33.920943,0.00032279369987966294,-0.01271929656890772,9.806080251786536,-0.009917589923211529,0.0021410935047323984,-0.005303218388928253,60.194121342720635,Normal_Driving
2026-03-10 23:57:33.970943,-0.00891025757422346,-0.009667196070369134,9.793360981763485,-0.011492402310138879,-0.0049163472737949535,-0.007059015371828033,59.8072688660011,Normal_Driving
2026-03-10 23:57:34.020943,0.017454496274769814,-0.01880933278815749,9.808063275656872,-0.004612503280341527,0.007968442999629153,0.0025737774467464772,60.01166214930089,Normal_Driving
2026-03-10 23:57:34.070943,0.00870504091508792,0.008167459279807988,9.829177119561889,0.009113386434539733,0.0011517036603283506,0.003215435294246156,59.499051719678704,Normal_Driving
2026-03-10 23:57:34.120943,-0.021926646751400387,0.013248849643839097,9.80658036770015,0.0034503461464084053,0.004165893998726555,-0.000994831284356362,60.053835799589336,Normal_Driving
2026-03-10 23:57:34.170943,-0.01066431706958968,-0.026040296608292664,9.756406012287396,-0.012552856625685529,-0.01512281495604675,-0.014401409615857175,59.94691872049839,Normal_Driving
2026-03-10 23:57:34.220943,-0.005163661987976452,-0.051715569012301496,9.79506968993518,-0.012924964562188408,-0.007595636344794482,-0.007980186427365053,60.38812636631881,Normal_Driving
2026-03-10 23:57:34.270943,0.03941559229135108,0.020909185692392782,9.837398447121906,0.007700170865136469,0.025788965381142635,0.01135268294475687,60.186469706956956,Normal_Driving
2026-03-10 23:57:34.320943,-0.0143191532008207,-0.04022224922696244,9.7902449312347,-0.01316854489149154,-0.010133194792802353,0.007166811043091357,60.52523134393425,Normal_Driving
2026-03-10 23:57:34.370943,-0.0071625833909897295,0.006479834771526732,9.806515685175905,-0.002680273649362579,-0.004326382935978554,-0.010775305843877474,59.645596605135765,Normal_Driving
2026-03-10 23:57:34.420943,-0.00967638530466342,-0.018377390225964928,9.807318949189648,0.004523069047626174,-0.002178106964274294,0.0002837666637329839,60.637983567141596,Normal_Driving
2026-03-10 23:57:34.470943,0.03706593350209914,0.00586959453565338,9.811965541165367,0.00917070714615675,0.017396532310154436,0.007314682812460244,59.93551971009457,Normal_Driving
2026-03-10 23:57:34.520943,0.006181256820165433,0.014491860989501872,9.81225837368069,0.006613358057823331,0.00019150607428937557,-0.00447616830128856,60.36419638538898,Normal_Driving
2026-03-10 23:57:34.570943,-0.03904639225215703,-0.04621059419518877,9.76788269920199,-0.017905233970055993,-0.016384418605924878,-0.008859678735757829,59.73709672134938,Normal_Driving
2026-03-10 23:57:34.620943,0.004426797550717681,0.006454026644920942,9.824122415296978,0.010638588840020526,-0.004736639958544169,0.007699215868438892,60.1741635603745,Normal_Driving
2026-03-10 23:57:34.670943,0.037289155179128355,0.02502951924892323,9.848310378052517,0.012610236100981331,0.0077204530932606045,0.011371520752321139,60.22195120078054,Normal_Driving
2026-03-10 23:57:34.720943,0.005897088953590997,-0.012916818280525353,9.785834889364603,-0.003439211026067155,-0.0027145311301331678,0.0007807536994119484,59.90502631446305,Normal_Driving
2026-03-10 23:57:34.770943,-0.018560327112557354,-0.010427372135060812,9.792293841964637,-0.005275968075468108,-0.009282064050455317,-0.0015752336324323713,59.78214805650097,Normal_Driving
2026-03-10 23:57:34.820943,-0.02859691432742549,-0.009825418591861522,9.809690807718852,-0.012320034289627455,-0.011240558404892633,-0.005611786441828704,60.27840274678766,Normal_Driving
2026-03-10 23:57:34.870943,0.03613826820144228,0.03317169623430341,9.846206020899205,0.025641936562451673,0.018097314537053093,0.011141205884211776,60.13857661515414,Normal_Driving
2026-03-10 23:57:34.920943,0.005310687996691056,-0.010630585584682661,9.786302928522762,0.003286875408064282,-0.004638352317401311,-0.0001247752198824551,60.13857661515414,Sudden_Acceleration
2026-03-10 23:57:34.970943,0.21265634488925084,-0.007401350069525511,9.815059500996874,0.0037520694244492113,-0.030542155994549583,-0.0030490829670364056,60.1744382354061,Sudden_Acceleration
2026-03-10 23:57:35.020943,0.4213832124357925,0.0037666302120570377,9.81001246965309,0.015410502048979926,-0.09014432240554052,0.009738356828713775,60.24600130920843,Sudden_Acceleration
2026-03-10 23:57:35.070943,0.55878546955092,-0.03479224058634768,9.772476781881009,-0.02457818961639268,-0.13251531459477234,-0.0072577306981856035,60.35294621850133,Sudden_Acceleration
2026-03-10 23:57:35.120943,0.7987931820102736,0.03166452422285292,9.80651778003865,0.00655082761630304,-0.14891416937858823,0.002779340633844303,60.49479532135862,Sudden_Acceleration
2026-03-10 23:57:35.170943,0.9855558532478634,0.02730037042932929,9.825182678039791,0.009998053767106167,-0.19383905227862605,0.01130556968867111,60.67091508525255,Sudden_Acceleration
2026-03-10 23:57:35.220943,1.171536907633087,-0.019502607037270376,9.804914498107763,0.008810688074006761,-0.2297501706257633,-0.00889466783522478,60.88051891656386,Sudden_Acceleration
2026-03-10 23:57:35.270943,1.3161012400971661,-0.015783858938467135,9.787996680113409,-0.022716334972899606,-0.2763533667346163,-0.02341774621923322,61.12267067369979,Sudden_Acceleration
2026-03-10 23:57:35.320943,1.5398650992742746,0.0026801586013855397,9.82907767427334,-0.0015724436789872893,-0.29751617232966227,-0.0009391825256397268,61.39628884812974,Sudden_Acceleration
2026-03-10 23:57:35.370943,1.6992165200604246,0.014125895919086796,9.837061377017108,0.0037688379810754584,-0.3420230152659828,-0.00073218992667808,61.7001513946649,Sudden_Acceleration
2026-03-10 23:57:35.420943,1.8485805848349854,0.002386171638565371,9.833840303462477,-0.0003721238988520772,-0.3691890655977889,0.0064612091255046395,62.03290118940867,Sudden_Acceleration
2026-03-10 23:57:35.470943,1.9644200114324162,-0.04034046822117871,9.792250772039079,-0.019912897431603637,-0.43009581878801123,-0.02374018322193019,62.393052091001486,Sudden_Acceleration
2026-03-10 23:57:35.520943,2.1854454094176297,0.026772902384842274,9.83819059136702,0.01780199807473925,-0.41016726802578096,0.01875879071194139,62.77899557808888,Sudden_Acceleration
2026-03-10 23:57:35.570943,2.287550622632252,-0.004876028934805437,9.79398831281744,0.008884837623625765,-0.45559361877042714,-0.00019201999717584567,63.1890079333683,Sudden_Acceleration
2026-03-10 23:57:35.620943,2.3896893772128434,-0.015104200819731935,9.811856120808724,-0.0013314832830648008,-0.48331705297392547,-0.003439348927692196,63.62125794212908,Sudden_Acceleration
2026-03-10 23:57:35.670943,2.4943779236875074,-0.02159263017451222,9.82347014452675,-0.01084527714018884,-0.5206920400418621,-0.012756399346659876,64.07381507090177,Sudden_Acceleration
2026-03-10 23:57:35.720943,2.6180720463386824,0.027559685248698444,9.823757619125052,0.009181927599546884,-0.5230814516906473,0.0072775869662466495,64.54465808968939,Sudden_Acceleration
2026-03-10 23:57:35.770943,2.712804746058013,0.017390030466802858,9.808577616115546,0.010592692299229243,-0.5383531577554128,0.0047469948982991565,65.03168409927115,Sudden_Acceleration
2026-03-10 23:57:35.820943,2.770539996205882,0.01695907021190169,9.819902052755262,0.00867785972833597,-0.5564725998406664,0.0021168966800768794,65.53271792326088,Sudden_Acceleration
2026-03-10 23:57:35.870943,2.811297787948874,-0.024030582595324375,9.767451369812147,-0.024568036925562198,-0.5900426942445813,-0.018137497172763452,66.04552182297282,Sudden_Acceleration
2026-03-10 23:57:35.920943,2.9205665340975058,0.02302546431866297,9.848333975273585,0.017804071803366996,-0.5625665569678587,0.02888773145746869,66.56780549170584,Sudden_Acceleration
2026-03-10 23:57:35.970943,2.925494568860894,-0.007913431768171157,9.808945094676984,-0.00035968567112695544,-0.5922522506330165,-0.006049762688516326,67.09723628380908,Sudden_Acceleration
2026-03-10 23:57:36.020943,2.9741152867497704,0.032282829287825165,9.812583747172463,6.5612751256082565e-06,-0.5960828922814947,0.006113343986841824,67.63144963284374,Sudden_Acceleration
2026-03-10 23:57:36.070943,2.942180590156548,-0.0013021257194283792,9.789377023408518,-0.008774044372452893,-0.6075161249111152,-0.01602279461988523,68.16805961231074,Sudden_Acceleration
2026-03-10 23:57:36.120943,3.022681631097726,0.01991443725480672,9.837139029447123,0.003526572354220897,-0.5676236440563309,0.010461393375049043,68.70466959177774,Sudden_Acceleration
2026-03-10 23:57:36.170943,2.980903420311002,0.014069043155173329,9.813450196531273,0.005226520507371973,-0.5850956763834925,0.006141716727078814,69.23888294081239,Sudden_Acceleration
2026-03-10 23:57:36.220943,2.920170478737541,-0.006489703672572568,9.80017286862691,0.007374433407316127,-0.5823435918886403,0.005449387634747883,69.76831373291563,Sudden_Acceleration
2026-03-10 23:57:36.270943,2.8695926813889603,-0.00633758103074069,9.780778316116125,-0.005356595317840617,-0.5959411868080384,-0.015348909031054347,70.29059740164865,Sudden_Acceleration
2026-03-10 23:57:36.320943,2.90647009116087,0.038716327228466324,9.86902456990649,0.01836698005895995,-0.5506535241352453,0.026472504652729337,70.80340130136061,Sudden_Acceleration
2026-03-10 23:57:36.370943,2.786843661409279,-0.01662124919779054,9.795528741025404,-0.008700273149033166,-0.5604415598271929,-0.004244677020545875,71.30443512535032,Sudden_Acceleration
2026-03-10 23:57:36.420943,2.6982504354082235,0.005580906695346936,9.813894169520442,-0.002113304573902924,-0.5443878493065766,-0.00035959126384427047,71.79146113493208,Sudden_Acceleration
2026-03-10 23:57:36.470943,2.588231640456796,-0.032771373129867575,9.78634643377318,-0.014755694988332771,-0.5351542958152885,-0.01738227312958341,72.2623041537197,Sudden_Acceleration
2026-03-10 23:57:36.520943,2.5473781216260516,0.042517251276601165,9.845526903466334,0.023294538476748658,-0.48659655528541534,0.010452230175236511,72.7148612824924,Sudden_Acceleration
2026-03-10 23:57:36.570943,2.4183848745262337,-0.023405522460274282,9.830029189672393,0.004803354756440209,-0.47781808631114336,0.0059985641912423575,73.14711129125317,Sudden_Acceleration
2026-03-10 23:57:36.620943,2.235921251372885,-0.03309203604510842,9.790127991600366,0.002309349973289322,-0.45940327199862896,-0.013031793191943277,73.5571236465326,Sudden_Acceleration
2026-03-10 23:57:36.670943,2.1264308857739835,-0.00305138117217002,9.78370720011837,0.0029338541002745487,-0.4372241456967842,-0.008611311050879599,73.94306713361999,Sudden_Acceleration
2026-03-10 23:57:36.720943,2.03829507572301,0.0242620368590925,9.842960672316224,-0.0007093240294402704,-0.3814333795676319,0.01562067382499199,74.30321803521281,Sudden_Acceleration
2026-03-10 23:57:36.770943,1.8420694223960086,0.014797590132977573,9.781532838245992,0.0009115780377018786,-0.3818558997226587,-0.0033531413386502164,74.63596782995657,Sudden_Acceleration
2026-03-10 23:57:36.820943,1.674258088250669,-0.02547666530249266,9.81405930615659,-0.004063678843556175,-0.34541001465676324,0.002176150442649636,74.93983037649173,Sudden_Acceleration
2026-03-10 23:57:36.870943,1.515288162607591,-0.013903073221561042,9.809696296228363,-0.009983966171575643,-0.31164713404170774,-0.008489138855850653,75.21344855092168,Sudden_Acceleration
2026-03-10 23:57:36.920943,1.3684411113455643,0.010965854321776079,9.830046489762845,0.013652835824241996,-0.2640377416653264,0.004335159872540111,75.45560030805761,Sudden_Acceleration
2026-03-10 23:57:36.970943,1.184442419845826,0.001378135472671523,9.80660097799254,0.015911628469443086,-0.2323096627763073,-0.0045884510234064,75.66520413936891,Sudden_Acceleration
2026-03-10 23:57:37.020943,0.9457599051094897,-0.01658785917606885,9.790714168207113,-0.013017791398594087,-0.20526171839941657,-0.02132159821081256,75.84132390326285,Sudden_Acceleration
2026-03-10 23:57:37.070943,0.7856743306015286,0.007160813605880251,9.816912401259147,0.002572775032970328,-0.16055488816633504,0.0012395616287640986,75.98317300612014,Sudden_Acceleration
2026-03-10 23:57:37.120943,0.6088847102815963,0.025814000922037766,9.83404604671013,0.015223035498662557,-0.1099603418406499,0.013707467356818433,76.09011791541305,Sudden_Acceleration
2026-03-10 23:57:37.170943,0.39828453537986536,0.004994493937764933,9.821050028956815,-0.004559163439043028,-0.08057365046241634,0.004198179783546068,76.16168098921537,Sudden_Acceleration
2026-03-10 23:57:37.220943,0.18640166327644161,0.00022634927573370045,9.79825535774682,-0.004711300379610486,-0.04230419659405118,-0.011724779691551286,76.19754260946732,Sudden_Acceleration
2026-03-10 23:57:37.270943,0.00971208572541837,-0.005424649453193064,9.825990600154217,-0.0050921551880407315,0.001706126388812332,-0.006642925511489358,76.19754260946732,Sudden_Acceleration
2026-03-10 23:57:37.320943,-0.0033409202377370326,0.016016912920764168,9.818820005024909,0.005921535781044923,-0.0057934179566665805,0.0066572389890761224,76.32093835127947,Normal_Driving
2026-03-10 23:57:37.370943,0.015571863603554427,0.001997798818295364,9.807683249053246,0.003357512941551856,-0.00031082197742586526,0.009364046613275695,76.26821717931819,Normal_Driving
2026-03-10 23:57:37.420943,0.013507052547741198,-0.0015072369281207906,9.815201964304702,0.0006713014035976805,0.003737335081990597,0.011839593768781607,76.3358863118401,Normal_Driving
2026-03-10 23:57:37.470943,-0.03360836873200104,-0.021108298868023165,9.76464337491791,-0.002833336970609869,-0.020147978284118954,-0.015246124626755203,76.00962550995463,Normal_Driving
2026-03-10 23:57:37.520943,-0.02153620448965347,0.008248297594664038,9.824537152875227,-0.009874815660092955,0.013423770877838151,0.007123028872136864,76.45593148327991,Normal_Driving
2026-03-10 23:57:37.570943,0.004012242358679299,0.010754930235390784,9.826852174084765,0.021892703377685174,0.019633542490932854,-0.008962559364345727,76.65594544858132,Normal_Driving
2026-03-10 23:57:37.620943,0.003788407447864647,-0.0035372442495622213,9.80584931844544,-0.006319398879402855,-0.00175890990895294,-0.0052725098501263355,76.09779922472539,Normal_Driving
2026-03-10 23:57:37.670943,-0.019337097180447627,-0.02751943694752413,9.787498117738057,0.0029303712585718985,-0.004503058058731416,-0.0066672180105871994,75.736998951636,Normal_Driving
2026-03-10 23:57:37.720943,-0.0005828420142017757,0.004860523115360212,9.78272755478151,-0.0101621990779014,-0.004728449798460773,-0.0026162640186603334,76.19631740746742,Normal_Driving
2026-03-10 23:57:37.770943,0.03851136690485312,0.022507511210743916,9.831751811963846,0.008861385279708877,0.014387914724698742,0.005963191270575213,76.40124054296402,Normal_Driving
2026-03-10 23:57:37.820943,0.013760614722168234,-0.003054002792334653,9.80436999886899,-0.004882127964316196,0.00720619407964616,0.006964336379989727,76.4159596583259,Normal_Driving
2026-03-10 23:57:37.870943,-0.03346837783618201,-0.022632515931268665,9.785663900972459,-0.018947850973981092,-0.009796941170854521,-0.023036826472953822,75.94265777021197,Normal_Driving
2026-03-10 23:57:37.920943,0.01715366882390844,0.01732899252350434,9.801678260204708,0.014691340335522884,0.012637199544320285,0.014080475053405636,76.2768226229248,Normal_Driving
2026-03-10 23:57:37.970943,0.014739202392824025,0.019690914788422602,9.818121042786451,-0.009297820189057974,0.005298237640203284,0.0012084524879524819,75.57453227717589,Normal_Driving
2026-03-10 23:57:38.020943,-0.015782353819341025,0.02628155527887533,9.815231774558695,0.001780179020793958,0.011085002268979514,-0.011441568605332592,76.37467821789794,Normal_Driving
2026-03-10 23:57:38.070943,-0.030038405892411066,-0.02651710959582919,9.792669734603683,-0.015166791894750443,-0.014214835687268912,-0.012857085714056585,76.26508505362682,Normal_Driving
2026-03-10 23:57:38.120943,0.010666670721383362,0.003659457353642658,9.810631263440504,0.0077778831794402216,0.006031871358907695,0.0015427595298033692,76.39814919690777,Normal_Driving
2026-03-10 23:57:38.170943,0.0300058109126633,0.029554326690925392,9.80832844578182,0.005101678493019954,0.011289895009406909,0.014748432107033173,76.64666149945269,Normal_Driving
2026-03-10 23:57:38.220943,0.013088264791271039,-0.021688547076560497,9.808096764387418,0.004591880252798635,-0.0010432689075797802,-0.0016490175379239283,76.03213018155326,Normal_Driving
2026-03-10 23:57:38.270943,-0.03929163067914621,-0.011896993388593975,9.793202574992923,-0.024545343499538585,-0.016714019787804856,-0.017620189712726442,76.18420187437302,Normal_Driving
2026-03-10 23:57:38.320943,0.012786958113221556,0.022220243399757752,9.838420916201247,-0.00044380104330667483,0.014652907394006074,0.018107987011892306,75.5730080627294,Normal_Driving
2026-03-10 23:57:38.370943,-0.002433221252846072,-0.006123690014165877,9.809574160173478,-4.3753858790333605e-05,-0.00041777657758692134,0.00744329525598143,76.20584448065716,Normal_Driving
2026-03-10 23:57:38.420943,0.0026068285172355984,0.03788243998107527,9.792407984751087,0.005066468800897499,0.0069090174442615285,-0.0051746553226894015,76.23029837532371,Normal_Driving
2026-03-10 23:57:38.470943,-0.007281686845330728,-0.039140415894397824,9.790568201840127,-0.013843255538784002,-0.0023437418606421807,-0.012470057938738148,76.48349258214832,Normal_Driving
2026-03-10 23:57:38.520943,0.01351767762362259,0.012320376139723796,9.81335182091248,0.009424302845439339,-0.0007765873874337496,0.0034850524506252244,76.23157135992297,Normal_Driving
2026-03-10 23:57:38.570943,0.01518284297904771,0.01833355582277469,9.83877896301529,0.005165022222840954,0.006775508292985644,0.0021412254036070368,76.66572174348806,Normal_Driving
2026-03-10 23:57:38.620943,0.01023473316055069,-0.007207709482040356,9.777052739926097,-0.004023452157602556,0.0018430467740969889,-0.010666188316980234,76.09228282169599,Normal_Driving
2026-03-10 23:57:38.670943,-0.025546656324190134,-0.02038863036663322,9.77589409076877,-0.01019589788274049,-0.0035163161263006273,-0.011957400264395516,76.45389053491665,Normal_Driving
2026-03-10 23:57:38.720943,0.013165691339507238,0.0222205569433538,9.834106344888959,0.0019747773592962477,0.008538896179286638,0.007277296565067705,76.00169321425261,Normal_Driving
2026-03-10 23:57:38.770943,0.001912240348579647,0.008812052288270953,9.790895060542349,0.00016779671943820628,-0.003634469126535383,-0.001958477889224589,75.83183563372607,Normal_Driving
2026-03-10 23:57:38.820943,-0.006090676010920769,0.014913758846558305,9.819874957147984,0.010753078724062125,0.006997898444212017,-0.0024932217201346406,76.44971938271371,Normal_Driving
2026-03-10 23:57:38.870943,-0.03600983359606448,-0.03584965467327349,9.7520921563646,-0.02174665726299181,-0.016927664836278594,-0.020310563965589445,76.41423394450554,Normal_Driving
2026-03-10 23:57:38.920943,0.01018241995541613,0.020540582655753172,9.832368260186938,0.011415289343769279,0.019873776322669512,0.017735565820932782,75.49438128374489,Normal_Driving
2026-03-10 23:57:38.970943,0.009127870556636119,-0.007420157850401194,9.817409402510673,0.010685621017839066,0.006300010806305878,0.00018792329093642902,75.97191826717008,Normal_Driving
2026-03-10 23:57:39.020943,-0.0011842393048711447,-0.007897731273021832,9.803534764307864,0.006199313409975641,0.0005420272875252194,-0.005649473675770021,76.50601103197573,Normal_Driving
2026-03-10 23:57:39.070943,-0.022590792673885994,-0.012822632474784263,9.797834142623644,-0.0028823835912056032,-0.012355448830021782,-0.016288840413637807,76.22673556530403,Normal_Driving
2026-03-10 23:57:39.120943,0.01517583926482755,0.02089502348274797,9.835145274877606,-0.0033664771900839534,-0.0010481942846895173,0.00812811625702396,76.16384032246428,Normal_Driving
2026-03-10 23:57:39.170943,-0.003125934073355848,0.018403834813356786,9.795643261930365,0.012002776019519695,0.004290256732470979,0.004548020010938886,76.69063830796544,Normal_Driving
2026-03-10 23:57:39.220943,0.015843142271702644,-0.006895213754703669,9.823220448234082,-0.0014646238712126732,0.008088947578693618,0.0031258036455767803,76.48045089429293,Normal_Driving
2026-03-10 23:57:39.270943,-0.029143069608885228,-0.03731969196628063,9.76173637567673,-0.021696564559676446,-0.017092106429733862,-0.019680973470376832,75.86485973260015,Normal_Driving
2026-03-10 23:57:39.320943,0.0439307971102738,0.03387295949589075,9.858125221868269,0.02371062943758125,0.016238959612485206,0.025824332466165792,75.8865129817647,Normal_Driving
2026-03-10 23:57:39.370943,0.007161591250869263,0.011208963880549217,9.804234473561507,0.0015741046158033595,-0.005887704570591559,-0.0016571051748400338,76.03918899533286,Normal_Driving
2026-03-10 23:57:39.420943,0.009632244312177747,-0.009032158209023717,9.814660387189551,0.00431063345244791,0.0036832142250962548,0.006754706268130885,76.45740776904199,Normal_Driving
2026-03-10 23:57:39.470943,-0.03761081177838532,-0.03406679620377691,9.809332740277396,-0.009118004864915282,-0.01974841887276102,-0.013070889632726282,76.45381592672435,Normal_Driving
2026-03-10 23:57:39.520943,0.026677797377671775,0.03216357584416038,9.830007519008861,0.005483776186718061,0.01717828066793635,0.007838217590743077,76.2707709322954,Normal_Driving
2026-03-10 23:57:39.570943,0.005401167378907046,0.017257630627725697,9.81722484286994,0.013882939556929857,0.002468105588980752,0.004888718248933394,76.38165025420858,Normal_Driving
2026-03-10 23:57:39.620943,-0.013834199092368545,-0.009964122164776369,9.82559137913999,-0.0037068316080682397,0.003743174524122987,-0.00598855337392009,76.09778383795111,Normal_Driving
2026-03-10 23:57:39.670943,-0.016818293216532755,-0.052662887302505915,9.779384399355596,-0.009747781280997668,-0.00440043953680018,-0.0271349977195574,75.74637722690603,Normal_Driving
2026-03-10 23:57:39.720943,0.022295882573620016,0.027822302141206963,9.83692103360874,0.023746583106131976,0.018757168162803504,0.01561821285999417,76.33087299122954,Normal_Driving
2026-03-10 23:57:39.770943,-0.005165589123700919,-0.018944270210800297,9.793346801304942,-0.006956434822683698,0.0016179344438096103,-0.0019547916394948303,76.20868150601967,Normal_Driving
2026-03-10 23:57:39.820943,0.004910693740982497,0.011418741590917466,9.81117466666353,0.0011895421021385398,0.010140514985425383,0.002183720000421812,76.05482586382865,Normal_Driving
2026-03-10 23:57:39.870943,-0.03057520556438928,-0.02469302004227541,9.77488915008728,-0.023033089256094555,-0.017322809614741363,-0.022789460343222573,75.65830621816636,Normal_Driving
2026-03-10 23:57:39.920943,0.032717192976575736,0.018402303970105022,9.832821425955814,0.012942869319517271,0.020776975512151432,0.0060145019049927875,76.77064879310565,Normal_Driving
2026-03-10 23:57:39.970943,-0.00144364820757848,-0.004458338800728494,9.812186587954148,0.00021800963541993967,0.001954692521244531,-0.010658311495171874,76.01538694963384,Normal_Driving
2026-03-10 23:57:40.020943,-0.004876887796103461,-0.01356706921019776,9.821403575838573,0.0013077080863594598,-0.006611744366246843,-0.0041416097908372265,75.77042560925857,Normal_Driving
2026-03-10 23:57:40.070943,-0.02483811886408094,-0.028721529948638587,9.778635132562407,-0.006321411529272623,-0.011962362006043253,-0.0209104862091858,75.75626724905531,Normal_Driving
2026-03-10 23:57:40.120943,0.031014403480218167,0.03826872818091239,9.83121539881121,0.01654208507049755,0.011813236271364677,0.0015153579689382666,75.9326640241568,Normal_Driving
2026-03-10 23:57:40.170943,-0.00029713642735241554,-0.011622136952646646,9.805905773182253,-0.004944213665199536,0.006270109526986121,-0.00739738038620976,76.6245462343781,Normal_Driving
2026-03-10 23:57:40.220943,0.026529324744323006,0.00672103497749095,9.802981960393572,0.0013014480278830285,-0.0029635742910312504,7.631796739883227e-05,76.21083212537218,Normal_Driving
2026-03-10 23:57:40.270943,-0.031660426232078764,-0.03284910174629338,9.776756785262366,-0.018401896111059194,-0.02394999941657305,-0.025591038400167226,75.39047651130458,Normal_Driving
2026-03-10 23:57:40.320943,0.013547060556092849,0.040567701792760355,9.868645354431159,0.021033304131225516,0.02247491206575216,0.019266532326945113,75.77160005563142,Normal_Driving
2026-03-10 23:57:40.370943,-0.020465408570829655,0.014858218680527332,9.803418728065832,0.006061970240716159,0.0052765084140360945,0.006324253524674096,76.14256891967786,Normal_Driving
2026-03-10 23:57:40.420943,0.002067802578888886,-0.011821085947268693,9.796620775228998,-0.019969905103216525,-0.0054522283854014225,-0.00940517498889747,76.34564657044601,Normal_Driving
2026-03-10 23:57:40.470943,-0.027199145536888195,-0.024778205572348163,9.7869131886726,-0.014007803674558165,-0.014224239550925333,-0.007681835164540492,75.85586536560638,Normal_Driving
2026-03-10 23:57:40.520943,0.026687231022060044,0.03141515775999101,9.81659401972674,0.012643156328692609,0.012722827496865175,0.014473122916225736,76.34822295052797,Normal_Driving
2026-03-10 23:57:40.570943,0.00918308387656043,0.02906932421409854,9.815844157897237,0.007034383834989411,-0.0029607092018248773,-0.0049348541697986185,76.37729851832127,Normal_Driving
2026-03-10 23:57:40.620943,0.0013896019529318886,-0.0017027766212536146,9.80222764751752,-0.010516813279494485,-0.006848729187312552,-0.002007731131170506,75.9954016252636,Normal_Driving
2026-03-10 23:57:40.670943,-0.034565255441761075,-0.038976144483464446,9.793590526243264,-0.012570882078578595,-0.016682994122644047,-0.015391739637694676,76.29996571060806,Normal_Driving
2026-03-10 23:57:40.720943,0.04417427861972266,0.05449563656870966,9.840406568746534,0.017038398633530537,0.02364673070160207,0.025020223561509458,75.97744935194727,Normal_Driving
2026-03-10 23:57:40.770943,-0.005603757755186066,-0.003592772341582527,9.814465516029822,-0.014547328638437083,-0.005620101097889887,-0.011664726649603375,75.87864005358371,Normal_Driving
2026-03-10 23:57:40.820943,-0.02065936238377879,-0.030528360969799394,9.820832765680121,0.003242747796192998,0.002320318828561162,0.003976345695749849,75.91342824613135,Normal_Driving
2026-03-10 23:57:40.870943,-0.026835333857687167,-0.006458730205315321,9.764367125827434,-0.011075256339262061,-0.015140158491199256,-0.011673768154421112,76.3628457107264,Normal_Driving
2026-03-10 23:57:40.920943,0.030822568954673044,0.038938695486527515,9.829089221833927,0.00972714376548336,0.011571408799784353,0.011131989264664691,76.18813083525374,Normal_Driving
2026-03-10 23:57:40.970943,0.006429310808955504,0.01125499288675431,9.820598153901189,0.008455236290148322,0.001984067701490594,0.0038675845038309968,76.36371566162171,Normal_Driving
2026-03-10 23:57:41.020943,-0.0024060377531034873,-0.022097871376781472,9.799229332738596,-0.0074649958232076005,-0.005437089522946218,-0.010026816108399287,76.05622126726396,Normal_Driving
2026-03-10 23:57:41.070943,-0.043299683639592856,-0.013223991075601155,9.79155378384566,-0.0019617961775843804,-0.004644333345100067,-0.008338769233469968,76.09341220957543,Normal_Driving
2026-03-10 23:57:41.120943,0.03694773008399017,0.05026846964611229,9.830448709009982,0.011468376923818607,0.010935847334655514,0.01614492384418564,76.51633919155933,Normal_Driving
2026-03-10 23:57:41.170943,-0.015398937226651784,-0.010438109597638853,9.80790275324308,0.006399268813043035,-0.0010023752834699747,-0.017024312051768006,75.94876193338517,Normal_Driving
2026-03-10 23:57:41.220943,0.005550173692752269,-0.007005584319126621,9.812099229367133,0.0012143904433936873,-0.004942798753337229,0.0023585780498053366,76.4218312548782,Normal_Driving
2026-03-10 23:57:41.270943,-0.04338172913243933,-0.027006916590318952,9.771177878429608,-0.007101640363718496,-0.014585299900638438,-0.01166937024840733,76.33685165456336,Normal_Driving
2026-03-10 23:57:41.320943,0.034777327664798435,0.03137892319206822,9.843417800168654,0.016015376699194676,0.009499118219538971,0.014675234406703987,75.79095626388133,Normal_Driving
2026-03-10 23:57:41.370943,-0.00803560836982872,-0.006096549508142758,9.798855215813182,0.0033697965159330185,0.007314609661778397,-0.010825619965811755,76.25150226392387,Normal_Driving
2026-03-10 23:57:41.420943,-0.027856200703127974,-0.014169712840408792,9.794361753732957,-0.010263579265699464,-0.006766702877079707,-0.0018685381711165995,75.79393228998782,Normal_Driving
2026-03-10 23:57:41.470943,-0.023538047359435627,-0.0213550773581059,9.809665752158695,-0.00026788258256931386,-0.013377798591712821,0.0034242474476835786,75.95249727309717,Normal_Driving
2026-03-10 23:57:41.520943,0.027100741264129473,0.014428799000737735,9.816355587816707,0.004281234984413617,0.005383958682422293,0.01102437338251851,76.49271107975063,Normal_Driving
2026-03-10 23:57:41.570943,-0.012246287600028695,-0.02895741088682618,9.781567345831625,0.0006807461664390117,-0.0070771593716345785,0.003851885625859523,75.43321194206854,Normal_Driving
2026-03-10 23:57:41.620943,-0.005231658437197347,0.01364949878832348,9.788996264586654,-0.0059455504069467315,-0.006068169536678902,-0.0034376246356931173,75.96437111189381,Normal_Driving
2026-03-10 23:57:41.670943,-0.027304918888326916,-0.008987014542545664,9.78532866763565,-0.010786883764353923,-0.014359418590577084,-0.016644118036758204,76.53052304184368,Normal_Driving
2026-03-10 23:57:41.720943,0.017563264246225226,0.038302068733426065,9.844907705259379,0.028013783825903513,0.01896548114299939,0.012580674620346548,75.89503931874953,Normal_Driving
2026-03-10 23:57:41.770943,-0.012983164249777322,-0.0010380884661256602,9.79246665812813,0.003240198185632478,-0.00820948571210521,-0.001130034224598878,76.22507720197032,Normal_Driving
2026-03-10 23:57:41.820943,-0.01197582008644654,-0.011147388925091022,9.791227780726086,-0.007300893579173536,-0.00045981450774728455,-0.01334456714958919,75.84269439765595,Normal_Driving
2026-03-10 23:57:41.870943,-0.01833501172816023,-0.00970094042967303,9.805307448609298,0.002969506748577482,-0.002276957135674842,-0.0022959261131637954,76.13752751845165,Normal_Driving
2026-03-10 23:57:41.920943,0.01057626372384257,0.01127878027220279,9.823524027033459,0.011319786499278235,0.00892854162393255,0.007614075285604359,76.45526364333557,Normal_Driving
2026-03-10 23:57:41.970943,-0.00855005678914057,0.014253948410404975,9.833374093051273,0.003484235466460964,0.00012312460809236776,-0.0009530867084608838,75.68342259544261,Normal_Driving
2026-03-10 23:57:42.020943,-0.02343060233624239,-0.0327393738994437,9.774504312277376,-0.014689328297932697,-0.01057034881479941,-0.011662818124987623,76.8792764552774,Normal_Driving
2026-03-10 23:57:42.070943,-0.005816731552359242,0.0036647272629811555,9.795247607526543,-0.0023729475962208863,-0.010894454348247084,0.004143963039121093,76.18415102699791,Normal_Driving
2026-03-10 23:57:42.120943,0.039004296142368,0.03117460991234224,9.835445824751911,0.02654154807341373,0.002220224347312649,0.014548080915186206,76.32508457859241,Normal_Driving
2026-03-10 23:57:42.170943,-0.007997304046928368,-0.0013473120147483968,9.767374011488231,-0.002477453575411779,-0.005213724063075279,-0.00768827881160484,75.9751762695995,Normal_Driving
2026-03-10 23:57:42.220943,0.0020536981490128087,-0.014835419415992656,9.805228820955131,-0.00784934755053513,-0.009501046036623072,-0.008353941655545961,75.77112554433734,Normal_Driving
2026-03-10 23:57:42.270943,0.0008357888935266629,-0.0001476841821208652,9.799059247341223,0.0006227073630286205,-0.005912938579163296,-0.0040554675430305364,76.0342900902515,Normal_Driving
2026-03-10 23:57:42.320943,0.0071754021230061,0.02726544318280273,9.814883859221121,0.0034215659350638897,0.005629194711521902,0.010141998969785774,76.0064731875394,Normal_Driving
2026-03-10 23:57:42.370943,-0.007989664748779041,0.012300851260833915,9.812394548998224,0.00635136388855427,0.008535258500048114,0.008560169663462404,76.44311268725816,Normal_Driving
2026-03-10 23:57:42.420943,0.0045122815446663285,-0.0015983191512686354,9.804757563152462,-0.0039547504164498155,-0.004038684077996259,-0.0006760648086225524,76.44311268725816,Sudden_Acceleration
2026-03-10 23:57:42.470943,0.2774522389480195,-0.004127660354077915,9.827338230107028,0.0010598444955913179,-0.03959676024068422,0.012720419413661695,76.49386162570686,Sudden_Acceleration
2026-03-10 23:57:42.520943,0.5718779121772032,0.017014268247303913,9.816831997680737,0.013085992539738776,-0.08492484999914944,0.012075522973564205,76.59508873505993,Sudden_Acceleration
2026-03-10 23:57:42.570943,0.8090388328374687,-0.04100398233162845,9.762680323698177,-0.014154464627408055,-0.1387745555011839,-0.01800441465255601,76.74625392489077,Sudden_Acceleration
2026-03-10 23:57:42.620943,1.1431382019687626,-0.0014528935628098632,9.825492520843722,-0.0031074012184971684,-0.1727033304569225,-2.2680600679701908e-05,76.94655066350653,Sudden_Acceleration
2026-03-10 23:57:42.670943,1.3800020976750293,0.011408583966526033,9.825053165443597,0.014220968404009394,-0.19926037545662825,0.009683280902768798,77.19491028114372,Sudden_Acceleration
2026-03-10 23:57:42.720943,1.6254898033467295,-0.04438722827887272,9.830874488745673,-0.01112433927817437,-0.26466815699493407,-0.00821321310866138,77.4900076717838,Sudden_Acceleration
2026-03-10 23:57:42.770943,1.8657682420375965,-0.03164705109289024,9.788713752255992,-0.011790935607540085,-0.29429262509104714,-0.01842404084409056,77.83026836316704,Sudden_Acceleration
2026-03-10 23:57:42.820943,2.128485750554926,0.006141680972852188,9.810798730718261,0.000774393516383985,-0.3261180988907995,0.00486320171329663,78.21387691728333,Sudden_Acceleration
2026-03-10 23:57:42.870943,2.3653255758353726,-0.02212930059261959,9.827974099768793,0.005010561838555899,-0.3629204551867582,0.003014455657641613,78.63878661651944,Sudden_Acceleration
2026-03-10 23:57:42.920943,2.585248826892839,0.015362799202593948,9.82147752085711,0.01740531776578838,-0.3931563455740588,0.0016618865207358442,79.10273038378304,Sudden_Acceleration
2026-03-10 23:57:42.970943,2.7402162063223368,-0.04141208047735656,9.742726554868037,-0.026465754373665606,-0.4454400277309352,-0.02316849188494745,79.60323287833988,Sudden_Acceleration
2026-03-10 23:57:43.020943,3.021720709300062,0.019721929754635523,9.849730466476348,0.006657559196461061,-0.44920903148649516,0.01959734204314914,80.13762370282765,Sudden_Acceleration
2026-03-10 23:57:43.070943,3.153564043979429,0.0145712815237726,9.801707372440557,-0.0032345189985405385,-0.49160441217460626,0.0033393041050318044,80.70305165098125,Sudden_Acceleration
2026-03-10 23:57:43.120943,3.3060000295373606,0.0056471283601640864,9.811505742413148,0.001862540396669875,-0.5031483045690625,-0.0034756207579586243,81.29649992005197,Sudden_Acceleration
2026-03-10 23:57:43.170943,3.411391684343178,-0.021523644290579208,9.805126743123731,-0.0065564249792483716,-0.5483866887696225,-0.013173162453815413,81.9148022067553,Sudden_Acceleration
2026-03-10 23:57:43.220943,3.5791457429119093,0.02348890743218568,9.844037207945748,0.00997830370721781,-0.5551930532738901,0.002582829226249959,82.55465960086906,Sudden_Acceleration
2026-03-10 23:57:43.270943,3.667191248252107,-0.002204048074996995,9.807581122388788,0.005400873481876774,-0.5612273032640228,-0.003411857077706342,83.2126581863467,Sudden_Acceleration
2026-03-10 23:57:43.320943,3.75390844181771,-0.0014633761039799268,9.79999329164189,0.005631309291788535,-0.5841293927659581,-0.0051215186114921445,83.88528725603653,Sudden_Acceleration
2026-03-10 23:57:43.370943,3.7596552248975157,-0.05166039214412921,9.773029458621247,-0.022935260956120106,-0.6122567153433408,-0.01406091899296956,84.5689580428234,Sudden_Acceleration
2026-03-10 23:57:43.420943,3.856421830646525,0.04106026849166375,9.837949996297416,0.010395767946104612,-0.5822666597235489,0.017859373547255666,85.26002286725397,Sudden_Acceleration
2026-03-10 23:57:43.470943,3.83517964461509,0.014069904528530899,9.784615908438367,-0.006698975897763412,-0.6032452143128525,0.0036289088442510763,85.9547945994849,Sudden_Acceleration
2026-03-10 23:57:43.520943,3.8490536368323034,-0.01596037415885767,9.827396962677556,-0.010132106020791263,-0.5994097632129467,0.024003754924166263,86.64956633171582,Sudden_Acceleration
2026-03-10 23:57:43.570943,3.829501479330269,-0.015819536820488603,9.785166372097631,-0.013889618236590809,-0.5957148275976921,-0.007508167725769338,87.34063115614639,Sudden_Acceleration
2026-03-10 23:57:43.620943,3.818356880847807,0.03441755583341804,9.83615786333063,0.015549337368556595,-0.5738202429834639,0.005832225447766822,88.02430194293325,Sudden_Acceleration
2026-03-10 23:57:43.670943,3.7513643857668404,0.007388842715345591,9.812743270777139,0.004367200858444654,-0.576783160822286,0.009610600814950958,88.69693101262308,Sudden_Acceleration
2026-03-10 23:57:43.720943,3.6650187866889627,0.017899825434324612,9.799462358158255,-0.006837800337500796,-0.5725303067937298,-0.007286815354333495,89.35492959810071,Sudden_Acceleration
2026-03-10 23:57:43.770943,3.511442083812145,-0.014592587294698285,9.790452922528244,-0.0017404299869376843,-0.5666919275071968,-0.025091375250016524,89.99478699221447,Sudden_Acceleration
2026-03-10 23:57:43.820943,3.474219151204792,0.03146863783264663,9.844563214325285,0.012860440748430187,-0.5142791532677251,0.01878218303676452,90.61308927891781,Sudden_Acceleration
2026-03-10 23:57:43.870943,3.273168772412326,-0.005150714133727112,9.790940643670229,0.0021820024318165822,-0.5120556597071949,-0.00046724013196528837,91.20653754798852,Sudden_Acceleration
2026-03-10 23:57:43.920943,3.1383666169303948,-0.012748181575664002,9.817081758361425,-0.002333815629719642,-0.48875218265000764,-0.008793738364932451,91.77196549614213,Sudden_Acceleration
2026-03-10 23:57:43.970943,2.9385197509084184,-0.03352108856943883,9.78364711335854,-0.006297472736914811,-0.46630314251445865,-0.016482361746155673,92.3063563206299,Sudden_Acceleration
2026-03-10 23:57:44.020943,2.8187637875387965,-0.0018667317782543567,9.835960215929756,0.0022308040160459956,-0.41727796071338874,0.014144217758220957,92.80685881518674,Sudden_Acceleration
2026-03-10 23:57:44.070943,2.590007814109956,0.0007301596820437897,9.841267339396971,-0.0012548018073578696,-0.40416487645785365,0.008394372594083974,93.27080258245034,Sudden_Acceleration
2026-03-10 23:57:44.120943,2.34846157399635,-0.028275986545014377,9.807568680572867,-0.022943554805115514,-0.38004978537960354,-0.0026963399435737632,93.69571228168645,Sudden_Acceleration
2026-03-10 23:57:44.170943,2.1223252913750628,0.0024650163728875234,9.790932398311382,0.0018636965043702831,-0.3419120624941141,-0.005813927135871074,94.07932083580275,Sudden_Acceleration
2026-03-10 23:57:44.220943,1.9348235675035312,0.03050480130835329,9.833679433088589,0.017410888484504422,-0.27314934578262057,0.020973642143978198,94.41958152718598,Sudden_Acceleration
2026-03-10 23:57:44.270943,1.6176972370858,-0.00758352975449306,9.80375830860347,-0.026755721713960796,-0.263156614271425,-0.011739996347636155,94.71467891782606,Sudden_Acceleration
2026-03-10 23:57:44.320943,1.3634515841324355,-0.01920766775205695,9.800037265736757,0.005898220230477901,-0.2187408383318113,-0.004461214461571495,94.96303853546326,Sudden_Acceleration
2026-03-10 23:57:44.370943,1.0941112166529006,-0.00614846914890133,9.804515829684323,0.0012129740343215555,-0.17824885768710805,-0.0015519355139555985,95.16333527407902,Sudden_Acceleration
2026-03-10 23:57:44.420943,0.8591358502115474,0.03222254836907501,9.823143577219069,0.013683506841145303,-0.1171146950479773,0.009443395467293817,95.31450046390985,Sudden_Acceleration
2026-03-10 23:57:44.470943,0.5690824075004054,0.021694036377756017,9.824156279084006,0.0021175878672522446,-0.08053239861814704,-0.0018795699239391398,95.41572757326293,Sudden_Acceleration
2026-03-10 23:57:44.520943,0.26533931252011533,-0.019131409823508222,9.768345746653502,-0.021782281606612195,-0.05372894252702687,0.0021992299383370995,95.46647651171162,Sudden_Acceleration
2026-03-10 23:57:44.570943,0.010466723715929162,-0.01023933945234563,9.817830337296895,0.009239538084084984,-0.00010644940139944057,-0.0021604993470801756,95.46647651171162,Sudden_Acceleration
2026-03-10 23:57:44.620943,0.012968491488838345,-0.0017612065730455934,9.800273218769787,0.01029579988208101,-0.0036337274444715696,0.011242193877974972,95.72463136936825,Normal_Driving
2026-03-10 23:57:44.670943,0.01840995711830945,0.011633867738219731,9.815135279069029,0.0033676075405197087,0.017452564669281363,0.003971914674557634,95.0878801123159,Normal_Driving
2026-03-10 23:57:44.720943,0.021341047743382118,0.014851554793115802,9.824528320285102,-0.0005554240627415582,0.0031964007567944173,0.010856467369097716,95.57895070861765,Normal_Driving
2026-03-10 23:57:44.770943,-0.018603598131573834,-0.044074803958662395,9.79397185143362,-0.023998829335830595,-0.0025112012094872984,-0.0076876321828060964,95.88260175649208,Normal_Driving
2026-03-10 23:57:44.820943,0.011501008336002531,0.0048559567568764415,9.813550103041246,0.0009020226403263394,0.005435651351377595,0.009050942561202556,95.33975707562615,Normal_Driving
2026-03-10 23:57:44.870943,0.003935551675467984,0.033031853984126475,9.828554187166889,0.0024048205226992973,0.012745308643945788,0.007931383474273766,95.44960732557115,Normal_Driving
2026-03-10 23:57:44.920943,-0.016634464879059528,-0.01816745527831603,9.806259063542905,0.0014394538229871275,-0.011794157459391571,-0.002999594052240559,95.49956902185245,Normal_Driving
2026-03-10 23:57:44.970943,0.0036536707864176284,-0.0059244099588434875,9.779940609939574,-0.012295437501265254,-0.0006386979860458792,-0.008906887792886968,95.29526466857988,Normal_Driving
2026-03-10 23:57:45.020943,-0.005170234336524862,-0.030329601221794955,9.826854521673699,-0.0006834234547778543,0.0014522247458886605,-0.005218709637616004,95.30287569302541,Normal_Driving
2026-03-10 23:57:45.070943,0.014408027617701435,-0.011000726848713553,9.824471237461594,0.01586485756017975,0.015963403565381534,0.016865477371215583,95.22265757158591,Normal_Driving
2026-03-10 23:57:45.120943,8.720973325833381e-06,-0.011702760146162063,9.825495696734915,0.0011984163177167476,-0.001365210567066864,0.008186435038996328,95.77600252161545,Normal_Driving
2026-03-10 23:57:45.170943,-0.007830047364941334,-0.028768063726032113,9.786046419016195,-0.02228234806794853,-0.024198151301203043,-0.014838340716722152,94.9732444593264,Normal_Driving
2026-03-10 23:57:45.220943,0.02879149787080528,0.012853971298829186,9.83620165273612,0.007594569499730576,0.017024483590379638,-0.006530899520824232,95.47459493642884,Normal_Driving
2026-03-10 23:57:45.270943,-0.00020884886441488015,-0.011395847314934376,9.811913134548192,0.0035500644297066964,0.005273842455377111,0.007046769258569042,95.49204005070185,Normal_Driving
2026-03-10 23:57:45.320943,0.010089339496660342,0.007577454125026677,9.803769978948651,-0.003393350521337121,0.003990411319729074,-0.006333873721180696,95.14584202306483,Normal_Driving
2026-03-10 23:57:45.370943,-0.010709862509347585,-0.03368195199399387,9.777197474459248,-0.01708759664079444,-0.017532450684504153,-0.008097978300354249,95.9609275468209,Normal_Driving
2026-03-10 23:57:45.420943,0.0046079806160740314,-0.010740405975019664,9.82819708234942,0.003754776348573619,-1.5094351876616605e-05,-0.012411578646172376,95.66054823184314,Normal_Driving
2026-03-10 23:57:45.470943,0.026326612079592263,0.033379489546182015,9.820611809702646,0.010318293856698458,0.01824498881213695,0.012559464914996418,95.63465694231652,Normal_Driving
2026-03-10 23:57:45.520943,-0.017952441979309685,-0.008805515152749556,9.796460030252835,-0.007675098200194344,-0.0031489528055381215,-0.0005102565810412682,95.4227685191024,Normal_Driving
2026-03-10 23:57:45.570943,-0.03007330057194512,-0.03673299588948151,9.782099724512147,-0.0060611637736256605,-0.01529702567996069,-0.01426286560661182,95.0687527989889,Normal_Driving
2026-03-10 23:57:45.620943,0.03009109917146041,0.013248727834899918,9.81557510088398,0.019665126121654858,0.012601963503691003,0.015644390607517808,95.74914644631365,Normal_Driving
2026-03-10 23:57:45.670943,0.004932247906583552,-0.025501331951119713,9.819918180497659,0.004826233979940365,0.005852459511431667,-0.008072267802501507,95.75575372964613,Normal_Driving
2026-03-10 23:57:45.720943,0.006201402350226759,0.0192980107019445,9.801232902257754,0.003264216246074314,-0.004046455796952045,0.007555026239479695,95.8306123716056,Normal_Driving
2026-03-10 23:57:45.770943,-0.03813389671735326,-0.027697257966087997,9.77223968800496,-0.024378327086179437,-0.011935333048076667,-0.01887158087317263,95.31535683696158,Normal_Driving
2026-03-10 23:57:45.820943,0.006602755661980956,0.01447879206155332,9.814512481731436,0.006194089532816942,0.020773645706054028,0.009574319409037938,95.42316804390643,Normal_Driving
2026-03-10 23:57:45.870943,0.01210965035219198,0.01815101332940874,9.821386864925863,0.019345915976277703,0.00730123037976478,-0.008597081059432306,95.49517614614592,Normal_Driving
2026-03-10 23:57:45.920943,-0.007640937534146033,-0.018336335815296152,9.787967364615191,-0.010019271392310545,0.004230335783080956,-0.0010283644599314028,95.60018576722523,Normal_Driving
2026-03-10 23:57:45.970943,-0.01693934364711957,-0.014531931744283317,9.775012888171455,-0.01889605686407861,-0.0066536693975597526,-0.012176928571998044,95.62033340648173,Normal_Driving
2026-03-10 23:57:46.020943,0.02116395543815095,0.026700034968869538,9.820575498694804,0.009828507437970698,0.010278564018818426,0.018783796822193784,95.0397120448801,Normal_Driving
2026-03-10 23:57:46.070943,-0.004638796348345749,-0.019033618359149032,9.819832149183338,0.003558885242663677,-0.0015731466470633032,0.004129458624972814,95.57616036653059,Normal_Driving
2026-03-10 23:57:46.120943,0.014651169528883005,0.02408736634274547,9.827970538601793,-0.005845033842382752,-0.0019507316560368766,0.007274448977818917,95.87321010287529,Normal_Driving
2026-03-10 23:57:46.170943,-0.022870077570739868,-0.07231670929113007,9.789625057299773,-0.01565867807051135,-0.021811666248905404,-0.01997804660475044,95.99001148832203,Normal_Driving
2026-03-10 23:57:46.220943,0.03899685284275045,0.02921684109344235,9.8503429476709,0.00903605022060672,0.016270864779153682,0.0038269991679555984,95.57250134635655,Normal_Driving
2026-03-10 23:57:46.270943,0.021558811512633797,-0.0063656835712932675,9.799291349207424,0.006104582883626562,-0.0029570358895264106,0.004445335808006693,95.82523372406264,Normal_Driving
2026-03-10 23:57:46.320943,-0.008499497065994252,0.0074511710255018545,9.792901439520477,-0.006711047896634166,-0.008245154863801653,-0.0022361732326697933,95.19187715890723,Normal_Driving
2026-03-10 23:57:46.370943,-0.020075567859323046,-0.03980410491586038,9.793005710380037,-0.004983061524456902,-0.008798889932564585,-0.023698430774188158,95.47136780124735,Normal_Driving
2026-03-10 23:57:46.420943,0.0051554034754285275,-0.01812689683640545,9.823298790385328,0.008682660833815125,0.012815370785425665,0.006727297999753098,95.17516171411866,Normal_Driving
2026-03-10 23:57:46.470943,0.004078280468834995,-0.0033472665282791077,9.828692678957355,0.00616047230312481,0.0036579794238465807,0.01389909400432016,95.5465138687431,Normal_Driving
2026-03-10 23:57:46.520943,-0.019939675947828486,0.0054513717193323385,9.799279350904964,0.005331615697122166,0.003770618784753482,-0.005022019818928549,95.27104491127855,Normal_Driving
2026-03-10 23:57:46.570943,-0.026723737534362964,-0.05334747058893902,9.764734754098388,-0.023119609341683757,-0.009323885369366392,-0.020123215541704004,95.23859080097075,Normal_Driving
2026-03-10 23:57:46.620943,0.04124994408723488,0.04376369407868492,9.858739191336943,0.022116510343263826,0.02381879987508828,0.011040576542964042,96.01096101269094,Normal_Driving
2026-03-10 23:57:46.670943,0.004523544999933111,-0.004630289879167514,9.799918180279118,0.0026207559817998027,0.005951397165687872,-0.004445327548418443,95.57114227207482,Normal_Driving
2026-03-10 23:57:46.720943,0.00720543848742781,0.033112158667795114,9.803744941472566,-0.002692520644906787,-0.0036437571633357157,0.006096588279699575,96.0375658183037,Normal_Driving
2026-03-10 23:57:46.770943,-0.03071844578819349,-0.03596913660779345,9.77898141401692,-0.012505468528319276,-0.015393816806031845,-0.017793914438083855,95.4470841534077,Normal_Driving
2026-03-10 23:57:46.820943,0.02138080856664245,0.01548740810681283,9.811701191085424,0.007604771822780485,0.012825181429619725,0.015896404998551484,95.42935299420505,Normal_Driving
2026-03-10 23:57:46.870943,0.00604083827791787,0.020155556586896904,9.798680953164009,-0.005063519432113189,0.018731897240448846,0.012389013168540235,95.06335519303995,Normal_Driving
2026-03-10 23:57:46.920943,-0.003936225038930173,0.017648228288588235,9.810641208153738,-0.006488788577370613,-0.0031979764083482046,-0.003684069091144653,95.41794571982643,Normal_Driving
2026-03-10 23:57:46.970943,-0.02811387041615166,-0.006798542169156697,9.76846337654855,-0.009536198686448987,-0.009272404474598463,-0.021467699063453465,95.404763954176,Normal_Driving
2026-03-10 23:57:47.020943,0.02211976235536078,0.050690891315686576,9.839599884935405,0.01263926949534591,0.03155429020381971,0.019769246589770143,95.57576413479373,Normal_Driving
2026-03-10 23:57:47.070943,-0.022392560869794124,-0.006871964601528972,9.811508774333324,0.0003203870874303686,-0.013920931012652134,-0.009070910416754249,95.6993763250665,Normal_Driving
2026-03-10 23:57:47.120943,-0.0021493914633443096,0.009494395014715839,9.826928634297131,-0.00012428982478362646,0.0009004019735646485,0.010857745736179768,95.70220612012791,Normal_Driving
2026-03-10 23:57:47.170943,-0.04367494525292434,-0.020133688084418528,9.795450490372234,-0.019555457262000604,-0.015589072145186416,-0.02588237044716586,95.66979528848557,Normal_Driving
2026-03-10 23:57:47.220943,0.024256201125839226,0.030294039479863626,9.860500381068519,0.011098599082830028,0.011999722059035363,0.010520272603929839,95.20848031812697,Normal_Driving
2026-03-10 23:57:47.270943,0.014700877004744907,0.020239599533883313,9.795522848407876,-0.0019340740834541737,-8.26847691437222e-06,-0.008057447405551308,95.52027213821744,Normal_Driving
2026-03-10 23:57:47.320943,-0.02347893714141351,-0.018573697227858222,9.81538651894227,-0.008825157562790108,-0.006140653243303608,-0.013705253257755349,95.6201767954619,Normal_Driving
2026-03-10 23:57:47.370943,-0.029233873759302587,-0.013551569038465109,9.77400299055183,-0.008020209180879378,-0.007544174366935023,-0.01533717582404821,95.3121157803098,Normal_Driving
2026-03-10 23:57:47.420943,0.02676600636838168,0.028646956116342815,9.82416325427627,0.018090496110820094,0.011374463708913755,0.018338967503825007,95.14749312385892,Normal_Driving
2026-03-10 23:57:47.470943,0.00027984915884649107,0.0014808817924542184,9.804368521535427,-0.0017132007053054592,-0.0035798888878624756,-0.00581575580226793,95.14839725303592,Normal_Driving
2026-03-10 23:57:47.520943,-0.0017534882970574447,0.020837878557089892,9.804108386324193,0.0023710983753721013,0.001792614406166196,0.004268389081113284,95.44554069913427,Normal_Driving
2026-03-10 23:57:47.570943,-0.0437482306162707,-0.06329310004939008,9.756073349239132,-0.01626428819453706,-0.023118987288352637,-0.028723830415836867,94.95284977826194,Normal_Driving
2026-03-10 23:57:47.620943,0.02566807265050624,0.05404298164953228,9.854668975008547,0.02612442115410282,0.018607320393495202,0.015257230491181592,95.48952025819561,Normal_Driving
2026-03-10 23:57:47.670943,0.003693667296830335,0.011387741370897275,9.824379142805425,-0.0025069686325055974,-0.006034480758995764,-0.0022064576100213912,95.40794539645344,Normal_Driving
2026-03-10 23:57:47.720943,-0.009743840245856297,-0.01376316230791046,9.789017287144835,-0.010472339977925387,0.008422170509084103,-0.011218594217742477,95.64753200026482,Normal_Driving
2026-03-10 23:57:47.770943,-0.02271987494715498,-0.03556982283067644,9.794745669779138,-0.005503976534097935,-0.00911166490083624,-0.000552602777085888,95.13673920546476,Normal_Driving
2026-03-10 23:57:47.820943,0.03911453183147535,0.015098580003326773,9.838590010260713,0.015493885529166331,0.005058141587661563,0.014142079223222772,95.31035563202276,Normal_Driving
2026-03-10 23:57:47.870943,-0.004187292917569947,0.011143932417896405,9.823697783728633,0.001629184723114034,0.0006269696143304298,0.012087291303775968,95.49430426928346,Normal_Driving
2026-03-10 23:57:47.920943,0.0024791738472684823,-0.0016331131645874442,9.801264483854771,-0.001026034261835982,-0.004096575068383282,-0.008023058580349098,95.4192967759493,Normal_Driving
2026-03-10 23:57:47.970943,-0.04503025378898201,-0.022441089849728514,9.756962891863598,-0.016039347253023046,-0.0035857091877720543,-0.0025068103460429876,95.24342367667582,Normal_Driving
2026-03-10 23:57:48.020943,0.040412115201712145,0.050864357618240486,9.847876772759932,0.03428097516564983,0.03156891800049921,0.014820501066354071,95.31509760050118,Normal_Driving
2026-03-10 23:57:48.070943,-0.010177866604217607,-0.022820786746866058,9.803577510877961,-0.011964551562578842,-0.011418481858965195,-0.00992180172033048,95.85194989733608,Normal_Driving
2026-03-10 23:57:48.120943,0.015617033644204014,0.009793176731944797,9.79561004086491,0.001253256732811794,-0.00455229767684118,-0.008065252282408363,95.91783911159231,Normal_Driving
2026-03-10 23:57:48.170943,-0.022752642952905418,-0.027333685133033365,9.779825773149259,-0.007807522034110503,-0.007159221107652535,-0.01278951136034179,95.05942231630306,Normal_Driving
2026-03-10 23:57:48.220943,0.031162015008439545,0.03193713912316632,9.835760111641196,0.002121988495052022,0.01903276605579367,0.01430602671612773,95.29303966157681,Normal_Driving
2026-03-10 23:57:48.270943,0.003575615069162913,0.0037262178272534016,9.840046281848903,-0.0003651204528347875,-0.003109477992146459,0.0030445957438367515,95.44024627820617,Normal_Driving
2026-03-10 23:57:48.320943,-0.019690425029330914,-0.0027151397231524772,9.794708873896898,-0.0066017881189093745,-0.01454054240388188,-0.01761185648933002,95.43846195566232,Normal_Driving
2026-03-10 23:57:48.370943,-0.014447003171155721,-0.033421400133284124,9.796316776292596,-0.013754148256748436,-0.018205139778832938,-0.009506938983573571,95.3506899889145,Normal_Driving
2026-03-10 23:57:48.420943,0.03205408494915063,0.015222023202537436,9.85845946822881,0.020745679325699658,0.01965987546025543,0.01957816791784059,95.04982766049358,Normal_Driving
2026-03-10 23:57:48.470943,-0.0028179950690651262,-0.013492703862730581,9.791980445545216,-0.0051451234804647875,-0.009244670625493001,0.002227307647487369,95.93127223280806,Normal_Driving
2026-03-10 23:57:48.520943,0.011077884268970235,0.007204015654858151,9.805280016572189,0.004860666801635578,0.0022477884421145803,-0.0008597537726591042,96.01609905758667,Normal_Driving
2026-03-10 23:57:48.570943,-0.012785465356195236,-0.029601873711295343,9.777394541879447,-0.023011889802325592,-0.011384693451887074,-0.019759002582552507,94.89478598601669,Normal_Driving
2026-03-10 23:57:48.620943,0.030814460414474814,0.047681861933967465,9.85896537623382,0.013031298959228447,0.027753807297388446,0.02008712452913431,95.39125510807047,Normal_Driving
2026-03-10 23:57:48.670943,0.03012653063932248,-0.0010859263613844843,9.82192327720324,0.00697923753828563,-0.0010691298715044607,0.009008410088637753,95.49875180477234,Normal_Driving
2026-03-10 23:57:48.720943,-0.017298673632497846,-0.021092799670398593,9.8026934364549,-0.016514342407479073,-0.008053916391889435,-0.004906330222184196,95.36222210978437,Normal_Driving
2026-03-10 23:57:48.770943,-0.02295254724894424,-0.0338787526614397,9.795188804681196,-0.002240275980718604,-0.009424593589742765,-0.0012388652349664263,95.37212444577011,Normal_Driving
2026-03-10 23:57:48.820943,0.011606865857758325,0.03155156438536818,9.798972900824166,0.01060332078567755,0.005968759714713881,-0.004591582825114187,95.99023016618784,Normal_Driving
2026-03-10 23:57:48.870943,0.013513608570985219,-0.0011496500206405389,9.799560998239505,-0.010698327395280538,0.005230013947400155,-0.008180421503677609,95.24215881946438,Normal_Driving
2026-03-10 23:57:48.920943,0.007826712307959692,-0.014161400556290043,9.815892459532595,-0.0047024693485314215,0.0036744288542984948,0.0008316188674362844,95.58022044263292,Normal_Driving
2026-03-10 23:57:48.970943,-0.02801970867450274,-0.028667692980223057,9.786588214613918,-0.010877890383270384,-0.013030678615507822,-0.02143141130196563,95.53442097808238,Normal_Driving
2026-03-10 23:57:49.020943,0.03408867368690246,0.044382587878893306,9.856699521001476,0.01572820679683077,0.02589690123423589,0.019307475556672234,95.985024297973,Normal_Driving
2026-03-10 23:57:49.070943,0.0006018162470918208,0.014253078409062456,9.809750596223756,-0.00011912283237881707,-0.008732309911628267,-0.006343986731684667,95.6356260104091,Normal_Driving
2026-03-10 23:57:49.120943,-0.009558183297096876,-0.02084145136104082,9.805090524342933,-0.010146354280194787,-0.010434883115450358,0.006993072219357101,95.71295288426778,Normal_Driving
2026-03-10 23:57:49.170943,-0.0013763863019780895,-0.026821216540598804,9.799427008357128,-0.008980888284814604,0.0001400508223184764,-0.009440489656764186,95.91773368506003,Normal_Driving
2026-03-10 23:57:49.220943,0.03488224504226044,0.013213830985671374,9.844234068528294,0.012288604685887376,0.00771202174575922,0.00870983750616576,95.58962152560942,Normal_Driving
2026-03-10 23:57:49.270943,-0.006517224654106766,0.016654995724051196,9.816758512169148,-0.007070321277486037,-0.009180709676872538,0.00843976354251473,94.93031584792652,Normal_Driving
2026-03-10 23:57:49.320943,-0.028513439092833694,-0.010408784996835422,9.79235610113069,-0.01098015928148165,-0.02061646860150143,-0.013560130848288218,95.8369232468536,Normal_Driving
2026-03-10 23:57:49.370943,0.003397071708661178,-0.002832196508606807,9.798033215337501,-0.017340632098119268,-0.005972111547436374,0.0017613236593266492,95.80428785732717,Normal_Driving
2026-03-10 23:57:49.420943,0.023887342731239804,0.0213579013012309,9.837220362290303,0.014175429544675487,0.020264671484777567,0.016574278215402652,95.43341174890878,Normal_Driving
2026-03-10 23:57:49.470943,0.008469514600757202,-0.03685930212520694,9.80479904734592,-0.014705427921159024,-0.012646463533665015,0.005756067210838328,95.51309499915537,Normal_Driving
2026-03-10 23:57:49.520943,-0.008753241321355259,-0.023391295003816485,9.779677886043826,-0.009842266671112092,-0.0017837818192172447,-0.001425020469761971,95.7718634524499,Normal_Driving
2026-03-10 23:57:49.570943,0.006190420533321767,-0.012550740590057473,9.813126617990097,0.0008547642536693816,-0.0030739120988239428,-0.0017480139736869324,95.26636852267018,Normal_Driving
2026-03-10 23:57:49.620943,0.022280596323424592,0.016020160302620132,9.837230814747949,0.011295697347146008,-0.002435817132742381,0.0033306671196672846,95.55326656275987,Normal_Driving
2026-03-10 23:57:49.670943,0.0034492707193136164,-0.007239544370858327,9.795023259695334,-0.0027019616068105117,0.007409511279174798,0.006381153513426052,95.40653970362013,Normal_Driving
2026-03-10 23:57:49.720943,-0.01431533663055083,-0.03257572282271436,9.772199931226668,-0.012130026084732591,-0.011733675488189769,-0.010940461669745601,94.67107256513185,Normal_Driving
2026-03-10 23:57:49.770943,0.02160314795763518,0.011267157463627296,9.821460627073439,0.012255046179865794,0.008009687589128294,0.00109681814385071,95.2030777653667,Normal_Driving
2026-03-10 23:57:49.820943,0.014913758776366297,0.035500114397550964,9.834921166808995,0.011798561054753761,0.010871004622654558,-0.003338025304449139,95.14284563592533,Normal_Driving
2026-03-10 23:57:49.870943,-0.008359356246546254,0.0011802773529913163,9.82891214276162,-0.0005376268451415121,-0.008848121314817506,-0.000547800586946054,95.27139426593799,Normal_Driving
2026-03-10 23:57:49.920943,0.010105278324295764,-0.028403270441036722,9.825107271137329,-0.008679708532349315,-0.004818076675877165,-0.007937892905989119,95.19402454191155,Normal_Driving
2026-03-10 23:57:49.970943,0.005715951693734945,-0.01619638870864769,9.816161155565588,0.002504836145470932,0.006717028400930983,-0.00028499573793536604,95.11748718238165,Sudden_Lane_Change
2026-03-10 23:57:50.020943,0.024047337680337066,-0.4139897519919623,9.83221917218274,0.012317787518278804,0.0032478205702672724,-0.380189557383634,95.30340203812565,Sudden_Lane_Change
2026-03-10 23:57:50.070943,0.0007291316046844042,-0.8494747552213152,9.821070457664405,0.0058979393456046764,0.0046520620027929414,-0.7613272237206441,95.12421166735383,Sudden_Lane_Change
2026-03-10 23:57:50.120943,-0.039442788449217225,-1.3105845886954672,9.765010099240655,-0.014050705602907568,-0.013747134106002933,-1.1362936847387997,95.26031168642706,Sudden_Lane_Change
2026-03-10 23:57:50.170943,0.027006565476456523,-1.6344796715381702,9.843319967489158,0.011829372504172745,-0.002202133688979613,-1.4386399459313515,95.1349929077554,Sudden_Lane_Change
2026-03-10 23:57:50.220943,0.017336755868237592,-1.961809502463391,9.820988345766624,0.005291575201268393,0.01137630651546747,-1.7289399463136597,95.07562715452963,Sudden_Lane_Change
2026-03-10 23:57:50.270943,0.0007429872017429093,-2.289772429743306,9.81159873549038,-0.002465991245065376,-0.0024736160663300926,-1.993064696946308,95.25327385421356,Sudden_Lane_Change
2026-03-10 23:57:50.320943,-0.027244942276597225,-2.5174465591417725,9.800614990251505,-0.010995332403240443,-0.002755650579129751,-2.2014910927981037,95.17635614248567,Sudden_Lane_Change
2026-03-10 23:57:50.370943,0.01977895313692541,-2.672101916904121,9.80395553185754,0.016859059442795928,-0.01153159157857975,-2.342888351661024,95.05380996845466,Sudden_Lane_Change
2026-03-10 23:57:50.420943,-0.0065674883874513815,-2.7806451051041488,9.822003572568601,0.0027963818925913274,0.014179029523166343,-2.430106228949319,95.46134716168721,Sudden_Lane_Change
2026-03-10 23:57:50.470943,0.009207343508050025,-2.807680117940013,9.831452760512176,0.006516034337011823,0.0030028950410326215,-2.461196098335753,95.25973107520574,Sudden_Lane_Change
2026-03-10 23:57:50.520943,-0.04659273016710994,-2.8215716543494134,9.793609762414725,-0.02069319092613827,-0.011317903700348396,-2.450699243572549,95.20630564906118,Sudden_Lane_Change
2026-03-10 23:57:50.570943,0.020901475355864244,-2.6683113531418736,9.805931555527609,0.01597551026814902,0.024905587091117405,-2.327381700698458,95.189585973481,Sudden_Lane_Change
2026-03-10 23:57:50.620943,-0.011840880247628508,-2.502819009172446,9.805330843267711,0.00553814875592975,0.002730670384040973,-2.1905414828122614,95.13116944184405,Sudden_Lane_Change
2026-03-10 23:57:50.670943,0.007038697216061476,-2.2710558467948556,9.823459777602558,-0.008607249837142426,-0.007712366385114989,-1.9905588785130006,95.27087853910044,Sudden_Lane_Change
2026-03-10 23:57:50.720943,-0.040716929588471736,-2.018619935677827,9.787576420436164,-0.009022828500208524,-0.01884336821342318,-1.7442035309630273,95.1496772215887,Sudden_Lane_Change
2026-03-10 23:57:50.770943,0.012209036006943823,-1.6349860736159778,9.812567584399213,0.01070555641508644,-0.0041635995649188726,-1.4441217733161822,95.07597728436765,Sudden_Lane_Change
2026-03-10 23:57:50.820943,-0.0022400337423411137,-1.2715483561790009,9.809235857392984,0.008774657922607548,0.006723835772127291,-1.1189283331885032,95.42314430270046,Sudden_Lane_Change
2026-03-10 23:57:50.870943,0.001605308161051774,-0.8587800313859908,9.81539417837179,8.627125840739332e-05,0.0039442831491466115,-0.7565850349087498,95.2518015606741,Sudden_Lane_Change
2026-03-10 23:57:50.920943,-0.0454313398926371,-0.4999692877474692,9.784653401274882,-0.024118809392411258,-0.02631529640004896,-0.409548253747877,95.17845780952479,Sudden_Lane_Change
2026-03-10 23:57:50.970943,0.024596779251495858,0.038746434204279055,9.855342568527957,0.02360949742345994,0.01940507684490039,0.023179880547094203,95.24647523807904,Sudden_Lane_Change
2026-03-10 23:57:51.020943,-0.0016534652904496737,0.43016760863459014,9.797533672770008,-0.008269892067204127,-0.008777865204039323,0.3896353902445164,95.09915324574403,Sudden_Lane_Change
2026-03-10 23:57:51.070943,0.007904244511342166,0.8752471874068374,9.797834819508592,-0.007965545996969099,0.002514465296709,0.7572052753856394,95.28057890761463,Sudden_Lane_Change
2026-03-10 23:57:51.120943,-0.016644288839046235,1.2854758453020008,9.808121754177492,-0.019026923146491896,-0.004192837790095097,1.1063412956335992,95.14362737509066,Sudden_Lane_Change
2026-03-10 23:57:51.170943,0.026898089101924108,1.6702559833761779,9.827399672724795,0.010571796042972618,0.007861159088819106,1.4660249918843238,95.18833546457932,Sudden_Lane_Change
2026-03-10 23:57:51.220943,0.02107931329923251,1.9821773427678657,9.81573499452925,-0.005835674189713303,0.005025330090734908,1.7380960494110718,95.12848600142253,Sudden_Lane_Change
2026-03-10 23:57:51.270943,-0.01747473738831328,2.2592214778440667,9.815591241429585,-0.006862986161360418,-0.0008783300156629743,1.9940922693164564,95.01118793947109,Sudden_Lane_Change
2026-03-10 23:57:51.320943,-0.013506117817626687,2.472366438050394,9.77695161626958,-0.009786580669814488,-0.012285470020902071,2.1795187829206104,95.09922356249692,Sudden_Lane_Change
2026-03-10 23:57:51.370943,0.052565467948245855,2.721125237101479,9.836494621991745,0.021920602307224854,0.0199507043714538,2.3719290379229436,95.15106855288568,Sudden_Lane_Change
2026-03-10 23:57:51.420943,-0.005466896835008972,2.7707692766874117,9.796696381159187,-0.013889029947556884,-0.007443690241945857,2.4359247899522276,95.2069644759642,Sudden_Lane_Change
2026-03-10 23:57:51.470943,-0.00940150519071235,2.810732584593383,9.81868963132045,0.0034588330978546668,-0.0030444971463645556,2.4588198447428864,95.2386642225423,Sudden_Lane_Change
2026-03-10 23:57:51.520943,-0.01957277193709834,2.7675706243474605,9.796238891337381,0.0017188206161533942,-0.01282132965313458,2.4273732265442387,95.21109312560101,Sudden_Lane_Change
2026-03-10 23:57:51.570943,0.022049603496978383,2.6814978438679273,9.833582509937418,0.00022509408832975704,0.015255254770196545,2.3512415019349895,95.25175972177699,Sudden_Lane_Change
2026-03-10 23:57:51.620943,-0.01737166066841457,2.4947693823061914,9.822655468193185,0.00028263655183190413,-0.0014788793941404007,2.1930161235544943,95.33074011291251,Sudden_Lane_Change
2026-03-10 23:57:51.670943,-0.01781083564477395,2.2472472534413668,9.81187814787218,-0.010384128219182004,-0.011299512801057504,1.9804689155356376,95.1925039368928,Sudden_Lane_Change
2026-03-10 23:57:51.720943,0.003974797600930833,1.97392886066763,9.812167699505748,-0.006556812548413167,-0.012502089387093095,1.738961664072622,95.3545606444337,Sudden_Lane_Change
2026-03-10 23:57:51.770943,0.020567723255368597,1.6803864442439755,9.82684247380485,0.016392384695396226,0.016349961155356637,1.4675819942130284,95.21689785992137,Sudden_Lane_Change
2026-03-10 23:57:51.820943,-0.02001719629951356,1.2564074320079714,9.796557329436958,-0.01216851215732714,-0.013831074555022497,1.1073045374224926,95.30456021830379,Sudden_Lane_Change
2026-03-10 23:57:51.870943,-0.014450642410181659,0.860013047394608,9.80395536970716,-0.013579690544145602,-0.006169117567002648,0.7609166566081105,95.09821483081026,Sudden_Lane_Change
2026-03-10 23:57:51.920943,0.009856862984238655,0.4374473300208697,9.833605824224758,-0.004750647158662837,-0.006550759687179085,0.38240744772201585,95.13974363306724,Sudden_Lane_Change
2026-03-10 23:57:51.970943,0.02710577254385512,0.02976552533716008,9.850663892838245,0.006249291715846306,0.007421144086630656,0.00706234085208553,95.24784924671543,Sudden_Lane_Change
2026-03-10 23:57:52.020943,0.003794909975591075,0.004242519341966573,9.799599244872187,0.005970642817733869,0.006455917801906127,-0.008737922022876725,94.6760358296731,Normal_Driving
2026-03-10 23:57:52.070943,-0.0022118600012404014,-0.006407895245677352,9.847730078052294,0.0009142901547478455,-0.0014757847992782685,0.019580419074672253,95.02155744707427,Normal_Driving
2026-03-10 23:57:52.120943,0.0045107753761849945,0.030837941499504994,9.817299704211484,0.005337334561840833,-0.013112978330888227,0.007430585477262041,94.98672555892274,Normal_Driving
2026-03-10 23:57:52.170943,-0.029381975727113332,-0.03747740996140697,9.783427566663633,-0.016889993981906597,-0.021150996994093563,-0.030837455896381077,95.81357440560708,Normal_Driving
2026-03-10 23:57:52.220943,0.016811363402929415,-0.0031052460003032703,9.813818888308539,0.0032928391892281268,-0.0033961470359701908,-0.0016777220551869153,94.83532297377495,Normal_Driving
2026-03-10 23:57:52.270943,0.008534461066223985,0.04196071835775131,9.83244713522421,0.004671236640981594,0.009386555622212737,0.015846502686955546,95.39485709165353,Normal_Driving
2026-03-10 23:57:52.320943,-0.028091589491854176,-0.003583250715336769,9.79981951015381,0.008823057810404236,-0.0032265607797063943,-0.008480161360563227,95.53923684975084,Normal_Driving
2026-03-10 23:57:52.370943,-0.020838287150748883,0.010135473184220992,9.79652264744215,0.0028130088356884825,-0.011008248474562218,-0.001817888889501706,95.39392890439574,Normal_Driving
2026-03-10 23:57:52.420943,-0.0021675345537904636,0.005063105539261811,9.797707899604017,0.004254115038554701,0.002720662545902203,-0.0007999889607080055,95.14375572821594,Normal_Driving
2026-03-10 23:57:52.470943,0.035155869621025154,0.03603205023307231,9.8193088457661,0.020394887320323005,0.004799977582573202,0.008501235145963104,95.39538516017501,Normal_Driving
2026-03-10 23:57:52.520943,0.0001425739757469147,0.0032395100066722558,9.816648480367153,-3.29369129330381e-05,0.0034565124686890894,-0.0020597598348762384,95.22335183349146,Normal_Driving
2026-03-10 23:57:52.570943,-0.019184804218510588,-0.027135790031782004,9.759229611112188,-0.011588159210567196,-0.014245177396606103,-0.011410592676396443,94.69469855683744,Normal_Driving
2026-03-10 23:57:52.620943,0.04174868598644389,-0.011302368044338536,9.840911885991755,0.010436106912392438,0.007037919334375684,0.012938522127715592,95.21263773220299,Normal_Driving
2026-03-10 23:57:52.670943,0.00417918284092167,0.009730232288921715,9.808173479746152,0.007734284872327748,0.0037741345267803175,0.003589180958708946,95.54188720334895,Normal_Driving
2026-03-10 23:57:52.720943,0.017182809767844257,-0.00998478502968321,9.813649569518649,0.008826552746141136,-0.0011267945695769034,2.885328502192871e-05,95.06003657757373,Normal_Driving
2026-03-10 23:57:52.770943,-0.04032760217923551,-0.03364419318430558,9.768746249007966,-0.004908967055007269,-0.008454783265088344,-0.007133262215568782,94.86645509008581,Normal_Driving
2026-03-10 23:57:52.820943,0.02049434583691677,0.012051654951168311,9.824053522045016,0.005443316572830966,0.002272403940385158,-0.00028848931801271453,95.67340754129802,Normal_Driving
2026-03-10 23:57:52.870943,0.025673822846568023,0.017364653503796557,9.83908680289628,0.010888118033501766,0.011745799914673788,0.0014317408044376475,95.32899635519549,Normal_Driving
2026-03-10 23:57:52.920943,-0.02301970669900343,-0.0030110383082091498,9.836854219706355,-0.002644837493241406,-0.005244760615609174,-0.004576749885678468,95.3707262185212,Normal_Driving
2026-03-10 23:57:52.970943,-0.03065189924867013,-0.020770033286938067,9.812975653243967,-0.017723687700860934,-0.01900393207477033,-0.009848749095236062,95.12708885343115,Normal_Driving
2026-03-10 23:57:53.020943,0.021048990974674546,0.03424394780485568,9.844805790158409,0.014325086814894614,0.011596637697941767,0.007797232523796405,95.222383093253,Normal_Driving
2026-03-10 23:57:53.070943,-0.013633737390199293,-0.002702808525326855,9.82219040681365,0.007505428554878907,0.002701084372156383,0.004789660288773691,95.42141264397684,Normal_Driving
2026-03-10 23:57:53.120943,0.0005775743320979038,-0.00031663174887015116,9.821565689980465,0.004219400130104359,0.0055913320035177036,0.0023539507596351404,95.06713967022472,Normal_Driving
2026-03-10 23:57:53.170943,-0.021357949587811623,-0.05464583009232239,9.793640914763667,-0.028195072187703063,-0.017046491138685203,-0.012656356039475526,95.26076468696186,Normal_Driving
2026-03-10 23:57:53.220943,0.0028533499608711273,0.023232820622697815,9.840984106289502,0.013646740328454875,0.005284812980476848,0.005169606507899248,95.2288097127214,Normal_Driving
2026-03-10 23:57:53.270943,0.013359050988542898,0.013651573910171232,9.82033101930255,0.012745770492436703,0.005425071292939572,0.012202945292744386,94.76343820434165,Normal_Driving
2026-03-10 23:57:53.320943,0.00907212346027601,-0.009163809826950843,9.798399316128377,0.0018391217720895373,-0.0003078050802399826,0.00648338418955346,94.84636373471584,Normal_Driving
2026-03-10 23:57:53.370943,-0.022015440479958275,-0.029976745592630177,9.786829871169738,-0.0003071726918458771,-0.01455495057263314,-0.005926471728483174,95.1066102792957,Normal_Driving
2026-03-10 23:57:53.420943,-7.81353917831476e-05,0.04324269578089946,9.813369796004018,0.01318042698780636,0.00357230754788427,0.006024391692419087,95.08241282512661,Normal_Driving
2026-03-10 23:57:53.470943,0.03161884966034857,0.016754808182381224,9.826175766788197,0.004183927019561258,0.0048301870737616995,0.007331291230632203,95.0469464935683,Normal_Driving
2026-03-10 23:57:53.520943,0.021005645940793308,0.008461899684534688,9.80900965844828,0.01047811988675252,0.013050828966328157,0.00561822504892592,95.14888546797116,Normal_Driving
2026-03-10 23:57:53.570943,-0.030326036715808403,-0.06593588659448038,9.783212032475388,-0.022537396793171658,-0.012120244216942161,-0.025738315527027596,95.89617334347614,Normal_Driving
2026-03-10 23:57:53.620943,0.022745751687081858,0.017619599354859683,9.829372893394707,0.010341505252762753,0.011004682006691266,0.006531653041046153,95.39626446029914,Normal_Driving
2026-03-10 23:57:53.670943,-0.0028121193043170343,0.027992644253133227,9.812532288400437,-0.00010226216110882473,0.007768808187981885,0.003703110428568466,95.16938115279335,Normal_Driving
2026-03-10 23:57:53.720943,0.0037235930481923024,0.004373510271172497,9.804321434454089,0.0045321813564248425,-0.0004736538756517759,0.008900257715474239,95.2179348448947,Normal_Driving
2026-03-10 23:57:53.770943,0.00540415241042377,-0.016748403798036538,9.788894028202792,-0.013142382528761442,-0.009315494832703724,-0.010064788990575503,95.24531940843738,Normal_Driving
2026-03-10 23:57:53.820943,0.019646816310045705,-0.007966819747323014,9.809847594302074,0.007378594793894448,-0.004823646318681161,0.01612705149028905,95.40027646044192,Normal_Driving
2026-03-10 23:57:53.870943,0.020266924413308136,0.006827045299802551,9.823490695188935,0.011106545905617882,0.010338991442967661,0.014081938524075547,95.527965684462,Normal_Driving
2026-03-10 23:57:53.920943,0.006022783450275816,-0.002446386405251071,9.790197031477021,0.01107794782445331,0.009578161703653332,0.0057875379543609485,95.70987871674568,Normal_Driving
2026-03-10 23:57:53.970943,-0.04112485332472615,-0.04239262513464235,9.778554963947917,-0.026091585197640016,-0.013117492318162925,-0.01922129389505759,95.27421020368715,Normal_Driving
2026-03-10 23:57:54.020943,0.052397857804997006,0.04773962749657597,9.842159413884632,0.01638688887273571,0.012125312289420605,0.02182874465791372,95.57474360711642,Normal_Driving
2026-03-10 23:57:54.070943,0.005676438181447583,-0.009938312111998094,9.817897184454761,-0.00958981109164769,-0.0015624040301115817,-0.004736812891127562,94.99522885105014,Normal_Driving
2026-03-10 23:57:54.120943,0.005417230195791321,0.016017188201569388,9.803773790230121,0.0033732386323901136,-0.0008412255443503202,0.002654954687374889,95.90423056015419,Normal_Driving
2026-03-10 23:57:54.170943,-0.02726835803579799,-0.05189618820422336,9.761928101498732,-0.021849568721575955,-0.014523690383330904,-0.009361673325043618,95.45525819765494,Normal_Driving
2026-03-10 23:57:54.220943,0.023556211213380307,0.03238650063554239,9.835288804479214,0.004541356050973814,0.00571087790474315,0.01343762537141745,95.32802816255743,Normal_Driving
2026-03-10 23:57:54.270943,0.026112872578922662,0.017896912022606883,9.804598820922383,-0.0016730447214317705,0.0013153270826810849,0.009699478632827298,95.18720775589435,Normal_Driving
2026-03-10 23:57:54.320943,-0.0050533556293049,-0.013529884760186659,9.79965346086407,-0.005520777658947206,-0.0073157925901561295,0.0005463803712583717,95.74564610069605,Normal_Driving
2026-03-10 23:57:54.370943,-0.04433342684905807,-0.015909193932058877,9.785320072225202,-0.019961464418872293,-0.011996141011716763,-0.013672863532094999,95.12545182602793,Normal_Driving
2026-03-10 23:57:54.420943,0.015754013490102095,0.023368380993961546,9.853734054089882,0.016812569840841007,0.01344953391741929,0.023859219776837887,94.9306528343626,Normal_Driving
2026-03-10 23:57:54.470943,-0.018225777487754124,-0.007762411676161261,9.817798109881648,-0.008955702112506,-0.0023626857218864003,-0.003527944925201,95.06323020801722,Normal_Driving
2026-03-10 23:57:54.520943,0.006276049945553325,-0.0013934590168077719,9.819017321519697,0.0092153863724421,0.0069186705153877655,0.0038140268808356313,94.9628761376794,Normal_Driving
2026-03-10 23:57:54.570943,-0.036711035793488445,-0.041982383054029015,9.777825898634218,-0.022058236044352614,-0.015596276212906341,-0.01233522457747465,95.45046449774676,Normal_Driving
2026-03-10 23:57:54.620943,0.02346158551609028,0.03854923567502037,9.860023276588894,0.0192222924964401,0.0166001260189413,0.019829896379174466,95.03680441967045,Normal_Driving
2026-03-10 23:57:54.670943,-0.008743658332574768,0.01502870001188308,9.822659765756574,0.008961457888102006,-0.008050400460253718,0.009386685417697077,95.2237840483042,Normal_Driving
2026-03-10 23:57:54.720943,-0.0008649564472191836,-0.017847729574721586,9.79846406423362,0.0023513958314614917,-0.007225818517315571,-0.007910378143680424,95.15568396145596,Normal_Driving
2026-03-10 23:57:54.770943,-0.0026478369319425446,-0.028903621073836858,9.783733326728981,-0.007285354446715541,-0.011391793192440998,-0.0013916678990922079,94.9643397455049,Normal_Driving
2026-03-10 23:57:54.820943,0.02759880235737725,0.03448374512079728,9.808785009698969,0.01244960615254141,0.014250574444384915,0.017547463122421086,95.30055209843177,Normal_Driving
2026-03-10 23:57:54.870943,0.006609780409097537,0.006833005757382026,9.811674775533595,0.005694568310537826,0.003303959260792203,-0.002034589085103024,94.94764216778937,Normal_Driving
2026-03-10 23:57:54.920943,0.007732973831395479,-0.020066212969486276,9.816000544721586,0.008776361323194242,0.008857239469190117,0.008066824886777669,95.17391674424071,Normal_Driving
2026-03-10 23:57:54.970943,-0.06599443325482669,-0.032657371583621586,9.784664696735799,-0.024460054219960455,-0.013894162221403017,-0.01035428626178282,95.56982725712008,Normal_Driving
2026-03-10 23:57:55.020943,0.023823901410438074,0.02514395059598036,9.843654032245595,0.021326480627737544,0.02922024025738748,0.016346093214224134,94.92038426926754,Normal_Driving
2026-03-10 23:57:55.070943,-0.010746231411384557,-0.03256916414541151,9.828065593621801,-0.007502277841085328,-0.005660220651441664,-0.0020633935062833496,95.234506001821,Normal_Driving
2026-03-10 23:57:55.120943,-0.012024284395107252,0.010179926951994642,9.810213798635964,0.005071208337841987,0.0040034399335027076,-0.009289266748528159,95.06427904387702,Normal_Driving
2026-03-10 23:57:55.170943,-0.021310755737421274,-0.01678290613753057,9.779102929521931,-0.010319890269211162,-0.0109357959922152,-0.010279542440642633,95.48842059041566,Normal_Driving
2026-03-10 23:57:55.220943,0.021278108964786425,0.020042151496297008,9.815808074426677,0.0015744827613586032,0.006216793436550845,0.008428642745112283,95.24213826215032,Normal_Driving
2026-03-10 23:57:55.270943,0.021943843460592537,-0.0035347690227500624,9.81538156895663,-0.00641097365118126,0.008336339129551597,0.010041976971627753,95.42217600760436,Normal_Driving
2026-03-10 23:57:55.320943,0.009268663959247438,0.030563083005052154,9.801465233586192,-0.016292039349950466,0.003252514276413453,-0.009691584672446822,95.24322359279252,Normal_Driving
2026-03-10 23:57:55.370943,-0.01722673467217223,-0.034077070179732244,9.783816428068977,-0.004329321982763784,-0.012016021254387492,-0.021991498835944395,95.68151347474262,Normal_Driving
2026-03-10 23:57:55.420943,0.054159229028932915,0.033578097196483234,9.851726233851346,0.02030986377255565,0.017112891496305075,0.02777053987355066,95.400280882143,Normal_Driving
2026-03-10 23:57:55.470943,-0.031114569382821422,-0.021418992481729307,9.776448264748911,-0.008652073901676133,-0.004580043360795798,-0.005103365070557054,95.11397689033616,Normal_Driving
2026-03-10 23:57:55.520943,0.013619384636611892,0.00791072974810647,9.8235801232872,0.002621150999318475,-0.004419881155135481,0.006839112282941219,95.03909905213203,Normal_Driving
2026-03-10 23:57:55.570943,-0.038656431615631634,-0.02773736230804694,9.77945294341906,-0.016563912510928466,-0.017496729902595425,-0.012186394810025921,95.10266210996996,Normal_Driving
2026-03-10 23:57:55.620943,0.038338935414132226,0.035230786819700696,9.8407115891379,0.012170857215538776,0.02001973488331181,0.013622555758828463,95.58455152701224,Normal_Driving
2026-03-10 23:57:55.670943,0.008153576867568246,0.0008428083084063096,9.818503948836359,0.01953297382207934,0.003799632697242445,0.012380198245903886,95.41092502829144,Normal_Driving
2026-03-10 23:57:55.720943,-0.010710732119783316,-0.006072364841102574,9.808998875618732,-0.01704305990790692,-0.0023641455839971933,-0.005343590370928597,94.92118573569257,Normal_Driving
2026-03-10 23:57:55.770943,-0.03846624077247955,-0.021521145816484198,9.777300712657826,-0.0013922994090729722,-0.0029832779634288353,-0.0035407342385417855,95.51329629372854,Normal_Driving
2026-03-10 23:57:55.820943,0.005881783250518219,0.03449959345047408,9.846836092099023,0.0037497931174880154,0.01535720849199393,-0.0023463399953723534,95.23847860814028,Normal_Driving
2026-03-10 23:57:55.870943,-0.018921184608015007,-0.011375974724135558,9.804141311145115,-0.011050224756409882,0.003426268651158128,-0.008084494387236277,95.4899371714595,Normal_Driving
2026-03-10 23:57:55.920943,-0.005966010521118172,-0.0005237531252293244,9.796891652670833,-0.0035851389848923576,-0.0005312493609356682,0.019079666379036523,95.56382488395873,Normal_Driving
2026-03-10 23:57:55.970943,-0.042225375500233184,-0.025203648980082843,9.785951890514962,-0.014972435738355737,-0.025422164975126824,-0.01775238515765209,95.36619152479759,Normal_Driving
2026-03-10 23:57:56.020943,0.03317572329123619,0.01954835547582232,9.84838949215666,0.0142054823742917,0.008185737608400913,0.010426985949079783,95.80113183600531,Normal_Driving
2026-03-10 23:57:56.070943,-0.011131415975069859,-0.007085441535201202,9.790425008570864,0.0002288285725575911,-0.007360186828558781,0.010708098155061763,95.3778344957812,Normal_Driving
2026-03-10 23:57:56.120943,-0.008748799617161485,-0.01935201346541758,9.805607717606033,-0.00949524283672672,-0.002730330050526616,0.0022822716804420263,95.33541685126316,Normal_Driving
2026-03-10 23:57:56.170943,-0.004874567815101907,-0.012688169625094536,9.782689789793105,-0.014981821641293587,-0.0029705727660186304,-0.003004748152253192,95.81254183015804,Normal_Driving
2026-03-10 23:57:56.220943,0.016031899942864084,0.00157443185090482,9.822387639365083,0.004832616140621413,0.006204820479815477,0.004664621943563851,95.57375799684718,Normal_Driving
2026-03-10 23:57:56.270943,-0.0017942740247492337,-0.006813781240171728,9.834484106552289,-0.0066087236468512405,-0.014874178702084722,0.018441462858033743,94.95801474394935,Normal_Driving
2026-03-10 23:57:56.320943,-0.017124770527919126,-0.009397729583798928,9.829676934237112,0.004608632823516175,-0.01303898931181521,-0.010269885894971058,94.9908002218701,Normal_Driving
2026-03-10 23:57:56.370943,-0.017964414620970596,-0.03011870891142893,9.777060736272778,-0.01451416978999061,-0.019404014334472364,-0.010602063387028435,95.45524772284412,Normal_Driving
2026-03-10 23:57:56.420943,0.046094504604463404,0.03491079259608292,9.85409424526368,0.01717211295999844,0.012945958600042369,0.026006825113233493,94.654438491669,Normal_Driving
2026-03-10 23:57:56.470943,-0.01176602242631275,-0.00901284580096911,9.797173890415948,-0.007584021253844034,0.0073134519375421,-0.011856314825331622,95.38908763664641,Normal_Driving
2026-03-10 23:57:56.520943,-0.0044592093049382175,-0.016963968573978395,9.823116381758336,0.0012090963882821458,-0.009902806174359412,-0.0031487144710421995,95.19110332230596,Normal_Driving
2026-03-10 23:57:56.570943,-0.027284285284173395,-0.008602033480140964,9.813314163147906,-0.0035199919699667372,-0.0055040118845611115,-0.009105582313339272,95.72840277329765,Normal_Driving
2026-03-10 23:57:56.620943,0.006506275880934054,0.02334763182113796,9.835645700218473,0.0056493016297701456,0.012727247872510368,0.0054781450792404296,95.26950356484029,Normal_Driving
2026-03-10 23:57:56.670943,0.020344775676756667,-0.005777905918915319,9.827086215684073,-0.002762040526626184,-0.007559744677497748,-0.005940602476816788,95.15796243535536,Normal_Driving
2026-03-10 23:57:56.720943,-0.0362309274393018,-0.009488812248782017,9.796453293443331,-0.008430243512975987,-0.005835897471806812,-0.011864723761135704,95.41042271714706,Normal_Driving
2026-03-10 23:57:56.770943,-0.006004110868477843,-0.020258539554526767,9.807070930146887,-0.009336398521390742,-0.01176579839485464,0.00025071946297764575,94.88291084897183,Normal_Driving
2026-03-10 23:57:56.820943,0.042383198235366265,0.027675325809310158,9.833460308836813,0.020040859021246707,0.027218041180635043,0.028023988513300672,95.33991354647807,Normal_Driving
2026-03-10 23:57:56.870943,-0.0232130421603189,-0.008467047184868976,9.800604291115718,-0.010953512013981627,-0.005227893778102917,-0.003102758418907082,95.7253612514457,Normal_Driving
2026-03-10 23:57:56.920943,-0.01823881252110815,-0.012706843842961954,9.8201477074078,0.003968580824693136,0.005285873176187252,-0.00957130724482278,94.99683495351981,Normal_Driving
2026-03-10 23:57:56.970943,-0.026929386395687184,-0.022426015831491036,9.770240106322602,-0.021872473398683482,0.0070700839975143676,-0.011636618271693714,95.25471925798901,Normal_Driving
2026-03-10 23:57:57.020943,0.0466349330320872,0.025391518404379056,9.833536715659513,0.003863682930982217,0.010823971343219248,0.023884699566858715,94.952258274514,Normal_Driving
2026-03-10 23:57:57.070943,-0.002790614440152113,0.002579773439730059,9.829122173029742,-0.0012389952612228117,0.004167205036778983,0.0013857423580419497,95.02649192967846,Normal_Driving
2026-03-10 23:57:57.120943,-0.040129431365928184,-0.025864152215325564,9.784089722965403,-0.0025177368894273022,-0.004649606174235946,-0.00781503657785267,95.03479277101515,Normal_Driving
2026-03-10 23:57:57.170943,0.0020700023494276496,-0.00946721960052675,9.81101860020635,-0.007887348718881419,-0.0069850012146089584,0.000898452238472937,94.99181455322352,Normal_Driving
2026-03-10 23:57:57.220943,0.01537446204179118,0.03129853436857034,9.83803158776232,0.004681179173873851,0.014019782903021277,0.01922124812126372,95.19935267215958,Normal_Driving
2026-03-10 23:57:57.270943,-0.01727792053164518,-0.014223366938084682,9.791338911482596,-0.005600773627832517,0.009354744487018292,-0.013235714803081566,94.89661576572367,Normal_Driving
2026-03-10 23:57:57.320943,0.014196083461873427,-0.017770312316255966,9.814720958930469,-0.004091814569575202,-0.003550553626716488,-0.008102530844303811,95.11575445663541,Normal_Driving
2026-03-10 23:57:57.370943,-0.004555039020578371,-0.006394341855716624,9.797774720067462,-0.005431432699303254,-0.0028647023887550024,-0.01364205671700391,94.9771083622912,Normal_Driving
2026-03-10 23:57:57.420943,0.02620545049391782,0.019794361523968178,9.831748316812758,0.020850142491415466,0.024786660024142336,0.015866991171990086,95.35254344272883,Normal_Driving
2026-03-10 23:57:57.470943,0.00989381859185419,0.01113773439240809,9.811310724572271,-0.005553137337332463,0.007923653983193543,-0.00037361159564258976,95.48218786980073,Normal_Driving
2026-03-10 23:57:57.520943,-0.03446370861307784,-0.015092670957039488,9.798604695482549,-0.024301648528112094,-0.010574501259158493,-0.022351000838931077,95.4440178354986,Normal_Driving
2026-03-10 23:57:57.570943,0.01504845505953255,0.004988112193108605,9.81022300687871,0.005881029964730666,-0.008591530839913174,-0.0027478042616353197,94.66178306755009,Normal_Driving
2026-03-10 23:57:57.620943,0.017410233913191783,0.01888931297858429,9.810719404051612,0.00468585194396268,0.007067097056744046,0.0061092606765562225,94.74314211741957,Normal_Driving
2026-03-10 23:57:57.670943,0.014337953331928891,0.001806060418289234,9.815612109356449,0.006265366857595404,0.004534474711501255,0.014607023012188828,95.23552622256288,Normal_Driving
2026-03-10 23:57:57.720943,-0.001371343712343858,-0.031986068464406874,9.787761937696766,-0.004660014000018617,-0.008560413160585756,-0.01257960042076009,95.18141342686936,Normal_Driving
2026-03-10 23:57:57.770943,-0.01762795648919486,-0.006867991983537823,9.796122097294935,-0.006699077818262467,-0.0007758808792446975,-0.008188316055427778,94.62341698772283,Normal_Driving
2026-03-10 23:57:57.820943,0.034672594323559035,0.03035758732779915,9.826791373707865,0.01462791684534033,0.018971439085863018,0.014011000058841596,95.15659327493576,Normal_Driving
2026-03-10 23:57:57.870943,-0.00722984312317523,-0.008020558394823449,9.794748739732041,-0.00882844578964475,-0.002003723744416826,-0.01012767589845507,95.01663164295464,Normal_Driving
2026-03-10 23:57:57.920943,-0.01790398158590525,-0.01829008250051528,9.805981050211614,-0.028194057394932845,-0.016767630555913626,-0.002085636833971875,95.61556772269607,Normal_Driving
2026-03-10 23:57:57.970943,0.008188280366679984,-0.0015380011649361585,9.802270061631964,0.003210363770254412,0.002794953860114345,0.0072992728656558065,95.76277859852836,Sharp_Turn
2026-03-10 23:57:58.020943,0.01834627657492547,0.2644334750792186,9.82981734157919,-0.018061677928790924,0.006322634460637618,0.20401103339074256,95.5901654630329,Sharp_Turn
2026-03-10 23:57:58.070943,0.040135721411909776,0.5375594299308031,9.802381666602608,-0.03529937017587601,0.017035866075737,0.39786172458057095,95.56495411449701,Sharp_Turn
2026-03-10 23:57:58.120943,-0.027137614376200464,0.7758932580916104,9.793086108974505,-0.07290660765911305,-0.024311948522442492,0.5928942263341379,95.47976228794845,Sharp_Turn
2026-03-10 23:57:58.170943,-0.005368751355050839,1.064458814350978,9.815397881688645,-0.06883481903275804,0.009217720756178563,0.8067936242472208,95.69940154399218,Sharp_Turn
2026-03-10 23:57:58.220943,0.010253297618698204,1.3497337269306262,9.835852092794903,-0.0886838761802896,0.005438320289271349,1.00267603739355,95.75732839294403,Sharp_Turn
2026-03-10 23:57:58.270943,-0.02404441917381997,1.5615599899925583,9.800845390372132,-0.11530251664338499,-0.005860758638978758,1.1631050852459288,95.60312617667864,Sharp_Turn
2026-03-10 23:57:58.320943,-0.01530352056846437,1.8164322273837432,9.788541954970382,-0.1459552238255603,-0.004496799446544911,1.3743093169250322,95.8693968364314,Sharp_Turn
2026-03-10 23:57:58.370943,-0.005342631455167667,2.0828457232343722,9.822400024278343,-0.15002762562038452,-0.005450707960953544,1.5670956122871718,95.55363993247647,Sharp_Turn
2026-03-10 23:57:58.420943,0.02163836605174881,2.3290710456214962,9.813172481174764,-0.16867146170019676,0.001536818203621961,1.7543937165803516,95.5886100487113,Sharp_Turn
2026-03-10 23:57:58.470943,-0.026749901026646886,2.5664773319373064,9.829264996343273,-0.1880178168645497,0.006748847992495052,1.9295134183408866,95.68230190317581,Sharp_Turn
2026-03-10 23:57:58.520943,-0.015392589812184308,2.767539909145892,9.745777517970668,-0.2236067757735304,-0.022807570743703643,2.0841074531245005,95.61644390684222,Sharp_Turn
2026-03-10 23:57:58.570943,0.02534623350555878,3.0656570062081983,9.838617682510945,-0.20691803244185364,0.016737293285624493,2.2805894144348104,95.82728164540983,Sharp_Turn
2026-03-10 23:57:58.620943,0.005996245925002815,3.2555092257219416,9.828549625309202,-0.23173708267238954,-0.006391773726096089,2.431006803480337,95.49132106744104,Sharp_Turn
2026-03-10 23:57:58.670943,0.011975450297127863,3.47879648907479,9.833430701349437,-0.2528283256129597,-0.0017002239693492053,2.600808148314835,95.58146907429176,Sharp_Turn
2026-03-10 23:57:58.720943,-0.004061566833914676,3.6277301103061994,9.79041536335947,-0.28012458251599026,-0.01261194690396117,2.73754624282149,95.87895688200892,Sharp_Turn
2026-03-10 23:57:58.770943,0.015117231089500228,3.8400200724981906,9.827489040355005,-0.2821587235643581,-0.005461008914883099,2.9123602782917892,95.6231483440615,Sharp_Turn
2026-03-10 23:57:58.820943,-0.0064225526031099,4.049546123542183,9.837055030578453,-0.28565765581449043,0.006909839925609885,3.0467303301607758,95.48050049830044,Sharp_Turn
2026-03-10 23:57:58.870943,-0.012976180411415083,4.20843781048261,9.823025665448608,-0.2920336886368506,0.0015099071158657632,3.1755123351256573,95.52320149928526,Sharp_Turn
2026-03-10 23:57:58.920943,-0.03793196675506995,4.34186782198885,9.787932453668507,-0.3351082224652569,-0.012216890695764263,3.2825796104559632,95.71082549548323,Sharp_Turn
2026-03-10 23:57:58.970943,0.03709165470723589,4.582278080415886,9.84184344560141,-0.3133097056544786,0.015742064803633382,3.4343958102194487,95.44397786420818,Sharp_Turn
2026-03-10 23:57:59.020943,-0.012909407511273124,4.6877282123582,9.808819580304263,-0.34244093204515375,-0.009660447241699448,3.5194285118042608,95.83034374683886,Sharp_Turn
2026-03-10 23:57:59.070943,-0.001459139613486881,4.808425864079827,9.836679869232341,-0.3428496052570315,0.004495363345996186,3.631316109059402,95.62038629227585,Sharp_Turn
2026-03-10 23:57:59.120943,-0.028634999155996377,4.8853094330637825,9.792314366087757,-0.3874121958407537,-0.01058356163510095,3.696479949989141,95.71397899011981,Sharp_Turn
2026-03-10 23:57:59.170943,0.04441790946067152,5.0920717320258175,9.812527525220528,-0.3560818187457643,-0.002284747095439018,3.806054731993667,95.53710662639286,Sharp_Turn
2026-03-10 23:57:59.220943,0.02162939501403857,5.159038061806173,9.815679173164025,-0.37647860550867546,0.011202505942478983,3.885110821885671,95.36625821903611,Sharp_Turn
2026-03-10 23:57:59.270943,-0.0021556872281717123,5.238155974693212,9.78878202500379,-0.3938267258780418,-0.003375820986353455,3.942622450855805,95.67712884969126,Sharp_Turn
2026-03-10 23:57:59.320943,-0.021805678147355925,5.315606741382692,9.779322522174033,-0.40258974694022925,-0.01208311590397261,3.9895897377082306,95.79362797454034,Sharp_Turn
2026-03-10 23:57:59.370943,0.020959193543397495,5.414482854424299,9.83346016841577,-0.3632014608884247,0.0314048291108247,4.060731708173857,95.74466526680648,Sharp_Turn
2026-03-10 23:57:59.420943,0.003768375743957853,5.428278798575691,9.812392381263674,-0.40230681783268324,-0.009480089293451413,4.099448542876067,95.75831762125785,Sharp_Turn
2026-03-10 23:57:59.470943,-0.0004411076901325809,5.481673857125704,9.836064875156644,-0.38577194183534275,0.009118620533581178,4.127136082316966,95.638083888861,Sharp_Turn
2026-03-10 23:57:59.520943,-0.02388960453346938,5.444643173120704,9.779113608921465,-0.41629139226501166,-0.01676938021820465,4.114202315809582,95.21791784054501,Sharp_Turn
2026-03-10 23:57:59.570943,0.025183879359646513,5.528693437030072,9.840977590080714,-0.3774113376890167,0.015830795927257155,4.152280488198788,95.63415859542201,Sharp_Turn
2026-03-10 23:57:59.620943,0.007370296874500253,5.499492039129531,9.836792116260568,-0.39423549483457004,0.005685885627411716,4.154032515877874,95.7094019682246,Sharp_Turn
2026-03-10 23:57:59.670943,0.006337170522494067,5.483608879007491,9.781630503528875,-0.39945304175670204,-0.009635030732970423,4.139166461774118,95.27200800109891,Sharp_Turn
2026-03-10 23:57:59.720943,-0.01615510822439341,5.4505686226318835,9.786783705539385,-0.40242925852096173,-0.0034569659053846954,4.112044671414015,95.70734079417703,Sharp_Turn
2026-03-10 23:57:59.770943,0.026996114506363245,5.475780868682283,9.81392339302561,-0.38180180121145413,0.008694562122597501,4.091598214848854,95.78697964415137,Sharp_Turn
2026-03-10 23:57:59.820943,-0.0008669054611721281,5.392988979643315,9.809998572081755,-0.38490857020200736,-0.001538136553013221,4.0540368163884395,95.8376907283967,Sharp_Turn
2026-03-10 23:57:59.870943,0.00030749151473163233,5.309784486152741,9.825122627827254,-0.3824871775495709,-0.004164861466109456,4.014734277805295,95.85856556447294,Sharp_Turn
2026-03-10 23:57:59.920943,-0.02974921061509649,5.215560609243871,9.773569488801632,-0.39423348311703227,-0.009865592505635616,3.9348817997022962,95.32742629338458,Sharp_Turn
2026-03-10 23:57:59.970943,0.05997906528244823,5.193844212801929,9.861796399871578,-0.3542713579458917,0.011750249741195037,3.897192167489439,95.30033611796559,Sharp_Turn
2026-03-10 23:58:00.020943,0.002517678860343958,5.045954658979481,9.819737297876763,-0.36063594244366903,0.0007531317817353203,3.8012263372046684,95.30996552851639,Sharp_Turn
2026-03-10 23:58:00.070943,-0.014193556735293829,4.9365806228213645,9.820739090845487,-0.3615553123647393,0.0014918003828748834,3.7251819758678844,95.31363023447182,Sharp_Turn
2026-03-10 23:58:00.120943,-0.025192847928109857,4.802289790712035,9.79211099729232,-0.3505207606601121,-0.008286431443092308,3.611900146946091,95.31992830399221,Sharp_Turn
2026-03-10 23:58:00.170943,0.015761652703930012,4.702915740101312,9.85806735694785,-0.3423917141676403,0.010688568552982915,3.5401164932390374,95.3154957789412,Sharp_Turn
2026-03-10 23:58:00.220943,0.011687464996249695,4.553983599072258,9.814422413501166,-0.32707146857678226,-0.0027092459940172135,3.4251612838481846,95.58885142985987,Sharp_Turn
2026-03-10 23:58:00.270943,-0.0030032171594797643,4.383195711765889,9.814177156316152,-0.3177454520896968,-0.011523131728518826,3.2896424784995095,95.76578037040018,Sharp_Turn
2026-03-10 23:58:00.320943,-0.018523138933247384,4.177495261203011,9.762790400518009,-0.32580764298427006,-0.018710770572139775,3.166146143595003,95.57770250728603,Sharp_Turn
2026-03-10 23:58:00.370943,0.03908241923228501,4.075819258833044,9.882105584498818,-0.2742359683044865,0.01997089499894281,3.0573853275387615,95.5414642600892,Sharp_Turn
2026-03-10 23:58:00.420943,-0.017712436016073384,3.8376710246833245,9.819298731398003,-0.28177096541710894,0.0015075601387630573,2.905430718288549,95.73159396157365,Sharp_Turn
2026-03-10 23:58:00.470943,-0.020126356481951227,3.674834294663145,9.801596619474855,-0.26683493836038974,-0.00823665488471402,2.7545539076206644,96.00473902080533,Sharp_Turn
2026-03-10 23:58:00.520943,-0.02013160819484509,3.4393789692992875,9.810623932385479,-0.26025971722703295,-0.012340790930983152,2.58763211425494,95.32015778539177,Sharp_Turn
2026-03-10 23:58:00.570943,0.020771472217774638,3.26115186466025,9.82919845098551,-0.22237529374899098,0.009747737762869598,2.4577385547145116,95.77240227176571,Sharp_Turn
2026-03-10 23:58:00.620943,0.013575456937073106,3.041868684481811,9.79727602388389,-0.22249299812645779,0.00554662199642792,2.2732718442225672,95.35086290944163,Sharp_Turn
2026-03-10 23:58:00.670943,-0.031314275709348485,2.788742711192142,9.807825738612568,-0.21685239546939455,-0.012807178258686802,2.0976899773185202,95.69125119470478,Sharp_Turn
2026-03-10 23:58:00.720943,-0.012307855282063806,2.5395969743274334,9.807822531810604,-0.18991371645368266,-0.006011539132316172,1.9200221158046211,95.31544597610878,Sharp_Turn
2026-03-10 23:58:00.770943,0.030554510295652846,2.354351864201953,9.85657079334077,-0.1572455106208568,0.017116928460683866,1.7556081175691542,95.74691189216777,Sharp_Turn
2026-03-10 23:58:00.820943,-0.020044359560194958,2.069041955158989,9.79064104734489,-0.14878026907501138,0.00015565100514467693,1.564759101497905,95.73118917863201,Sharp_Turn
2026-03-10 23:58:00.870943,-0.010158324951958146,1.8483303334474173,9.813536982444274,-0.13710002273716024,-0.009956632148354213,1.383068297637691,95.81070133994552,Sharp_Turn
2026-03-10 23:58:00.920943,0.006813456072257609,1.5756401417198107,9.778573536571365,-0.12068921745359319,-0.0029392245637663594,1.165182283498658,95.55740864722713,Sharp_Turn
2026-03-10 23:58:00.970943,0.010281386532530206,1.3486925423160687,9.823360123094242,-0.08537262718756823,0.005871931472226979,0.994686997027571,95.4099919668765,Sharp_Turn
2026-03-10 23:58:01.020943,0.01314211932813739,1.0685273241272395,9.841452203918282,-0.07256747229304118,0.006008730034122372,0.8023438809557297,95.52615784189408,Sharp_Turn
2026-03-10 23:58:01.070943,-0.0159845961861822,0.7691861717935838,9.789304102325383,-0.06024404451635193,-0.010494584240515546,0.5802587910691694,95.6312003120675,Sharp_Turn
2026-03-10 23:58:01.120943,-0.011335098456114776,0.5386677733394891,9.828042549351208,-0.03635687036628507,-0.0024602133074623275,0.40560903453892594,95.51203914626525,Sharp_Turn
2026-03-10 23:58:01.170943,0.03676562347322293,0.2877041227700563,9.84160547953668,-0.007179384835509199,0.007502033387662442,0.21678929639590735,95.50038936859218,Sharp_Turn
2026-03-10 23:58:01.220943,-0.014675705045472852,-0.013545023589138045,9.797066363315936,0.0003412472829217453,0.0021135052544666634,-0.00419180259917262,95.6096078788432,Sharp_Turn
2026-03-10 23:58:01.270943,-0.0036464346392580354,-0.004899549001040024,9.812399579286822,0.00968435081874256,-0.0032276050627469527,-0.0001278198022051426,95.23819624421222,Normal_Driving
2026-03-10 23:58:01.320943,-0.004555805183911507,0.024520238240426533,9.82421324382117,0.007646339486897854,0.0077658863127941565,0.008143888613764107,95.65477579398133,Normal_Driving
2026-03-10 23:58:01.370943,0.013141742734253774,0.011715156060669245,9.840105273067918,0.010802535464831012,0.010763782325107234,0.00895616559714283,95.1704488756864,Normal_Driving
2026-03-10 23:58:01.420943,-0.014245409013931398,-0.04234417440421075,9.775913640127195,-0.008079628895395922,-0.008224314398077729,-0.014878384531480864,95.36032733581736,Normal_Driving
2026-03-10 23:58:01.470943,0.010134740211015954,0.0014383364157073445,9.826367293898542,0.008240162904998282,0.0018920570657260324,0.010543265632100444,95.50622903715887,Normal_Driving
2026-03-10 23:58:01.520943,0.033361822215334305,0.023436364716851135,9.831939661996854,0.011661763900927423,0.0112588931865755,0.010189494093969662,95.69125642578574,Normal_Driving
2026-03-10 23:58:01.570943,0.014392553054570663,-0.010409444346142278,9.777464828990514,-0.0061623276293037476,-0.0015946687679929772,-0.0009380734174135466,95.82921658055452,Normal_Driving
2026-03-10 23:58:01.620943,0.0046974422741836094,-0.01568015611984755,9.787806155782077,-0.002767962859887925,-0.0012892941794099963,0.002164571724956285,95.74757630593092,Normal_Driving
2026-03-10 23:58:01.670943,0.010590168020985256,-0.0008082537662026674,9.795270978675921,-0.001749896438834032,-0.009849121934486452,0.006493402808274165,95.06315329578506,Normal_Driving
2026-03-10 23:58:01.720943,0.015476722492830598,0.038980033829639466,9.84696274868577,0.011674386228597577,0.016280092521799582,0.006278390036087653,95.13417839798186,Normal_Driving
2026-03-10 23:58:01.770943,0.008545391856376676,0.0008012762859133378,9.838273479702684,0.00391196320860541,0.01332963341261071,-0.008441122086172377,95.6575868918466,Normal_Driving
2026-03-10 23:58:01.820943,-0.01313117481483209,-0.01830028168486756,9.76835517853542,-0.01374800389960031,-0.01590979313881343,-0.02515385837738353,95.69810068971411,Normal_Driving
2026-03-10 23:58:01.870943,0.022778394233870174,0.03978079470263811,9.82146606229878,0.006571095708937479,0.01758061778001123,0.006321038541093517,95.81023774547884,Normal_Driving
2026-03-10 23:58:01.920943,-0.015209137269127853,0.004483530590883766,9.808574758177926,0.006013905833686181,0.0004664054154426005,0.0009247473370861269,95.46272597470511,Normal_Driving
2026-03-10 23:58:01.970943,0.00451301763889057,-0.010078090170437327,9.811535467804061,0.009981778682940388,0.014014646191277368,0.007158525851733911,95.9184198312428,Normal_Driving
2026-03-10 23:58:02.020943,-0.030282748360285876,-0.020893096911629046,9.81226606167156,-0.006208633327073127,0.002346810702029658,-0.01984892032626425,95.32307067310241,Normal_Driving
2026-03-10 23:58:02.070943,0.011205011899370655,-0.021021900408109858,9.830310284398664,0.0068563999142844,-0.00030870315925712974,0.009865188879383176,95.78875824228666,Normal_Driving
2026-03-10 23:58:02.120943,0.0331898135930694,0.03511604477331027,9.84213014812942,0.020672354244355227,0.012968864722249066,0.01835707532971799,96.63576325755652,Normal_Driving
2026-03-10 23:58:02.170943,-0.020858515995589674,-0.030497846730391034,9.808864286019121,-0.011896294408820639,-0.007646855019752207,0.008945243506555888,96.13338922289398,Normal_Driving
2026-03-10 23:58:02.220943,-0.0350552174498868,-0.01995997478027994,9.785570077879854,-0.01092557295592341,-0.015240767007425724,-0.015212600329276451,95.62028766495982,Normal_Driving
2026-03-10 23:58:02.270943,0.015931987263884825,0.02125166336420628,9.813517094378513,0.007403545371532243,0.008773695161313952,0.017675625369947975,95.4973990777229,Normal_Driving
2026-03-10 23:58:02.320943,0.0149959351710967,-0.00567463723671453,9.807451160721099,0.006798527668701096,0.0003567596392389956,0.004260418429269042,95.82210040283255,Normal_Driving
2026-03-10 23:58:02.370943,0.021742797950967126,0.04001108280559671,9.845031111819626,0.007795070002814899,0.010089951629818582,0.0037679739898863725,95.48215661216668,Normal_Driving
2026-03-10 23:58:02.420943,-0.03914907046438404,-0.03690670219597037,9.795646593992203,-0.011117525863946383,-0.02226931755238205,-0.016502510936261094,95.45791508850252,Normal_Driving
2026-03-10 23:58:02.470943,0.014873061771135928,0.014069449546655864,9.81577931710217,0.009129603647928758,0.008037180507685222,0.0073461381918784345,95.69726214936217,Normal_Driving
2026-03-10 23:58:02.520943,0.0005841794542886108,0.023566313979894518,9.8265668070367,0.01064042878613684,0.018972007091489138,0.01286361660512178,95.45875548890535,Normal_Driving
2026-03-10 23:58:02.570943,-0.020128176845774844,-0.006920558011197622,9.802240715085635,-0.005442833719723929,-0.007008862985115698,-0.008323254019368773,95.47294143229006,Normal_Driving
2026-03-10 23:58:02.620943,-0.02283090618181616,-0.026263793192707538,9.809292495654612,-0.016254422298042356,-0.00850825755134939,-0.002549473883954709,95.73843848023309,Normal_Driving
2026-03-10 23:58:02.670943,0.009877990402590027,0.013005902069202574,9.83088387914809,-0.005350124767498153,0.003652254170841112,0.00048172069841545366,95.44686375269222,Normal_Driving
2026-03-10 23:58:02.720943,0.017651425366953293,0.007631268332079306,9.823613691278304,0.006940213199958713,0.003908807380985122,0.011638474854001553,95.54178667698635,Normal_Driving
2026-03-10 23:58:02.770943,0.01688125171972356,0.01602824682924566,9.809674494648169,0.009584648303683437,-0.0018380515166096434,0.010867099314073904,95.75105058725062,Normal_Driving
2026-03-10 23:58:02.820943,-0.04932251822988225,-0.037002882864848284,9.751367341202307,-0.027825514967494882,-0.021788677761823937,-0.015956345248964908,95.68620254034116,Normal_Driving
2026-03-10 23:58:02.870943,0.026284428800614712,0.04750009710022774,9.83490992203208,0.005889097399784454,0.01935524448829014,0.012226056665779955,95.08845582961807,Normal_Driving
2026-03-10 23:58:02.920943,-0.00584752428797674,0.01132649922120016,9.822211062398777,-0.0005029663339902791,0.00905911484069707,0.007965098808736347,95.54481266354567,Normal_Driving
2026-03-10 23:58:02.970943,-0.006496153247756365,0.0009340896193017077,9.811068524739124,0.0013801071508666783,0.0075419915374329086,0.009400986531733818,95.99614249691756,Normal_Driving
2026-03-10 23:58:03.020943,-0.03715300820202708,-0.009121435130308381,9.787872164535928,-0.01084467108931908,-0.008055546193374848,-0.01025681714942191,95.52258964363953,Normal_Driving
2026-03-10 23:58:03.070943,-0.01960545208490851,0.013248554304703362,9.832559648385518,0.007002031935502316,0.004783336649916966,0.008237105247359811,95.42659041583711,Normal_Driving
2026-03-10 23:58:03.120943,0.022387984838411257,0.018870739659447272,9.814502179468837,0.007038334274101202,0.0011557224195306035,0.0035712347560077212,95.91937396337117,Normal_Driving
2026-03-10 23:58:03.170943,0.00683724251713381,0.0121650263190454,9.811321980417743,-0.013439218888167088,-0.004572406881556133,0.0018945645582044192,95.54309664323331,Normal_Driving
2026-03-10 23:58:03.220943,-0.042017451549421166,-0.03038579838514884,9.77161653844779,-0.007884044814822366,-0.015109542711362361,-0.007257012724199867,95.74622882007729,Normal_Driving
2026-03-10 23:58:03.270943,0.046958115524017775,0.03048288483295604,9.855935896311697,0.012559623144318011,0.010451003808350446,0.020080899454122936,95.77691516513879,Normal_Driving
2026-03-10 23:58:03.320943,-0.01823813608823504,-0.0052640926182048724,9.791985372398496,0.009990055469525907,-0.007726381621716046,-0.004440647965586567,95.7785401599282,Normal_Driving
2026-03-10 23:58:03.370943,0.009946538349112037,0.02950724430466947,9.80996082571969,0.004245636102407008,0.0015890281643431278,0.016221814253574954,95.39535608305367,Normal_Driving
2026-03-10 23:58:03.420943,-0.016500932648579957,-0.05145751934246136,9.786254455837662,-0.014005376096995911,-0.005053735814372294,-0.020063079926328168,94.9912670805764,Normal_Driving
2026-03-10 23:58:03.470943,0.03959983254426973,0.01646143956075451,9.821585711708853,0.008599865106092308,0.004008676819787627,0.009665833154674848,95.93717223914275,Normal_Driving
2026-03-10 23:58:03.520943,-0.012081810116361261,0.028683770306590993,9.832757149541157,0.021209757878326428,0.01758142182764498,0.0065540089595564335,95.54102700359348,Normal_Driving
2026-03-10 23:58:03.570943,-0.01100206253452642,0.008470463098429911,9.78380421180995,-0.004532278726354565,0.008573918676953635,0.0029256840132779573,95.93107626831022,Normal_Driving
2026-03-10 23:58:03.620943,-0.03202792979272746,-0.012167284935326232,9.778992709866662,-0.008987575675861337,-0.018699179124052473,-0.018729333900860484,95.28794431637048,Normal_Driving
2026-03-10 23:58:03.670943,0.01445338569912928,0.03233523348446579,9.846324084925785,0.006221268612084799,0.004251036235071891,0.011137916117212616,95.01504457513548,Normal_Driving
2026-03-10 23:58:03.720943,-0.014306528405660816,-0.01514144655815177,9.8050119059697,0.002780007105512212,-0.012832147338146029,0.0004931852427357401,95.79607241122544,Normal_Driving
2026-03-10 23:58:03.770943,0.022080596594365995,-0.011034708901541443,9.82973122744802,0.008030242152231658,0.0005365248801815839,0.01650770580048303,95.78909887751429,Normal_Driving
2026-03-10 23:58:03.820943,-0.04762637413438959,-0.03945066756383732,9.757563674117419,-0.020557581927896324,-0.015066971928365149,-0.025020936980232705,96.01497721576385,Normal_Driving
2026-03-10 23:58:03.870943,0.04265948362481378,0.0069589207711729766,9.846366365456433,0.016005316125220284,0.003909091222641027,0.016234429611791126,95.7547192013067,Normal_Driving
2026-03-10 23:58:03.920943,0.0008673542241226669,0.0046328376564765995,9.811968132866502,0.004003780509214011,0.00423297787201163,0.009096544639191746,95.8123460141938,Normal_Driving
2026-03-10 23:58:03.970943,0.018730781991111504,0.001188782121082527,9.812084379813012,-0.008797022333634,-0.0007440009209019954,-0.002009627797334458,94.71405124371238,Normal_Driving
2026-03-10 23:58:04.020943,-0.023555901424360936,-0.03140041853640632,9.795861860994643,-0.0056943966397573695,-0.0031716446265094888,-0.005185303230994908,95.42795601098021,Normal_Driving
2026-03-10 23:58:04.070943,0.03679250550158124,0.026292954435482713,9.821224048199715,0.012995074303311385,-0.0004436111282532344,0.011474800433956545,95.46981141684543,Normal_Driving
2026-03-10 23:58:04.120943,-0.011248375424865575,0.003231829472405178,9.823480169086343,-0.01330725075433244,0.014748660465938243,0.0026796929987141934,95.52782622171618,Normal_Driving
2026-03-10 23:58:04.170943,0.008546257921137576,-0.00039804649892904737,9.832542352874121,0.0006176548377806058,-0.00788600085380025,0.0005855048029735454,95.17666556508503,Normal_Driving
2026-03-10 23:58:04.220943,-0.03621797916900864,-0.03713348611950611,9.780141592450668,-0.019994780407805387,-0.01023222834119432,-0.020025697831848006,95.65303840875278,Normal_Driving
2026-03-10 23:58:04.270943,0.029317512235898624,0.030985438187551263,9.863924754470169,0.020774042560171506,0.025219688410010203,0.006758586576847974,95.671061436661,Normal_Driving
2026-03-10 23:58:04.320943,-0.0011613655520075735,0.005634952512000298,9.806551045569845,-0.007069912864624186,-0.005113770788159055,-0.005554816616847487,95.79901315543044,Normal_Driving
2026-03-10 23:58:04.370943,-0.009704082805459138,0.003344113284957776,9.82061120576127,0.00029586915899826316,-0.01044628325409026,0.008049206147649129,95.24770199388965,Normal_Driving
2026-03-10 23:58:04.420943,-0.03933792155710089,-0.049542149939575855,9.775822470025423,-0.020358112104201534,-0.013522313584793139,-0.023537835690708813,95.63409059403797,Normal_Driving
2026-03-10 23:58:04.470943,0.00856459010367274,0.023492824810853675,9.833303260900152,0.004729973102038366,0.003965327235715557,0.0018778139376698488,96.24135406119771,Normal_Driving
2026-03-10 23:58:04.520943,0.002221390543511675,0.008417272460974665,9.819914869862648,0.0068203374989365744,0.00974434705803796,0.006281935218829958,95.9266087974383,Normal_Driving
2026-03-10 23:58:04.570943,0.02370091603290187,-0.01026893302727298,9.813359551196802,-0.011800755681959664,-0.009151295363848367,0.002419920006698931,95.53614348967488,Normal_Driving
2026-03-10 23:58:04.620943,-0.023098542298936105,-0.011649230679663166,9.791128383749436,-0.014975138481913869,-0.023971859545582563,-0.013679506532519816,95.49517098744916,Normal_Driving
2026-03-10 23:58:04.670943,0.024179413281816976,0.03282917145690944,9.845257119742493,0.019441602617575677,0.01380876422357466,0.015060780956606373,95.4699281098392,Normal_Driving
2026-03-10 23:58:04.720943,0.01567174299777965,-0.030731700590560185,9.808335155846246,0.0018202061149853194,-0.014552832732430902,-0.004502658876216246,95.6759894967937,Normal_Driving
2026-03-10 23:58:04.770943,0.026441627944143797,-0.0030708595612522673,9.818082372675732,0.012353809119710806,0.007303185117231644,0.00026007267771619314,95.7250802530629,Normal_Driving
2026-03-10 23:58:04.820943,-0.021963012056044274,-0.03208779599495686,9.772647273084726,-0.016916525536721915,-0.005351923292953057,-0.019849591506688885,95.7276424232371,Normal_Driving
2026-03-10 23:58:04.870943,0.03420616592570849,0.03594107285627955,9.82816203411726,0.008507712910773828,0.012970212612953355,0.019213245873670598,95.60571543323225,Normal_Driving
2026-03-10 23:58:04.920943,0.025559934801206226,-0.024628612137050893,9.812580765209617,0.0004317193413754779,0.011287358924277765,0.0032056292865688505,95.46963451925177,Normal_Driving
2026-03-10 23:58:04.970943,-0.021229333361148774,0.0044905737177172896,9.766381720306978,-0.00187729207369198,0.0024988794112125153,-0.009253153562898664,95.789461786877,Normal_Driving
2026-03-10 23:58:05.020943,-0.025043233761681077,-0.004896979141303841,9.79272572744658,-0.012839152172887221,-0.01585847427765343,-0.004844637335975397,95.52527731055258,Normal_Driving
2026-03-10 23:58:05.070943,0.006815331475797361,0.04308281178073507,9.832312777275444,0.02829231167189969,0.02071225056776627,0.014126607134112922,95.77976437700943,Normal_Driving
2026-03-10 23:58:05.120943,-0.023075349657717667,0.004175118658885665,9.813036647094961,0.006442601668314155,-5.190727852959556e-05,-0.005687803862108064,95.02365515942006,Normal_Driving
2026-03-10 23:58:05.170943,0.0026325565675897585,0.0018878722842788666,9.817971064990529,-0.006162019449717916,-0.002008260032055398,0.0033376088461872042,95.60070119520562,Normal_Driving
2026-03-10 23:58:05.220943,-0.03751976926629641,-0.02616446317115687,9.771127920476218,-0.02753581212253261,-0.02609917871577569,-0.019526875749289938,95.87003599036068,Normal_Driving
2026-03-10 23:58:05.270943,0.057002186880125996,0.03022227798139751,9.840850212410166,0.01624536215615378,0.017010586540477813,0.01689745233373937,95.48487580960395,Normal_Driving
2026-03-10 23:58:05.320943,-0.012128337959762774,0.0003316444420157008,9.797702985068668,-0.005600551389272861,-0.0025675937171142837,-0.007473731532069764,95.82941694507342,Normal_Driving
2026-03-10 23:58:05.370943,-0.002446475674528918,-0.026906352056291723,9.791838143413607,0.005430402845585876,-0.01072844638487598,0.0003209081433960118,95.64562894293041,Normal_Driving
2026-03-10 23:58:05.420943,-0.012720954218406664,-0.03443250906961502,9.798489713956393,-0.004933206540461083,-0.01372487378111974,-0.006742441169647399,95.35071713849969,Normal_Driving
2026-03-10 23:58:05.470943,-0.02148760186716925,0.029006671053635795,9.85226429452987,0.0186505884711585,0.01443257291538894,0.026832790361536255,95.95795059128808,Normal_Driving
2026-03-10 23:58:05.520943,0.01935424854562561,-0.0020220388942131743,9.818464605430965,0.013331686863254914,-0.0004041760672454809,0.01917431599146514,95.65088125027863,Normal_Driving
2026-03-10 23:58:05.570943,0.007064045580033053,0.007103369711363653,9.795536362218453,0.0038553128842001645,-0.002648425208113017,-0.0007441927880641468,95.51701630136155,Normal_Driving
2026-03-10 23:58:05.620943,-0.038692223450187996,-0.021035768860007145,9.75865324190344,-0.018108063221902684,-0.022970435938613025,-0.012918039355351218,95.36824640898969,Normal_Driving
2026-03-10 23:58:05.670943,0.05144302838789179,0.0493468354620171,9.86265216970511,0.03042196389284189,0.021709886204866115,0.014251210208704205,95.5923984746856,Normal_Driving
2026-03-10 23:58:05.720943,-0.023379007209757677,-0.011311756784758235,9.809435857125251,-0.0036558719066322755,-0.007910840073263207,-0.010861689521199602,95.44937287084144,Normal_Driving
2026-03-10 23:58:05.770943,0.017296555843468262,0.006790928563501184,9.814317666550094,-0.003549833884956394,-0.0023294178622290562,0.0011004135101570888,96.08380926506143,Normal_Driving
2026-03-10 23:58:05.820943,-0.03473075435025673,-0.03995499152435757,9.767613254468145,-0.021049545269400845,-0.005414649272492597,-0.012432457937202305,95.6338080765805,Normal_Driving
2026-03-10 23:58:05.870943,0.01602414056851939,0.01969215756741012,9.820764503841238,0.009085996344047602,0.00900587177395415,0.015572494575296254,95.43022726747692,Normal_Driving
2026-03-10 23:58:05.920943,0.02521808496970459,0.03115821319283956,9.833752134269789,0.004779828559537585,0.0022091941542647505,0.0055875109622866995,95.53259883202804,Normal_Driving
2026-03-10 23:58:05.970943,-0.012541120116504307,-0.024532041046028498,9.813420651532175,-0.013827270615835179,0.003478711047732113,-0.01724769562959073,95.62800675881128,Normal_Driving
2026-03-10 23:58:06.020943,-0.029370495235482307,-0.018942229527422062,9.792920796973645,-0.012030623119681241,-0.0077308062007851565,-0.01065720806523674,95.2521290718483,Normal_Driving
2026-03-10 23:58:06.070943,0.02224819208476365,0.03758396073564099,9.829744740665296,0.015402193656423015,0.017032336765837548,0.008971739899028247,95.89899235514972,Normal_Driving
2026-03-10 23:58:06.120943,0.0008805965531169906,-0.01209179101933166,9.78801027497556,0.00029263184453849015,-0.00034014610372898584,0.0034882917960612657,95.86099065952807,Normal_Driving
2026-03-10 23:58:06.170943,0.0012889270003984487,0.03383436057873425,9.834457555400041,0.003929461645541374,0.0034096358512102883,0.006950564741374379,95.22432269033774,Normal_Driving
2026-03-10 23:58:06.220943,-0.023035911937252858,-0.03479896666557791,9.783833759362109,-0.018887746702497266,-0.018937561160349736,-0.008562312787336466,95.55937422749547,Normal_Driving
2026-03-10 23:58:06.270943,0.02249409555613245,0.043838957632941905,9.842595484250996,0.019473499598926716,0.013944955367632683,0.023455688569465182,95.64121693020044,Normal_Driving
2026-03-10 23:58:06.320943,0.010084524387927259,-2.8748659997674883e-07,9.808471684075204,0.0014291605342988821,-0.009325047261010574,0.005851861680184038,95.27545166944445,Normal_Driving
2026-03-10 23:58:06.370943,-0.0008696962988123235,-0.014770667730638643,9.800107377323622,-0.008748346709031135,-0.003020460981115283,-0.002112669821400585,95.88726280978234,Normal_Driving
2026-03-10 23:58:06.420943,0.006246679389735553,-0.005989944050048919,9.794831754549708,0.005762063035230593,-0.004125107364641742,-0.0029096683792668174,95.21170346437786,Normal_Driving
2026-03-10 23:58:06.470943,0.02340170133908977,0.027787365121283023,9.836970055011603,0.015299329273961049,0.007237287357447188,0.00683884123055338,95.35186063620218,Normal_Driving
2026-03-10 23:58:06.520943,0.00795436990105344,-0.006236507814552834,9.819406330649857,-0.0009849780345774276,0.0015374978443907375,0.004356241273450141,95.89771200984893,Normal_Driving
2026-03-10 23:58:06.570943,-0.019416162886908173,0.005846681668397559,9.787350483157697,0.004130606565836708,-0.0015357610460185489,-0.010696452180575376,94.98435477964557,Normal_Driving
2026-03-10 23:58:06.620943,-0.017833194256784014,-0.02511612311698051,9.786454719968074,-0.0152099884552126,-0.015324463737623382,-0.012677353478520137,95.69790303571395,Normal_Driving
2026-03-10 23:58:06.670943,0.03128225892352868,0.05075391884194375,9.829048661678195,0.03552919588316491,0.009106759059340792,0.016285790024478688,95.8182811822505,Normal_Driving
2026-03-10 23:58:06.720943,-0.030837957714764257,-0.034979741174331516,9.79144755077581,-0.010940466171961932,0.002516670349542045,-0.014004352274983593,95.43505032695887,Normal_Driving
2026-03-10 23:58:06.770943,-0.025685857341734005,-0.01856402835426444,9.813922269837379,-0.0016757914728221033,-0.006712076917261856,-0.007802595527317248,95.90453495038187,Normal_Driving
2026-03-10 23:58:06.820943,-0.00548019889594711,-0.035024457338619086,9.800137536136797,-0.010341000601888068,-0.001388915633195661,-0.009930297937023307,95.80036434240073,Normal_Driving
2026-03-10 23:58:06.870943,0.025256296018182717,0.01621776781868575,9.826525887779828,0.0074757418129885265,0.017267466367368818,0.01626632183151896,95.75570435745657,Normal_Driving
2026-03-10 23:58:06.920943,0.020660259918919618,-0.013829493137929772,9.810173334066318,0.0035451195190124942,0.005743533624479357,-0.0007101476835786828,95.63050508358879,Normal_Driving
2026-03-10 23:58:06.970943,0.005908151257898106,-0.009449537376864952,9.794841768163227,-0.019055131446526524,-0.0001004129672975522,-0.0027106547077119765,95.62519835300529,Normal_Driving
2026-03-10 23:58:07.020943,-0.02522631435012266,-0.009932865653689928,9.806371367587772,-0.0057046522367631535,-0.005762005762135123,-0.00357943572770428,95.23917433782687,Normal_Driving
2026-03-10 23:58:07.070943,0.02603315051472054,0.019243559332744554,9.844841943507795,0.01662716725326038,0.00697676920276624,0.015070669382058963,95.92861432875891,Normal_Driving
2026-03-10 23:58:07.120943,-0.015142325068916737,-0.04062672797159409,9.810868652607395,-0.013592724585366624,-0.0005275993996820367,-0.01781094494374516,95.73527841737712,Normal_Driving
2026-03-10 23:58:07.170943,-0.018672522256123484,0.011174303742440892,9.823438551924793,-0.008375005711027088,0.002198163650069899,0.0036469796175948622,95.4003118411347,Normal_Driving
2026-03-10 23:58:07.220943,-0.009231516039324247,-0.03015466871009911,9.804755903668537,-0.020830910583857838,-0.02255582698713566,-0.010422830890756194,95.51659595857647,Normal_Driving
2026-03-10 23:58:07.270943,0.04479039550902554,0.02153908904684232,9.841134711486479,0.0279899504281384,0.01116547938272286,0.008342374691928554,95.84550388174188,Normal_Driving
2026-03-10 23:58:07.320943,-0.006098623185859655,0.017116350291906397,9.796920242873576,0.017199551869524498,-0.007674279263730392,-0.0014030768498430293,95.25569012532945,Normal_Driving
2026-03-10 23:58:07.370943,-0.02187033433815024,-0.011211788730622741,9.790928117398318,-0.02099418033634152,-0.00566845982067729,-0.007285301440413576,95.61709306021869,Normal_Driving
2026-03-10 23:58:07.420943,-0.008706327506019362,-0.003213470656567338,9.807391608157715,0.003092053657634695,-0.014093069854875451,0.003439465624148136,95.59969881046949,Normal_Driving
2026-03-10 23:58:07.470943,0.04031304669611953,0.02124460546227564,9.846623063974787,0.01407966500595358,0.0055662169874824375,0.015151685142052231,95.34808496954373,Normal_Driving
2026-03-10 23:58:07.520943,-0.014871542078443382,-0.012068656916593609,9.808232813589472,-0.00907280932385026,-0.006844205706812157,-0.0024517555244801476,95.75678248187216,Normal_Driving
2026-03-10 23:58:07.570943,-0.020659472719666547,-0.011711951008652653,9.81246364853775,0.0028226503576510363,-0.00826673517455501,-9.489243695453035e-05,95.34488409428533,Normal_Driving
2026-03-10 23:58:07.620943,-0.01780400005548541,-0.016224916549527776,9.800696633989537,-0.004214366097478342,-0.012873226465189552,-0.01965939818371549,95.33527782450484,Normal_Driving
2026-03-10 23:58:07.670943,0.022155608624970756,0.008724118760238778,9.855912797835703,0.019202994391107706,0.01861973145074374,0.017557481844025433,95.52129112791766,Normal_Driving
2026-03-10 23:58:07.720943,0.0006962375032312298,0.006688080417540661,9.8005923587038,0.0019498226550200724,-0.006917824890915664,-0.010594670951021465,95.59152249425442,Normal_Driving
2026-03-10 23:58:07.770943,-0.028151821059974057,-0.01642709477159418,9.78696562652179,-0.012320492497537354,-0.0030713757246312113,-0.006393711663159129,96.40834999730913,Normal_Driving
2026-03-10 23:58:07.820943,-0.003085083085571509,0.0019991569642864113,9.79920587431877,0.00805847622788394,-0.009713460151277695,-0.0047801603576413994,95.45038909543126,Normal_Driving
2026-03-10 23:58:07.870943,0.0168466991760955,0.027401884202129363,9.81350219257188,0.0055262459683763695,0.010853707237811335,-0.0006797984156413847,95.38924717345994,Normal_Driving
2026-03-10 23:58:07.920943,0.0072693938168612365,0.0010118061190452204,9.806008718664495,-0.0020046506338534066,0.006159196392888221,0.004609476613949223,95.8473084980714,Normal_Driving
2026-03-10 23:58:07.970943,-0.03885410444155535,-0.011962199000932365,9.795900503768333,-0.003840722888585563,-0.011231646272535702,-0.005765012142015406,95.02857454819271,Normal_Driving
2026-03-10 23:58:08.020943,-0.012809135900159101,-0.021803077453103697,9.806030176914685,-0.0013140960724232799,0.0007181217501517475,-0.0049041523943821955,95.7757333491882,Normal_Driving
2026-03-10 23:58:08.070943,0.013963432580875543,0.02525842467167895,9.828431312665701,0.023168289354698397,0.002332216962278708,0.01763626819876379,95.37297127549193,Normal_Driving
2026-03-10 23:58:08.120943,-0.01831689875575202,-0.006523482635942251,9.810290232137572,0.000617409947560205,-0.0017200689193361792,-0.013659013464909466,95.66853532256832,Normal_Driving
2026-03-10 23:58:08.170943,-0.01847843924397198,-0.01455889277548076,9.78607595721111,0.0008288651798829382,0.004337927783960633,-0.014214929473680298,95.06818600819346,Normal_Driving
2026-03-10 23:58:08.220943,0.0038281417583911903,0.011093570406264394,9.814679038390208,-0.004160890498346125,-0.0015638060240517457,-0.010616514252837404,95.5110163671425,Normal_Driving
2026-03-10 23:58:08.270943,0.015536919118779219,0.011775135834271387,9.831884361944145,0.005118904178224852,0.01302579706318075,0.0192638540682988,95.67273489653213,Normal_Driving
2026-03-10 23:58:08.320943,-0.007832944360615922,0.0017415227079623057,9.830116159081255,0.000592348017710769,0.012863245863520785,0.011809341172872738,95.72795001191743,Normal_Driving
2026-03-10 23:58:08.370943,-0.01577664348535205,-0.015172936872836919,9.778419789126053,-0.013508929105523764,-0.02112821639908621,-0.014222117469033539,95.57924832648412,Normal_Driving
2026-03-10 23:58:08.420943,-0.005169116144422711,0.011842854292873206,9.818920352847195,-0.000980915839758908,-0.002710515142058169,0.002440741028949629,95.43596028854344,Normal_Driving
2026-03-10 23:58:08.470943,0.004638786128070109,-0.0058825064056394274,9.82872059627152,0.012618236535165243,0.007561365935618286,0.01468576641581906,95.8708270065369,Normal_Driving
2026-03-10 23:58:08.520943,-0.00814198274959724,-0.004107602092822765,9.80390042690106,-0.011954678393705597,0.0033026367245104307,-0.008056541670547212,95.84458655125684,Normal_Driving
2026-03-10 23:58:08.570943,0.0016224977086729507,-0.019840500447481525,9.79031142287648,0.0030156933170958885,-0.005809777489626712,-0.006766547147853243,96.33018447566663,Normal_Driving
2026-03-10 23:58:08.620943,-0.01318797490675863,-0.020997743395327034,9.796551689371015,-0.001743724668651709,-0.007360191732988118,-0.00046161666852711624,95.36617255550505,Normal_Driving
2026-03-10 23:58:08.670943,-0.005851874232064096,-0.011360705852715168,9.826921029212265,0.009896579362354207,-0.004822981331774848,0.004644968029642684,95.36617255550505,Sudden_Acceleration
2026-03-10 23:58:08.720943,0.3169555202611517,0.004509235476842131,9.823641034424407,0.001752836222480265,-0.042134611466027386,0.009314186898643311,95.42471674275095,Sudden_Acceleration
2026-03-10 23:58:08.770943,0.6634210925588426,0.015022361570617296,9.84419607103472,0.00697472063514119,-0.08917720562220997,0.0022749517933943948,95.54142543572321,Sudden_Acceleration
2026-03-10 23:58:08.820943,0.9321162908227593,-0.048531119993332296,9.75208663791802,-0.029521719622481415,-0.1541779823556078,-0.010954160916430263,95.7155417337631,Sudden_Acceleration
2026-03-10 23:58:08.870943,1.2752209645527228,-0.011504914047819656,9.818634158470207,-0.0020004994792780263,-0.18953613713272058,0.004939544173083063,95.94593642586392,Sudden_Acceleration
2026-03-10 23:58:08.920943,1.601214505971399,-0.0019666424731937006,9.800818726314224,0.008412159124313628,-0.21551158964480743,0.006147282775591258,96.23111531403764,Sudden_Acceleration
2026-03-10 23:58:08.970943,1.8728240307353183,-0.014916354122193134,9.804271397138988,-0.003679213062629595,-0.28246278446286155,-0.006384140721193072,96.56922890376234,Sudden_Acceleration
2026-03-10 23:58:09.020943,2.1399009922250705,-0.006150647291823961,9.802477937415963,0.005742975922500049,-0.34042515216244335,-0.010249295460144952,96.95808439866377,Sudden_Acceleration
2026-03-10 23:58:09.070943,2.4352982953540114,0.006433401764618145,9.81288251484261,0.009963126272176244,-0.3587689797540233,-0.0031837027928396707,97.3951599216414,Sudden_Acceleration
2026-03-10 23:58:09.120943,2.709971706548737,-0.0015757666859569242,9.814319405897907,0.0009070388968790972,-0.40058263377907244,0.005512302587027907,97.87762087020899,Sudden_Acceleration
2026-03-10 23:58:09.170943,2.9248797686859995,0.011491638441012086,9.812518990720482,0.003267578929502341,-0.42539341585411233,0.0015889545667558316,98.4023382999796,Sudden_Acceleration
2026-03-10 23:58:09.220943,3.0890769654369543,-0.047092608991578036,9.76404565658405,-0.026434432346561662,-0.4762230081561417,-0.016306338197605793,98.96590921707052,Sudden_Acceleration
2026-03-10 23:58:09.270943,3.3539830007549396,0.032503678866160506,9.865664614868479,0.005317540356552668,-0.48551617367283606,0.021743430262531366,99.56467864782446,Sudden_Acceleration
2026-03-10 23:58:09.320943,3.516188729756676,0.008780018223991149,9.838189372428586,0.006217334335835514,-0.5192695434514538,0.0008701315219161942,100.19476334271624,Sudden_Acceleration
2026-03-10 23:58:09.370943,3.6449473227538656,0.011900131544493719,9.79831557772257,-0.006702249207853301,-0.5517860156128495,0.0030666867134524593,100.85207696071608,Sudden_Acceleration
2026-03-10 23:58:09.420943,3.7386172764490775,-0.032977203880334954,9.782349331249467,-0.012753955440017485,-0.5779118273778383,-0.010403050395613225,101.53235657077927,Sudden_Acceleration
2026-03-10 23:58:09.470943,3.861487575858604,0.026105385642202696,9.821830950122004,0.024544259010843963,-0.568049357942189,0.013908676220966483,102.23119029858978,Sudden_Acceleration
2026-03-10 23:58:09.520943,3.9605060347542,0.00950841628901165,9.829747457216445,0.0028974985048013996,-0.5927513671512799,0.004421370485881852,102.94404593925817,Sudden_Acceleration
2026-03-10 23:58:09.570943,4.020326970053229,-0.0069711293468870195,9.803750242040838,0.0006939883783954669,-0.5983391840348726,0.007503685120893871,103.66630035040951,Sudden_Acceleration
2026-03-10 23:58:09.620943,4.0025880047843545,-0.01912606437708471,9.784988350290824,-0.014857820662776303,-0.6208495921397631,-0.01870476341552356,104.39326943503565,Sudden_Acceleration
2026-03-10 23:58:09.670943,4.085468818080147,0.03075178909400316,9.85109371082121,0.012568635553083636,-0.585825522745117,0.018428354449760126,105.1202385196618,Sudden_Acceleration
2026-03-10 23:58:09.720943,3.9941848762110186,-0.02334000419846668,9.80712963726484,-0.009639238886102457,-0.5984661436133127,-0.008909285627144742,105.84249293081314,Sudden_Acceleration
2026-03-10 23:58:09.770943,3.9511755057495415,-0.02054033204103565,9.814596991582665,-0.0005882095081024385,-0.5817409706374529,0.011787476465871617,106.55534857148153,Sudden_Acceleration
2026-03-10 23:58:09.820943,3.8700434158342985,-0.025929250745883425,9.805606745629005,-0.015350528089629773,-0.5889856949133193,-0.008195653387601025,107.25418229929204,Sudden_Acceleration
2026-03-10 23:58:09.870943,3.78165081203878,0.01612397887365025,9.830113925966108,0.022715438409225727,-0.542082936519509,-0.005131747999632978,107.93446190935524,Sudden_Acceleration
2026-03-10 23:58:09.920943,3.626299780984852,0.0004743704894314307,9.800037457379968,-0.0026600694817412256,-0.5433877274684072,0.009879481377870208,108.59177552735507,Sudden_Acceleration
2026-03-10 23:58:09.970943,3.4970705996269134,-0.01422345238913112,9.790816734857579,-0.0022611732028279363,-0.5226213820733047,-0.002353577058292308,109.22186022224685,Sudden_Acceleration
2026-03-10 23:58:10.020943,3.310775147106422,-0.03873535693002918,9.780747112064754,-0.011749570404446952,-0.509409062385529,-0.009466156550069736,109.8206296530008,Sudden_Acceleration
2026-03-10 23:58:10.070943,3.1696906388189103,0.033338617159581425,9.882531049783843,0.012952088013396486,-0.43917390503734915,0.022939543925618075,110.3842005700917,Sudden_Acceleration
2026-03-10 23:58:10.120943,2.884788570290401,0.008852745018017206,9.817299362212486,-0.017535129004213442,-0.43076147535225345,-0.003753076569038106,110.90891799986233,Sudden_Acceleration
2026-03-10 23:58:10.170943,2.667243704207716,0.00505018329329858,9.804662636619081,-0.007872110302474651,-0.3899998714579986,-0.004189698915164606,111.39137894842992,Sudden_Acceleration
2026-03-10 23:58:10.220943,2.422835259582006,-0.008191524016870694,9.812204769071327,-0.009387783665442625,-0.36368491795148034,0.001500550133633846,111.82845447140753,Sudden_Acceleration
2026-03-10 23:58:10.270943,2.1721268738788,0.011962231297454308,9.831742594011581,0.007682786353782913,-0.3027010200311125,-0.004408574633292275,112.21730996630897,Sudden_Acceleration
2026-03-10 23:58:10.320943,1.887798414019342,0.013725674861724019,9.816690786345887,0.015276234458035637,-0.28789385602686607,0.022140131411848344,112.55542355603367,Sudden_Acceleration
2026-03-10 23:58:10.370943,1.5652666800389181,-0.026944187373940887,9.779522014579223,4.509383195690567e-05,-0.24240118288941723,-0.0018167752506327382,112.84060244420739,Sudden_Acceleration
2026-03-10 23:58:10.420943,1.2790095291291588,0.0003669841566853599,9.796024278487097,-0.00015576745955939858,-0.1986366329877368,-0.01354719867313625,113.0709971363082,Sudden_Acceleration
2026-03-10 23:58:10.470943,0.9957672792893145,0.031141170898313662,9.825005409573993,0.019617578051665294,-0.1270567955392472,0.018036787486124244,113.2451134343481,Sudden_Acceleration
2026-03-10 23:58:10.520943,0.6259692270553028,0.007172027992560644,9.790705442531857,-0.01148314149888866,-0.09625634551178903,0.0021385860174128477,113.36182212732035,Sudden_Acceleration
2026-03-10 23:58:10.570943,0.3209657234718685,0.0038817780742388813,9.81580334750143,-0.006902782854249035,-0.055732401241059104,-0.0010518546824286948,113.42036631456627,Sudden_Acceleration
2026-03-10 23:58:10.620943,-0.0010452793641489244,-0.020952098049994212,9.807128532596826,0.0029878179486600544,-0.008505631552312846,0.0014421192490298334,113.42036631456627,Sudden_Acceleration
2026-03-10 23:58:10.670943,-0.019738816159105367,-0.0023266230536407658,9.829142969203867,-0.005184608983415481,0.0044546102565314145,-0.01296702851013056,113.57350882786433,Normal_Driving
2026-03-10 23:58:10.720943,0.013180796743405653,-0.004255515571809011,9.828162708855242,0.009258200766810018,0.007963975781243646,0.006798110735334866,112.9099100216869,Normal_Driving
2026-03-10 23:58:10.770943,0.027670259887953505,-0.0006144468969666427,9.83051362180064,0.0049038662377212635,0.010598281306301714,0.0014996292441000676,113.49024525687328,Normal_Driving
2026-03-10 23:58:10.820943,-0.019420243864785927,-0.03576794620597758,9.790710783483243,-0.021165567055541207,-0.021056911830222284,-0.013884854466026926,113.23740152289125,Normal_Driving
2026-03-10 23:58:10.870943,0.01628306713150049,0.016853480268571665,9.803451024056502,0.006740647678834386,0.011251909479685731,0.004091985538966573,114.16303943299532,Normal_Driving
2026-03-10 23:58:10.920943,0.04509389015787084,0.015633075513469527,9.826131007193565,0.00961368288273979,0.007672585912159687,0.006666295614562985,113.7209384504989,Normal_Driving
2026-03-10 23:58:10.970943,-0.01199648075309816,0.0001285544632085864,9.822953577845377,-0.0023717250920406528,0.0073977340463193065,-0.010683245380289839,113.45149334014565,Normal_Driving
2026-03-10 23:58:11.020943,-0.017628877333035996,-0.014029884580777278,9.809667947740822,-0.009164084758108947,-0.021056970549755364,-0.004660953557160012,113.70081594865552,Normal_Driving
2026-03-10 23:58:11.070943,-0.003226853302220628,0.006062893185085276,9.806721733886471,0.0026151136199940414,0.000779182983881813,-0.0035843269858995977,112.88890990521489,Normal_Driving
2026-03-10 23:58:11.120943,0.012579449437103641,-0.007491311418689195,9.826342345431119,0.007109776139633968,0.007091626416719092,0.0180969620566507,113.54236113215961,Normal_Driving
2026-03-10 23:58:11.170943,-0.0027712370248664563,0.010405648051855253,9.815668241454254,0.0030463824893758214,0.0018444316952612012,0.016273157878302334,112.86766319620457,Normal_Driving
2026-03-10 23:58:11.220943,-0.0439675824415408,-0.036888733433499805,9.769044381221587,0.000599387313751587,-0.017954627225341368,-0.013711754635298817,113.33469459610598,Normal_Driving
2026-03-10 23:58:11.270943,0.009045267020631577,0.04152730384482074,9.810249726732449,0.010537718220162584,0.0221600144757858,0.021300165559143977,113.45423797468509,Normal_Driving
2026-03-10 23:58:11.320943,0.009441031372461231,0.0128471137450035,9.802314223407702,-0.0021843679942497927,0.005287599644379894,0.003329644788605666,113.22958743728553,Normal_Driving
2026-03-10 23:58:11.370943,0.008998013979273599,-0.007543212769160096,9.80698779660379,0.006832121640612778,-0.0013595757169338665,0.007953747222260745,113.2399475328497,Normal_Driving
2026-03-10 23:58:11.420943,-0.015237184322565494,-0.015743647985766798,9.785296486440867,-0.010547676020763697,-0.017479897254871743,-0.0027510866871837706,114.03324572689156,Normal_Driving
2026-03-10 23:58:11.470943,0.02165192127649105,-0.016400146023040622,9.809405035113606,0.005090330065596239,-0.002449413707937415,0.0015871597126572799,113.35980687156005,Normal_Driving
2026-03-10 23:58:11.520943,0.02339710489707403,0.0016522691242030277,9.82698942750277,0.0035743541000595137,0.02271837991092036,0.013875775576828502,113.65244965406181,Normal_Driving
2026-03-10 23:58:11.570943,0.022003342953148507,-0.013351959959029325,9.818713622166143,-0.0008394916747678472,-0.003946219411881384,-0.0006669176265424116,113.11023465183064,Normal_Driving
2026-03-10 23:58:11.620943,0.0018242934231048995,-0.012483901920771177,9.766683711621825,-0.022561472173487272,-0.024268878438876443,-0.013087195073886285,113.43527510710797,Normal_Driving
2026-03-10 23:58:11.670943,0.03565735485722392,0.01677051965168185,9.820070530870826,0.015672695097667343,0.006376149723286184,0.009626799316714221,113.26448873335706,Normal_Driving
2026-03-10 23:58:11.720943,0.0021458786609316388,0.0007592721978603983,9.814554802171584,0.007276021810165637,-0.002339409477487515,-0.00229991502550882,113.28356216152989,Normal_Driving
2026-03-10 23:58:11.770943,0.012038234826705126,0.01679838629658901,9.816339802360494,0.0015115695328937646,0.01100065885011729,0.009342880591397078,113.33416469712252,Normal_Driving
2026-03-10 23:58:11.820943,-0.02269926586999087,-0.049497033105335535,9.791649886340911,-0.01992266166882347,-0.020427555646282312,-0.011904687385264278,113.00699226811825,Normal_Driving
2026-03-10 23:58:11.870943,0.012138100485158522,0.026980746673931053,9.823609569348248,0.018301037932055054,-0.002415904612828308,0.006301873424544538,113.27527485035554,Normal_Driving
2026-03-10 23:58:11.920943,0.03310176284438895,0.02169450685412594,9.840895524195886,0.011677756306487305,0.014405057996875085,-0.0014729987477067,113.10222267345235,Normal_Driving
2026-03-10 23:58:11.970943,-0.023761289056903487,-0.05142346004913683,9.838512043409036,-0.003108358131701621,0.0005623946648552966,-0.009344949747692266,113.73563049344351,Normal_Driving
2026-03-10 23:58:12.020943,-0.021047786700750776,-0.025027354053718347,9.800335622713558,-0.012131994810857362,-0.012492901690867572,-0.00474828528868126,113.59831350385858,Normal_Driving
2026-03-10 23:58:12.070943,0.0025798457981562432,0.002997819174728189,9.828972998728448,0.004104544271145188,0.0151104632125927,0.002022530528573394,113.28206004510108,Normal_Driving
2026-03-10 23:58:12.120943,-0.01592956645202263,-0.006887044347753175,9.80912132700413,-0.008540721339896019,-0.002516841268337593,-0.004191371632083905,113.51011064038836,Normal_Driving
2026-03-10 23:58:12.170943,0.030739390980449827,0.0037184047011675804,9.808824001201375,0.01480356767114238,0.005772833202410113,0.00830681698774857,114.08173507325643,Normal_Driving
2026-03-10 23:58:12.220943,-0.02975880402157227,-0.036305317121204016,9.765855135207767,-0.020947258323296376,-0.020515653884527803,-0.023529333372421565,113.8247559708724,Normal_Driving
2026-03-10 23:58:12.270943,0.01926157711034311,0.05062083921139024,9.852589825862351,0.018631832264999086,0.010061903490233344,0.019622853766235335,112.8389315531642,Normal_Driving
2026-03-10 23:58:12.320943,0.0018249106179447912,-0.002026119059779532,9.821220573627565,0.0007229953712488849,0.005443327123684964,0.005406961520729912,113.26822205729083,Normal_Driving
2026-03-10 23:58:12.370943,0.006260726568296227,-0.01270085052173475,9.81290191759144,0.010697108354728188,-0.015160694766626306,0.010277346339170823,113.47653471895073,Normal_Driving
2026-03-10 23:58:12.420943,-0.019143927827590206,-0.01854005749933208,9.797390832141156,-0.005979712683875673,-0.008250614703417584,-0.006809062998826446,113.39140167989545,Normal_Driving
2026-03-10 23:58:12.470943,0.0181234657073994,-0.0027450421154221003,9.813087428385195,0.007704831857127982,0.018531014258265376,0.008573191800872033,113.65654966232373,Normal_Driving
2026-03-10 23:58:12.520943,0.0010928971573226157,-0.003805839352057418,9.81905601857557,0.001557753741728595,-0.001118682132427465,0.00362194033613154,113.23250212391291,Normal_Driving
2026-03-10 23:58:12.570943,-0.012574892611873797,0.030149690181500766,9.819648047418701,0.0015237561061803447,-0.003843185898954149,0.006166935791089149,113.36539303370796,Normal_Driving
2026-03-10 23:58:12.620943,-0.039136399162117606,-0.059727797669823675,9.783922722135786,-0.01350109697953631,-0.009156374918050795,-0.012634298167158775,113.93515127576492,Normal_Driving
2026-03-10 23:58:12.670943,0.03614474291502198,0.018676284477532373,9.852025977839602,0.006512954109265702,0.016686594440796034,0.011214444202636058,113.47049560695582,Normal_Driving
2026-03-10 23:58:12.720943,-0.00700984608696844,-0.014374363506878724,9.797743452308866,-0.004558306188419451,-0.003509637983054348,-0.005247510828088912,113.4969920880104,Normal_Driving
2026-03-10 23:58:12.770943,0.002333078593204319,0.011705386254384106,9.818227885808653,-0.005473156929781416,0.0009358447503435791,0.005898247325436825,113.13967506547229,Normal_Driving
2026-03-10 23:58:12.820943,-0.03159507763726239,-0.009704614453696057,9.77343034343851,-0.008765509627061718,-0.021671642097600412,-0.01252329608591786,112.9412837762107,Normal_Driving
2026-03-10 23:58:12.870943,0.039430630671758095,0.018016947585217404,9.830591729393552,0.004662890451731672,0.01632067612540804,0.010024436680734645,113.27297042298,Normal_Driving
2026-03-10 23:58:12.920943,0.008568099317835252,0.023232947973505357,9.804810335418031,-0.0014936955640281616,-0.0024699982996125086,-0.00028360210460263383,113.67197999200182,Normal_Driving
2026-03-10 23:58:12.970943,0.0015259539082191353,-0.029506815579078107,9.798993260502776,-0.0034377878378724974,0.0016859498679158273,-0.000919481130108452,112.87366845256761,Normal_Driving
2026-03-10 23:58:13.020943,-0.011025774226180611,-0.02562348975446371,9.79458725208709,-0.022459160090101668,-0.024589177417532818,-0.007529607188278423,113.3832047974237,Normal_Driving
2026-03-10 23:58:13.070943,0.031051487176393715,0.039967579300409894,9.84957994976176,0.014291469103090027,0.020631242909284895,0.017182611825677423,113.35634937586646,Normal_Driving
2026-03-10 23:58:13.120943,0.008617910463276276,-0.00696715565244699,9.786158189766434,-0.019489584228106108,-0.003613470996825279,-0.012494151678494944,112.79779991518681,Normal_Driving
2026-03-10 23:58:13.170943,0.014637910719331099,0.020379428888458017,9.818966047071779,0.016054878207767877,0.005744242941344656,0.012385546986403415,113.22474278898272,Normal_Driving
2026-03-10 23:58:13.220943,-0.029661814170776124,-0.04809511086944224,9.769481151338406,-0.02230065223955288,-0.016213354142120214,-0.015098188859239666,113.64629642437158,Normal_Driving
2026-03-10 23:58:13.270943,0.04611294336684017,0.0362332286805243,9.81724731462628,0.017476437381041893,0.021461365897901877,0.009019031453891165,112.86384426766256,Normal_Driving
2026-03-10 23:58:13.320943,-0.004599918494925415,0.016867162490423974,9.809269012549418,0.008558526480793,-0.0031790720409961264,0.006884547198417856,113.44289094776907,Normal_Driving
2026-03-10 23:58:13.370943,0.01043608571380994,-0.004454221918605571,9.80050972732008,-0.016240148222911317,-0.0031169346292396543,-0.007284573102028425,113.03626618847554,Normal_Driving
2026-03-10 23:58:13.420943,-0.043266229460764555,-0.011493380208743215,9.800177166084868,-0.009735680379045231,-0.014557885519528947,-0.01400478142287822,113.8439352972978,Normal_Driving
2026-03-10 23:58:13.470943,0.017690749960681533,0.034763800193484885,9.826140466958325,0.009445139413783752,0.017563336854912365,0.008148877585247818,113.86157935508338,Normal_Driving
2026-03-10 23:58:13.520943,-0.009627188900424064,0.00027624760417658406,9.814649391430589,-0.00799268195208738,-0.0032324446417677467,-0.003173044794770663,113.50874322865748,Normal_Driving
2026-03-10 23:58:13.570943,-0.0013037987273377682,0.01626906698247189,9.836893555770258,-0.0021356606368961506,0.012010745187695538,0.010601451285908767,112.85311558667625,Normal_Driving
2026-03-10 23:58:13.620943,-0.051230838720479524,-0.03557361174298383,9.771973542310072,-0.011503117549384025,-0.013165328385591374,-0.012912678576162667,113.47590536757873,Normal_Driving
2026-03-10 23:58:13.670943,0.03945845752747001,0.028416464453090737,9.824290860630022,0.011877650761393129,0.019743778151145523,0.0167418910954221,113.31547229496303,Normal_Driving
2026-03-10 23:58:13.720943,-0.0030908432288167544,0.017203691743223032,9.803002740929369,-0.004532129237349002,-0.004701254570492941,-0.010715464326483608,113.77295942580055,Normal_Driving
2026-03-10 23:58:13.770943,-0.012251367419344773,-0.008958764575694944,9.80606865565994,-0.0032398059056075834,-0.006738289267663423,0.0026560196941685364,113.53368403650747,Normal_Driving
2026-03-10 23:58:13.820943,-0.016714265220051677,-0.023647513802878044,9.805655844497782,-0.0021998268761422614,-0.009418841930150783,-0.0120641222881205,112.8897489219954,Normal_Driving
2026-03-10 23:58:13.870943,0.018850884485770936,0.01598593332361685,9.840311738796398,0.0027052727350272638,0.008587128864869117,0.0036560429424477925,113.18211805873062,Normal_Driving
2026-03-10 23:58:13.920943,0.01652093955936681,-0.0012188758686335777,9.826236116719484,-0.00418364297235008,-0.006113523233734151,0.008261807017060616,113.24223386025159,Normal_Driving
2026-03-10 23:58:13.970943,-0.02753643371716217,0.0019265592958197892,9.780679063028012,0.00013181108394321947,0.0031636758430690537,0.01308519608150984,113.72023820681963,Normal_Driving
2026-03-10 23:58:14.020943,-0.03443158374385388,-0.025326544834315064,9.752034198740066,-0.026864062083154873,-0.0077852373413738124,-0.002771271282514899,113.3712152935088,Normal_Driving
2026-03-10 23:58:14.070943,0.043647702961292764,0.048274212059978776,9.86045137102439,0.02397130772302865,0.02501975477308751,0.018284178283178253,113.95635547788348,Normal_Driving
2026-03-10 23:58:14.120943,-0.011003655434535457,-0.0119050025839396,9.775893211967336,-0.009814783448234325,-0.012638469155934869,0.0020088153426260427,113.30150505210827,Normal_Driving
2026-03-10 23:58:14.170943,-0.0039198386069038,0.005697406978357071,9.79836867131898,-0.006881116641364376,0.007802636825085906,0.016083715191135273,112.85926670296682,Normal_Driving
2026-03-10 23:58:14.220943,0.00021708580777435316,-0.009075568908231184,9.798874710801378,-0.0015654250968817974,-0.01753348263077456,-0.004100797286990924,113.80213160690458,Normal_Driving
2026-03-10 23:58:14.270943,0.035449167979189095,0.025724872367558587,9.861581904699788,0.014248450866393224,0.0142207396418839,0.00495776577058548,113.23734436970321,Normal_Driving
2026-03-10 23:58:14.320943,0.00043528884873855755,0.019756082899284537,9.817292195717824,0.003385021376874417,0.0009921878083985914,-0.0012041067211569856,113.76180818988946,Normal_Driving
2026-03-10 23:58:14.370943,0.009084487639936127,-0.002845323533059727,9.7865192756276,-0.00971381009482943,-0.008108909480125473,-0.008885954188856267,113.75969696984679,Normal_Driving
2026-03-10 23:58:14.420943,-0.005938437692808454,-0.008719982514674686,9.78887825218896,-0.006373351412828914,-0.006890540546989171,-0.005151883914558968,113.59082249433499,Normal_Driving
2026-03-10 23:58:14.470943,0.041769492681912455,0.030497013546703745,9.855172700720265,0.015004065368690709,0.022796976588822487,0.022208705911452582,113.53828963653012,Normal_Driving
2026-03-10 23:58:14.520943,-0.028158835678233858,-0.011775424178194067,9.793832622672834,-0.01118409768255302,-0.0015088953341087152,-0.01034439255896104,113.9575865360946,Normal_Driving
2026-03-10 23:58:14.570943,0.013801974677097246,0.00911560365513516,9.801994279366333,-0.006843715985761591,-0.004842900587199025,0.005867175981323312,113.30852324511324,Normal_Driving
2026-03-10 23:58:14.620943,-0.03432002408025817,-0.0008267470971194575,9.779808317399873,-0.014210641370019093,-0.007820661402082513,-0.005546530081592786,113.14262853599261,Normal_Driving
2026-03-10 23:58:14.670943,0.021896391627776735,0.03395714785875553,9.825839519606458,0.012904682046379446,0.015577232289648564,0.010991610880280896,113.41101774588894,Normal_Driving
2026-03-10 23:58:14.720943,-0.007276164053554098,-0.01826045550303875,9.794693868433667,-0.006542297387730624,0.009082775499366,0.002399939934210956,113.26277673292311,Normal_Driving
2026-03-10 23:58:14.770943,-0.006335369264743134,-0.022739230574425853,9.785065143601448,-0.013398035061456568,-0.005504931211914481,-0.007382857830903273,113.80582758255245,Normal_Driving
2026-03-10 23:58:14.820943,0.0010880349545156955,-0.010800159252697695,9.80919668859103,-0.002989029918664525,-0.007692110122842923,0.0008773843390401676,113.352138004501,Normal_Driving
2026-03-10 23:58:14.870943,0.005566387888344345,0.03675063723679607,9.827377935698715,0.0133749471650805,0.011089099795732167,0.011811253937651145,113.40232696265684,Normal_Driving
2026-03-10 23:58:14.920943,0.006571101633833353,-0.025887157407211165,9.79043711132185,0.0035562733835734555,-0.0011441292132150507,-0.004732386015670101,113.30286720118156,Normal_Driving
2026-03-10 23:58:14.970943,-0.006803391533185558,-0.004213461295694804,9.809528363344173,-0.002038879835448895,0.00364911127506676,-0.00863789722839529,113.51660127543852,Normal_Driving
2026-03-10 23:58:15.020943,-0.0005855265499445164,-0.006052867902464076,9.789115659779183,-0.010044136409776899,-0.01382069196008864,-0.013479397959271352,113.14979786476336,Normal_Driving
2026-03-10 23:58:15.070943,0.049438943500371535,0.05131038139301557,9.838989008543333,0.0177571199369816,0.015585839831786701,0.015841996884288796,113.0917496975131,Normal_Driving
2026-03-10 23:58:15.120943,-0.006796333875359697,-0.011653290367184103,9.791799616917997,-0.003170080773278381,-0.011514860268146904,0.00890579343476764,113.32092484642936,Normal_Driving
2026-03-10 23:58:15.170943,-0.013082961107480088,-0.006396760772361346,9.794532536918137,-0.01012398980420688,-0.005234764759346022,-0.022254775923968705,113.01299493497865,Normal_Driving
2026-03-10 23:58:15.220943,-0.012710295192650597,-0.011076118797948706,9.843384957115145,0.00015444511128798687,-0.011954178885745908,-0.0056326998535721345,113.52000188259481,Normal_Driving
2026-03-10 23:58:15.270943,0.0065045027980895846,0.017449774350781332,9.82059145826907,0.018993168251678752,0.008376876450209103,0.014206656343529828,113.47358583982722,Normal_Driving
2026-03-10 23:58:15.320943,-0.004000293777986738,0.017905916918727463,9.81085336026824,0.004604535049330303,0.0026194222245813185,0.01249469814844552,113.17940330292973,Normal_Driving
2026-03-10 23:58:15.370943,-0.031061340964934264,-0.02425321063825145,9.78546319233751,-0.00680098946702847,-0.008885672658110898,-0.006670873129947848,113.73091078283724,Normal_Driving
2026-03-10 23:58:15.420943,-0.019993062737802745,-0.019545130802521467,9.795678736173155,-0.008977685160101556,0.010169953077067265,-0.010872087919219606,113.53233084725449,Normal_Driving
2026-03-10 23:58:15.470943,0.04724995067815587,0.03787497560735311,9.837125510816435,0.014352246398415218,0.022713241105774808,0.021522456096972054,113.19320324789916,Normal_Driving
2026-03-10 23:58:15.520943,-0.008659118776770773,-0.003909722216561005,9.796017599587117,-0.000837785956303184,-0.008843081911679797,0.0036758594427382532,113.3512202177748,Normal_Driving
2026-03-10 23:58:15.570943,-0.02252743300088667,-0.021336700274114506,9.811947216195014,0.0008189976333624234,0.008842382415400427,-0.012727573679130993,113.8435276993991,Normal_Driving
2026-03-10 23:58:15.620943,-0.010269264606858721,-0.009449955148128842,9.823867701759307,-0.003803059311409423,-0.0020218506754667133,0.006455717762223537,113.55519003016104,Normal_Driving
2026-03-10 23:58:15.670943,0.00015730518745662853,-0.007900782626837017,9.835634016452065,-0.007424732223033697,-0.004317623430022116,0.009620264648840046,113.55519003016104,Harsh_Brake
2026-03-10 23:58:15.720943,-0.5077448974645282,0.02359569705292478,9.903995527691201,0.0029086029280428255,0.1028869532149366,0.013553332757472034,113.45977645356822,Harsh_Brake
2026-03-10 23:58:15.770943,-1.0547230470820903,0.029547169102497196,9.93782377622152,0.004081581098230939,0.17443638320487792,0.004617619747429695,113.26945837309657,Harsh_Brake
2026-03-10 23:58:15.820943,-1.620466220125742,-0.03325617713930705,9.969432465676368,-0.010915265111240056,0.24036028786091557,-0.00018688214524074757,112.98525121805088,Harsh_Brake
2026-03-10 23:58:15.870943,-2.104600614124733,0.015821095186067998,10.03631128263623,0.012904785802877457,0.3455564119536615,0.0051995507448939545,112.60867135657205,Harsh_Brake
2026-03-10 23:58:15.920943,-2.5855116682571118,0.037833756093327724,10.101833704122166,0.005462903168936927,0.4335910267672808,0.017887817842811144,112.14172800515698,Harsh_Brake
2026-03-10 23:58:15.970943,-3.0933646379754722,0.0040199962167665835,10.139245025718393,0.007621506843089133,0.5051933522441856,-0.0009674075339058869,111.58691250861918,Harsh_Brake
2026-03-10 23:58:16.020943,-3.584083273429512,-0.024888565165493693,10.18708206874414,-0.008259872517482557,0.5858766078749592,-0.013994247744862737,110.94718504768633,Harsh_Brake
2026-03-10 23:58:16.070943,-3.998831523343256,0.016647297913450255,10.276881702165733,0.005717984633350542,0.6563665193896081,0.006182052581723685,110.22595884515522,Harsh_Brake
2026-03-10 23:58:16.120943,-4.433649098305804,0.019402135175722104,10.28888647987082,0.0003012796276586826,0.7342178793282926,-0.005808100554072432,109.42708195487141,Harsh_Brake
2026-03-10 23:58:16.170943,-4.826412686567724,0.01291111219911744,10.334960917621299,0.015244223778234988,0.80569474100084,0.0041420447148519494,108.55481673069691,Harsh_Brake
2026-03-10 23:58:16.220943,-5.240159310389792,-0.042930966225186364,10.347922335821371,-0.016996330636257728,0.8382207792403843,-0.015660493164227768,107.61381708500825,Harsh_Brake
2026-03-10 23:58:16.270943,-5.5628157320761735,0.025940285331240154,10.452077732220943,0.017294293448878926,0.924628097148269,0.011519846915068995,106.60910365806019,Harsh_Brake
2026-03-10 23:58:16.320943,-5.906803156238589,0.005051212747400663,10.472029536869927,-0.0018408676972380962,0.9757121823586155,-0.0018859657259572052,105.54603703069778,Harsh_Brake
2026-03-10 23:58:16.370943,-6.210507135126632,-0.0016404863580336464,10.488442069219213,-0.0030720851267973482,1.0128512955626923,0.005503949328753794,104.4302891233381,Harsh_Brake
2026-03-10 23:58:16.420943,-6.466801103781977,-0.0045342223686546355,10.50120767396112,-0.0030673899948906137,1.0488382955544127,-0.008954095905739989,103.26781293382082,Harsh_Brake
2026-03-10 23:58:16.470943,-6.683207260543889,0.01757552938860728,10.566967007533876,0.0036501810844137665,1.1164633477033383,0.00752953729712778,102.06481077558894,Harsh_Brake
2026-03-10 23:58:16.520943,-6.851453794660763,0.0037616632443779312,10.58822757494381,0.010376457136968907,1.1357052218356347,0.010734767044827134,100.82770118566305,Harsh_Brake
2026-03-10 23:58:16.570943,-7.040702190390962,-0.013050036067338478,10.58323057115601,0.007907980364748058,1.159871290278186,0.004178047635724811,99.5630846789692,Harsh_Brake
2026-03-10 23:58:16.620943,-7.183145484314271,-0.016212912934333468,10.553831110524749,-0.018606326373939656,1.167817717604089,-0.009854483433025814,98.2777085317359,Harsh_Brake
2026-03-10 23:58:16.670943,-7.192223510915214,0.06952200981909953,10.638388156491615,0.017103144529723092,1.1997517795890298,0.012970527770015228,96.97843078185603,Harsh_Brake
2026-03-10 23:58:16.720943,-7.252489913151817,-0.0010282674565886317,10.612952356952965,-0.00891460259233286,1.1953976516618157,-0.010921882603841145,95.6721836382875,Harsh_Brake
2026-03-10 23:58:16.770943,-7.2541845852376845,0.017372525260776095,10.612451448547104,0.001863318913925683,1.19542684969628,-0.002283430236621305,94.36593649471897,Harsh_Brake
2026-03-10 23:58:16.820943,-7.239680724261093,-0.02951778950899139,10.592852419285997,-0.008593623197262335,1.1792398843050393,-0.013693660071447495,93.06665874483912,Harsh_Brake
2026-03-10 23:58:16.870943,-7.097350553228712,0.02391660072052529,10.599975546341241,0.004885353451829847,1.1877033584893857,0.008749874492572966,91.78128259760581,Harsh_Brake
2026-03-10 23:58:16.920943,-7.0235490226400685,0.024944183264338858,10.594653396515127,-0.013399210098300498,1.1640317774765139,0.006644858861147519,90.51666609091197,Harsh_Brake
2026-03-10 23:58:16.970943,-6.872192036422357,-0.0077786785112183565,10.565063637987567,-0.0006494439408010907,1.1362249803760587,-0.006856289434459671,89.27955650098608,Harsh_Brake
2026-03-10 23:58:17.020943,-6.704587990101632,-0.010261957023524271,10.515726328841303,-0.019106641434021084,1.0852043922227625,-0.01954200753970363,88.07655434275419,Harsh_Brake
2026-03-10 23:58:17.070943,-6.424617586945231,0.05448954419057328,10.546892716869706,0.021654475278381262,1.0740273840027854,0.015784181263500313,86.91407815323691,Harsh_Brake
2026-03-10 23:58:17.120943,-6.2270252892474565,-0.0016400816128811762,10.482973701688397,0.009776655964715407,1.0132169569512812,0.0023262153227109903,85.79833024587724,Harsh_Brake
2026-03-10 23:58:17.170943,-5.9150933593888295,0.008130640600868065,10.469837703672539,-0.008322839267706179,0.9642311741156124,0.006679760570837747,84.73526361851482,Harsh_Brake
2026-03-10 23:58:17.220943,-5.610777447331707,-0.03688833555978311,10.391446307529145,-0.009077866474903752,0.9027414486349226,0.004498234899088058,83.73055019156676,Harsh_Brake
2026-03-10 23:58:17.270943,-5.232904282032144,0.02558554123326409,10.441547329430005,0.002889623635670342,0.8720642113112242,0.005875305438006037,82.78955054587809,Harsh_Brake
2026-03-10 23:58:17.320943,-4.82868809804126,-0.010244506398290594,10.339822578242641,0.008235427512740388,0.8057190454051237,0.013452552177444902,81.9172853217036,Harsh_Brake
2026-03-10 23:58:17.370943,-4.43497164499204,-0.04379126978734617,10.267814474386128,-0.014233837190045038,0.7337822080224033,-0.01646357314418477,81.11840843141978,Harsh_Brake
2026-03-10 23:58:17.420943,-4.025139608315835,-0.018368300514959697,10.228225093766888,-0.005699693540193673,0.6499789828823008,-0.0006603207476418033,80.39718222888868,Harsh_Brake
2026-03-10 23:58:17.470943,-3.5092504988256716,0.053484500040794386,10.255963640014063,0.02075210258184513,0.6053256958458181,0.008718784474967949,79.75745476795583,Harsh_Brake
2026-03-10 23:58:17.520943,-3.0796577410894037,-0.012320890637312575,10.134556310030025,-0.0051026940274924324,0.5130582569819084,0.005220790835276283,79.20263927141804,Harsh_Brake
2026-03-10 23:58:17.570943,-2.5912638836374335,-0.023126471015742806,10.083774372147959,-0.0034381603310939105,0.42043521657639193,0.0071878811245480205,78.73569592000295,Harsh_Brake
2026-03-10 23:58:17.620943,-2.098938744915089,-0.018155044014801686,10.043628850932945,-0.0026866198006271994,0.336812868342834,-0.010290702895730485,78.35911605852414,Harsh_Brake
2026-03-10 23:58:17.670943,-1.5287838234497295,0.016098712371078117,9.999626202446194,0.002404431812594387,0.2737823097605366,0.022773935747584267,78.07490890347844,Harsh_Brake
2026-03-10 23:58:17.720943,-1.0638838768270036,0.0021455251209681952,9.925734028751274,0.005788245817670342,0.17864174830670423,0.008097434273824134,77.88459082300679,Harsh_Brake
2026-03-10 23:58:17.770943,-0.5686875313680506,-0.04582961501085459,9.840826525816853,-0.025914064941903542,0.07233390108031663,-0.025222071495478213,77.78917724641397,Harsh_Brake
2026-03-10 23:58:17.820943,0.02429580841068801,-0.009952812743146425,9.801979425447982,-0.0049810067198587105,-0.006398716670388635,-0.003674740101333445,77.78917724641397,Harsh_Brake
2026-03-10 23:58:17.870943,-0.001814999324164603,0.0016427204260719384,9.828158738394258,-0.002770205063875916,0.0028180997907941148,0.001826573397307818,78.04491822778111,Normal_Driving
2026-03-10 23:58:17.920943,-0.003653267582326692,0.016924807980033867,9.797380015561147,0.012030878388505847,-0.004129761335031455,-0.0015685498233571522,77.9885927075678,Normal_Driving
2026-03-10 23:58:17.970943,0.012791886968774556,-0.017265455375954183,9.81403240744953,0.009763944878000488,0.00407939031917054,0.012002914590889317,77.9259525047737,Normal_Driving
2026-03-10 23:58:18.020943,-0.05069569885847769,-0.04259983633252149,9.77548119943115,-0.023358190469191846,-0.017909313778151515,-0.017857527807870338,77.59469151238622,Normal_Driving
2026-03-10 23:58:18.070943,0.0211820514476098,0.002788842280499259,9.815719430848231,0.0024546043181950857,0.005939862973312806,-0.004138163080896404,77.71769095537749,Normal_Driving
2026-03-10 23:58:18.120943,0.008660877036698324,0.017429910184248422,9.808647304793885,0.006518356088486552,0.015189316339167126,0.015591758378476792,77.46795119967332,Normal_Driving
2026-03-10 23:58:18.170943,-0.004907738313600814,-0.01345995285441158,9.805130637353777,-0.0012584815326091392,-0.011460677165062437,-0.0033375604089446783,77.45038956029475,Normal_Driving
2026-03-10 23:58:18.220943,0.006530043346385453,-0.006008935193051515,9.811205104244628,-0.007242224064756159,0.0003974239941971656,-0.0036072129996390805,78.18950611539547,Normal_Driving
2026-03-10 23:58:18.270943,0.008215987551559528,0.02195009340807287,9.816140789266171,-0.007843335869091646,0.004415569942335572,-0.003431270362238866,77.35519037387796,Normal_Driving
2026-03-10 23:58:18.320943,0.025649735837430805,-0.014823662218523964,9.820349868446602,0.009848295580897991,0.00374803559232617,0.003821590073480501,77.6065180152782,Normal_Driving
2026-03-10 23:58:18.370943,0.004852664143282329,0.002271313047466049,9.83395700690355,0.011842343206022073,-0.00677479379890033,-0.0028885946664523555,77.97208986413254,Normal_Driving
2026-03-10 23:58:18.420943,-0.04295399221273749,-0.05505829555809297,9.763750266034753,-0.02188560225375906,-0.018638386038616648,-0.006322019625389745,78.07951885847264,Normal_Driving
2026-03-10 23:58:18.470943,0.0033044977453309775,0.004986815252996784,9.824054420087487,0.01878522958423899,0.013497027202876807,0.002538408363338353,78.05142888384285,Normal_Driving
2026-03-10 23:58:18.520943,0.008727526170267072,0.006758902376522209,9.824743956808165,0.005820716915326066,-0.007271400103895609,0.006377551214415541,77.40795826367129,Normal_Driving
2026-03-10 23:58:18.570943,0.013447490215588746,0.018311475363822008,9.811526375882716,0.007519817387337421,0.006754510476764684,0.006486546054585233,77.58968523328659,Normal_Driving
2026-03-10 23:58:18.620943,-0.014713251838251413,-0.014135837129834124,9.785847096732615,-0.007049296220764396,-0.01118268878092725,-0.008614965477084263,76.99887997670545,Normal_Driving
2026-03-10 23:58:18.670943,-0.0182960763727312,0.019511994642289917,9.801146049829573,-0.005972169820657344,0.00014790485155567312,0.0017108206830901088,78.0784247002549,Normal_Driving
2026-03-10 23:58:18.720943,0.04032622854545516,0.020943698061447313,9.840119438384104,0.005176940114143508,0.00013715661492992408,0.014967601650705566,77.98911970482507,Normal_Driving
2026-03-10 23:58:18.770943,-0.0174400300086238,-0.005537074144976032,9.816508416475601,0.002199003909527027,-0.001207363669052113,-0.0017882116774004882,77.76403087252706,Normal_Driving
2026-03-10 23:58:18.820943,-0.01785106089002471,-0.017172627571896006,9.7890858263564,-0.017272513381611572,-0.017211838148664987,-0.006856981496915026,77.81794045183273,Normal_Driving
2026-03-10 23:58:18.870943,0.02256832868242421,0.0125680193896029,9.847777783167293,0.008256199858980831,0.0021663793186553846,0.009383311480916668,78.03946725109337,Normal_Driving
2026-03-10 23:58:18.920943,-0.023278143535563674,-0.006626504679087572,9.819838351182836,0.0024201728024486144,0.0015105950342173958,-0.006170166585876102,77.42963329497185,Normal_Driving
2026-03-10 23:58:18.970943,0.013605648930744957,0.022126014357612904,9.815423543097827,0.01044832250627245,-0.0005687942533709155,0.0038021701369990966,77.57662472021904,Normal_Driving
2026-03-10 23:58:19.020943,-0.04321055516598936,-0.020935805645523164,9.791163002367808,-0.010245878737310542,-0.012114693857431733,-0.010341582769810807,77.55719252265857,Normal_Driving
2026-03-10 23:58:19.070943,0.01321661931107421,0.03596979701162417,9.809022316833609,0.005246926777070308,0.004661509344768433,0.011583275338216004,78.41051686738038,Normal_Driving
2026-03-10 23:58:19.120943,0.04483836879167309,0.028260592535040152,9.842753001410212,0.009658032378265534,0.0002917451894386535,0.019630206295477313,77.84982765118009,Normal_Driving
2026-03-10 23:58:19.170943,-0.020601256919446368,0.018498298570055687,9.802724633145719,-0.0016867949530213488,0.008982776381811549,-0.004399726770355834,77.65581914168465,Normal_Driving
2026-03-10 23:58:19.220943,-0.028013006360897572,-0.02552639632931815,9.800002548090438,-0.0018922092185267216,-0.012266043498220941,-0.007604205117768418,77.61713617774085,Normal_Driving
2026-03-10 23:58:19.270943,0.000884873428992107,0.005174123751165549,9.828355584925434,0.0050472460363782425,-0.001045018584609753,0.003044912227837364,77.67176921702573,Normal_Driving
2026-03-10 23:58:19.320943,0.007496921779559786,-0.005886385539261879,9.81294381927413,0.008425808635819172,-0.010018149904033206,-0.005662430211515852,77.79003431728081,Normal_Driving
2026-03-10 23:58:19.370943,0.019058093659638925,-0.023017078177849135,9.827176875588586,0.013251828480751023,0.0020505555725544916,-0.0016289516895654265,77.60859913891449,Normal_Driving
2026-03-10 23:58:19.420943,-0.03507228092281822,-0.04964953510360054,9.762060470441716,-0.024488473303172706,-0.01531642486202845,-0.021815761518999752,78.25082654786038,Normal_Driving
2026-03-10 23:58:19.470943,0.03866285352397822,0.015272202417865775,9.848623801726298,0.009889630316075149,-0.0011944380794655547,0.016303891056802237,77.96306674097897,Normal_Driving
2026-03-10 23:58:19.520943,-0.0018313364642191937,-0.016930892501520044,9.811294774045004,0.008658487531744086,0.003138200283357602,-0.0029479249351283664,77.04995570967249,Normal_Driving
2026-03-10 23:58:19.570943,-0.021484301569085516,0.0035925191948023554,9.806510905857923,-0.005803223097297848,-0.0008831558283163982,0.003668080959434793,77.3493628528221,Normal_Driving
2026-03-10 23:58:19.620943,-0.013784487730671823,-0.00812460260903725,9.79663710414267,-0.003852803644052153,-0.013440313016635706,-0.003965559535010332,77.89086086040909,Normal_Driving
2026-03-10 23:58:19.670943,0.0114969275076129,0.012779152020304095,9.818782873070884,0.0049940554826737975,-0.0044734333593500495,0.010336049783002408,77.83438652328833,Normal_Driving
2026-03-10 23:58:19.720943,0.01880764067709921,0.015980580908232584,9.8223168460677,0.009708807006983487,0.008098085807563582,0.009834213966439825,77.95249866391396,Normal_Driving
2026-03-10 23:58:19.770943,0.0009124482411527481,0.005613681044446729,9.80915521922753,0.013565502966994528,0.004303587213320158,-0.0001999343448256725,77.56486414946905,Normal_Driving
2026-03-10 23:58:19.820943,-0.01575904155586804,-0.04774075767897486,9.765002497984009,-0.022556880361091318,-0.023466534442660832,-0.013386207484525438,77.6334598545713,Normal_Driving
2026-03-10 23:58:19.870943,0.05101175348208191,0.035621868885237794,9.835152223307539,0.008408744008583297,0.013982670394899012,0.009275549428753445,78.01151495967095,Normal_Driving
2026-03-10 23:58:19.920943,-0.001400219422487822,-0.01298997192273586,9.794883943130788,-0.0038451357892270695,-0.003229192073716412,-0.0015441724564181224,77.4225642395364,Normal_Driving
2026-03-10 23:58:19.970943,0.00598145729831655,0.007517289793319537,9.80344030142856,0.0038921246727181185,-0.0026904306320056537,0.0071842542215204905,77.79085299857998,Normal_Driving
2026-03-10 23:58:20.020943,-0.020873820118019186,-0.030253762045255476,9.771240643836101,-0.016612311892742142,-0.007572686282420688,-0.0171044661808077,77.65435241779771,Normal_Driving
2026-03-10 23:58:20.070943,0.03195055475456072,0.013261734607964874,9.848561201026465,0.009471026820488908,0.009637246424173651,0.007935340568962623,77.81591600235916,Normal_Driving
2026-03-10 23:58:20.120943,0.01505064551746391,-0.0030303612858634324,9.826687785832034,0.0030067118129508876,-0.0028295515361429343,0.0037882865617135907,77.59905003929177,Normal_Driving
2026-03-10 23:58:20.170943,0.0034415671975246455,-0.004127230386573968,9.793837687197026,-0.0027190317019073562,-0.013167066543963058,-0.009874555833343603,77.86960844660597,Normal_Driving
2026-03-10 23:58:20.220943,-0.03310264126249335,-0.02331547611273913,9.79025133714251,-0.014726890605806812,-0.008672243538293625,-0.026445987648535525,78.31650293655947,Normal_Driving
2026-03-10 23:58:20.270943,0.02502744785135698,0.03257956990614564,9.837263529519426,0.014534441709710254,0.0208693162946218,0.023221999729178874,78.05093113503843,Normal_Driving
2026-03-10 23:58:20.320943,-0.0162403798127591,0.016599380551214044,9.808951004895775,-0.0010905862391505723,-0.008887319640838604,-0.009738752790801011,77.23423259869462,Normal_Driving
2026-03-10 23:58:20.370943,0.0027943669451589853,0.011295027669779446,9.823828367792938,0.010266926688037916,0.012219669293348346,0.010019773986632025,77.64092013648363,Normal_Driving
2026-03-10 23:58:20.420943,-0.027946471805652046,-0.03673438144941771,9.774330172244285,-0.022385286572515244,-0.027276897735211858,-0.02028104770406293,77.38955748351978,Normal_Driving
2026-03-10 23:58:20.470943,0.011601559579761452,0.01642783351558342,9.82994760285677,0.010855037771011863,0.02420242751431711,0.01501802964426202,77.77218104019268,Normal_Driving
2026-03-10 23:58:20.520943,-0.0016433589902527749,0.01710521366247404,9.813067537080613,0.011293776097912026,-0.002461391822736251,-0.006676928990691838,78.02329431585783,Normal_Driving
2026-03-10 23:58:20.570943,-0.011213040195389597,-0.007016820758059209,9.786271646601882,-0.002556407555145587,-0.007014278647185703,-0.0025930292131190395,77.77862124962193,Normal_Driving
2026-03-10 23:58:20.620943,-0.02305822608378085,-0.020168980714017227,9.777684521252763,-0.014276227618283857,-0.01564010315038519,-0.01401649910382713,77.77725481512726,Normal_Driving
2026-03-10 23:58:20.670943,0.028588625030667135,0.007462697267761435,9.83991778949165,0.01679834756032237,0.01155486339258684,0.015572215872357562,78.47583392477198,Normal_Driving
2026-03-10 23:58:20.720943,-0.026107691643023588,0.009951071363392062,9.809724226425846,0.004428227818646817,-0.0008240841157155026,0.004171795203560137,77.15385952325718,Normal_Driving
2026-03-10 23:58:20.770943,-0.004854605556285388,0.0143456043082912,9.813724240264369,0.004969194128455466,0.007699666287643415,-0.0018081102648665188,77.64878743284679,Normal_Driving
2026-03-10 23:58:20.820943,-0.048870991844215256,-0.03464410075572912,9.789802940751187,-0.018117420983706074,-0.017429571068060937,-0.005987762333997589,77.75535715861584,Normal_Driving
2026-03-10 23:58:20.870943,0.008441013640875922,0.04101686160098306,9.853887843195569,0.024815227080595192,0.008890430425528862,0.024583355361319816,77.89404305590901,Normal_Driving
2026-03-10 23:58:20.920943,-0.02623789435562432,-0.0035155064773484696,9.825096183997529,0.01567082618972212,-0.0005945026489519796,-0.0029964274043629575,77.468077295185,Normal_Driving
2026-03-10 23:58:20.970943,-0.003300040214590361,-0.012890695558210156,9.82451898648811,0.004337091313250228,-0.00587775333901157,0.008776388539284289,77.58663513763669,Normal_Driving
2026-03-10 23:58:21.020943,-0.010300567966076105,-0.010899182806857676,9.786665091092546,-0.001910135708773967,-0.016875408731044813,-0.018233777144776808,77.73438927627522,Normal_Driving
2026-03-10 23:58:21.070943,0.016970361114957564,0.031000715072304785,9.839099892354808,0.024984161547066855,0.022272254772622756,-0.0020787228515255878,77.7315164336968,Normal_Driving
2026-03-10 23:58:21.120943,0.018183019407552004,0.011373886496749076,9.848250899947677,-0.007794813078264523,0.002122559440883997,0.005910122092145895,77.58646496170834,Normal_Driving
2026-03-10 23:58:21.170943,0.008229627732249946,-0.010415186117689646,9.812590910904946,-0.0024718385072308004,0.0023640109705563113,-0.006040571491618147,77.79503155185994,Normal_Driving
2026-03-10 23:58:21.220943,-0.04207351885662239,-0.03259815480767699,9.785192579907381,-0.01644273272131913,-0.021161046863708198,-0.02203413346466007,78.06783694192933,Normal_Driving
2026-03-10 23:58:21.270943,0.05526565259359428,0.030117157061692233,9.856986741590749,0.02844074649694947,0.0189669363225556,0.022314854797311608,77.34191108297294,Normal_Driving
2026-03-10 23:58:21.320943,-0.00786168184276995,-0.016349699569087738,9.783607753491811,-0.007335564878694352,-0.009373660138172374,-0.0063480065729992294,77.74570880751783,Normal_Driving
2026-03-10 23:58:21.370943,-0.008637655836578897,0.016197180499636213,9.800939851452492,-0.003650879580627065,0.00527273235946297,-0.0031570727781841984,78.23575300461354,Normal_Driving
2026-03-10 23:58:21.420943,-0.031040341664768142,-0.001194157892216316,9.790069938486782,-0.004127455585101451,-0.015859685386277925,-0.008686608567411248,77.43995980698114,Normal_Driving
2026-03-10 23:58:21.470943,0.034144812708951006,0.011706088190199856,9.843012484728808,0.010861009729632831,0.0032902044467173486,0.017358749702344797,78.02303109637121,Normal_Driving
2026-03-10 23:58:21.520943,-0.008285669498709685,0.002380706183318983,9.821280113814836,0.005313807778009447,0.0020283810468551427,0.003356116495905486,77.81210817148597,Normal_Driving
2026-03-10 23:58:21.570943,-0.004257199559006539,-0.022429171319758422,9.774682783912906,0.0005849914094449276,-0.0008098288035057371,-0.006142911636112806,77.69629235275673,Normal_Driving
2026-03-10 23:58:21.620943,-0.000953915475517271,-0.009024641157159287,9.789434598012257,-0.010758086827611514,-0.004462201053372458,-0.006656502385162039,78.07886183111245,Normal_Driving
2026-03-10 23:58:21.670943,0.030244694660923162,0.021482712062628084,9.850142234743906,0.02301721842766178,0.02245342878699818,0.01730256051874754,78.26724318922163,Normal_Driving
2026-03-10 23:58:21.720943,-0.011654791556250835,-0.0023587350659925264,9.812110776515302,-0.0019896521636694133,-0.0013116489674445423,-0.014076138861431069,77.37835782757446,Normal_Driving
2026-03-10 23:58:21.770943,-0.00669048620985895,-0.017858350306163912,9.805982671026745,0.005524745138173444,-0.0032969038199789904,0.001801616167785822,77.43201785538088,Normal_Driving
2026-03-10 23:58:21.820943,-0.027257251851574005,-0.024938788106453884,9.768282450825549,-0.010358695612790793,-0.011486361109211746,-0.006444626963530259,78.04112475494948,Normal_Driving
2026-03-10 23:58:21.870943,0.033523896721222544,0.024624850047031917,9.813204906188753,0.012069186175273435,0.021828004392228272,0.014584029364524975,77.30566502890433,Normal_Driving
2026-03-10 23:58:21.920943,0.011033878406329904,-0.010912550696765694,9.796506756910818,0.0004167990921786286,0.0019332414960718416,-0.004636955751625996,78.14532843191456,Normal_Driving
2026-03-10 23:58:21.970943,-0.02372148176377091,-0.02343262461072896,9.815157418943116,-0.016429413865026506,-0.007020175123116966,-0.013769139553375687,77.77351128833523,Normal_Driving
2026-03-10 23:58:22.020943,0.00039912836456237194,-0.014993275429859346,9.776465243573115,0.0008044447075897083,-0.007281170365916766,-0.008868285688585754,77.79857550671271,Normal_Driving
2026-03-10 23:58:22.070943,0.017837020008387456,0.02515590167732879,9.829050291855564,0.012155209375592634,0.012464863168907549,0.011409981356580908,77.81373607156765,Normal_Driving
2026-03-10 23:58:22.120943,-0.0057639296773677445,-0.01167197381131481,9.806999370021023,-0.012513492698732318,0.010118235010019962,-0.00506314529653141,78.21988723522107,Normal_Driving
2026-03-10 23:58:22.170943,-0.02910612002641896,-0.0015270910489505601,9.79716727906597,0.0006788093989112376,-0.005431224580679042,0.001665661531191486,77.55567567345975,Normal_Driving
2026-03-10 23:58:22.220943,-0.009641071276859897,-0.044067642761815934,9.79060207439356,-0.008161530705462662,-0.004680691247950168,-0.010770851594539813,77.60070022356943,Normal_Driving
2026-03-10 23:58:22.270943,0.027325042802489017,0.03901957431543524,9.828417691288664,0.013796417531955884,0.016630245247162615,0.030836210170344734,77.39149815378305,Normal_Driving
2026-03-10 23:58:22.320943,0.010162155257638264,-0.0052416198972400916,9.817275204525954,-0.0029447836407111403,-0.008075967172538286,0.0047636244151506284,77.87664238248716,Normal_Driving
2026-03-10 23:58:22.370943,-0.017787019996594444,-0.02390226889073928,9.78958667612198,-0.018798328377236755,0.005326102346575385,-0.0035522367868365628,78.3098593122093,Normal_Driving
2026-03-10 23:58:22.420943,-0.013626938867166025,0.012110000665095589,9.815465404975372,-0.009391398698208368,-0.011748166786282759,0.003055474102150727,77.94135484646668,Normal_Driving
2026-03-10 23:58:22.470943,0.016144181036970198,0.011666245715036069,9.807831318162577,0.010674295144098712,0.004957059997327559,0.0014747112007309788,77.58019640193939,Normal_Driving
2026-03-10 23:58:22.520943,0.003300304913234605,0.015360645841693046,9.811416954718727,0.013408896924534043,0.0023306120225365166,0.003979615911931029,77.77344593234982,Normal_Driving
2026-03-10 23:58:22.570943,-0.026259858449627808,-0.012520809643047444,9.765294853210639,-0.007084982160757596,-0.01181501925839538,-0.01299851595087767,77.59784808537799,Normal_Driving
2026-03-10 23:58:22.620943,-0.00544631021988297,-0.008797830950897914,9.79836198246377,-0.011126759989817221,0.0115029680629354,-0.005753200133080469,77.52970351898979,Normal_Driving
2026-03-10 23:58:22.670943,0.048078175033534995,0.03036029353434602,9.860413198024311,0.016636195986664878,0.011273384952196347,0.0205388681338097,77.94962141426066,Normal_Driving
2026-03-10 23:58:22.720943,0.007511611487032291,-0.02809260916646501,9.803978203075692,-0.004168802468261547,-0.00885585533512535,0.006795031825722666,77.57682550643634,Normal_Driving
2026-03-10 23:58:22.770943,-0.0020550175494282235,-0.036656588964603984,9.79716767530444,0.00046535710015089063,-0.008014565138342448,-0.0014246194451411616,78.10833677846709,Normal_Driving
2026-03-10 23:58:22.820943,-0.022991246151100243,-0.04408174305150403,9.80460439407999,-0.004705028442099621,0.0028049324112466674,-0.0003021429245500984,77.66387028721587,Normal_Driving
2026-03-10 23:58:22.870943,0.026701945513212415,0.00033261704196795375,9.824347858348467,-0.0027192606985081014,0.0135270040024211,0.011439272724011643,77.75302367937195,Normal_Driving
2026-03-10 23:58:22.920943,0.011777444467014807,0.014742729277041209,9.809877286343331,0.01314723289890821,0.00020552649656639319,0.004954961718810536,78.26841173525617,Normal_Driving
2026-03-10 23:58:22.970943,-0.05243332026363537,-0.03698596603418897,9.790221090876916,-0.020498873841355923,-0.015574172570940915,-0.02030002477547927,78.12945483476737,Normal_Driving
2026-03-10 23:58:23.020943,-0.0024073783556097664,-0.001369054846683578,9.824938482660087,0.004762759327953515,-0.0017077471107899596,0.004264953929117044,77.60868551812193,Normal_Driving
2026-03-10 23:58:23.070943,0.012542671694981475,0.03554016632706091,9.813728479465992,0.0016600346481178436,0.023148663218322554,0.017716804198546193,78.47916078989748,Normal_Driving
2026-03-10 23:58:23.120943,0.01978965297519572,0.016327925768502595,9.82234636035639,-0.004535910997246023,-0.006339357506209527,0.00111726110344154,78.20789925094303,Normal_Driving
2026-03-10 23:58:23.170943,0.00448279978867796,-0.00035915876099608325,9.829132658845555,0.006064615371416023,-0.012295354314485646,0.0013209875904484764,78.20789925094303,Harsh_Brake
2026-03-10 23:58:23.220943,-0.3261883428446471,0.00277026210916566,9.87422681304507,0.015626528968160847,0.03791230377158409,0.0006819162125889936,78.14196025258622,Harsh_Brake
2026-03-10 23:58:23.270943,-0.7219939520951116,0.019487356990690617,9.926437417940264,0.0027612567457507603,0.08408244502389872,0.005837572060506797,78.01036461678667,Harsh_Brake
2026-03-10 23:58:23.320943,-1.14431557727683,-0.03949001580532947,9.927152660416303,-0.009113800740957103,0.10255256512806678,-0.01605494732445593,77.81367585625983,Harsh_Brake
2026-03-10 23:58:23.370943,-1.4448884321580997,-0.0003816609547176702,10.014362408775241,0.0069209476686897115,0.15272636240689738,0.002994759053404829,77.5527362224745,Harsh_Brake
2026-03-10 23:58:23.420943,-1.7821454839115711,-0.0042804107710404556,10.099858720362413,0.016592000714127118,0.20001806468352912,0.012046390610841506,77.2286630990027,Harsh_Brake
2026-03-10 23:58:23.470943,-2.15072101645077,-0.006177641768030494,10.117578729649676,-0.01399186502286703,0.22701414859138266,-0.003935217792281099,76.84284421671175,Harsh_Brake
2026-03-10 23:58:23.520943,-2.500567512236964,-0.03382103548968833,10.13720283539361,-0.006266066670369745,0.25211550843939917,-0.01654655793913362,76.39693171128762,Harsh_Brake
2026-03-10 23:58:23.570943,-2.786446853396312,0.03447873273732618,10.204069545659062,0.00704570178587636,0.3034594277480167,0.009810139838545074,75.89283504853628,Harsh_Brake
2026-03-10 23:58:23.620943,-3.093479040343415,0.005140783204919335,10.278067431521764,0.0031876831133395914,0.35005007657799103,0.00689492191396464,75.33271284775795,Harsh_Brake
2026-03-10 23:58:23.670943,-3.384692264591899,0.018076736686102275,10.342083524151015,0.008060855460189666,0.3756234785553365,0.0019319782976453992,74.71896363820787,Harsh_Brake
2026-03-10 23:58:23.720943,-3.7378216717494115,-0.04069865023493716,10.289677885310208,-0.021939452626382465,0.3951649694377455,-0.022853384669072583,74.05421558822584,Harsh_Brake
2026-03-10 23:58:23.770943,-3.9192833181435445,0.016212696908738125,10.405568259385062,0.01581644633588474,0.43721076757934535,0.006112667028265875,73.34131525101587,Harsh_Brake
2026-03-10 23:58:23.820943,-4.228313615003621,0.02867969133988009,10.404452245904535,0.006341132680040051,0.4664409663073577,0.006871903458302959,72.58331537526834,Harsh_Brake
2026-03-10 23:58:23.870943,-4.454134975741227,-0.007009540319270513,10.445151028141527,-0.0033948609886839537,0.4939641723182978,-5.8422918386787765e-05,71.78346183282146,Harsh_Brake
2026-03-10 23:58:23.920943,-4.6739966575400365,-0.023595639655764517,10.46777784896913,-0.001055703848451113,0.5036046726296881,-0.02409317983094843,70.94517971933972,Harsh_Brake
2026-03-10 23:58:23.970943,-4.844714410939603,0.025595717817067407,10.529895706167366,0.0184779869564055,0.5332585564085872,0.002420424977856768,70.07205868752847,Harsh_Brake
2026-03-10 23:58:24.020943,-5.03304716281932,0.004001702982207642,10.519254890604724,0.011344849672702318,0.5584690296663597,0.008207358293642197,69.16783757568992,Harsh_Brake
2026-03-10 23:58:24.070943,-5.15542017284779,0.028951733891221423,10.533879030794228,0.003904017133244392,0.5637408760706863,0.00370923585098642,68.23638839744349,Harsh_Brake
2026-03-10 23:58:24.120943,-5.349783104941244,-0.015847038055173537,10.540173260493729,-0.021401464311660606,0.547016635105647,-0.020795679509972142,67.28169976116912,Harsh_Brake
2026-03-10 23:58:24.170943,-5.372492748716977,0.02593200395356695,10.621177080178935,0.024712422565214345,0.601246858114952,0.011446136630147475,66.30785979017381,Harsh_Brake
2026-03-10 23:58:24.220943,-5.5043649943336055,-0.016535046393389246,10.598945361592559,-0.007570386985721595,0.6004726764425229,-0.007352283738427057,65.31903861671998,Harsh_Brake
2026-03-10 23:58:24.270943,-5.538187252248543,0.003014731201289524,10.581175578656463,0.0010302549733368358,0.6186536905070016,-3.584583506401474e-05,64.31947052487897,Harsh_Brake
2026-03-10 23:58:24.320943,-5.611793317665889,-0.011662051224317162,10.583766902272819,-0.018231373766221113,0.6094678210897636,-0.01282911538529384,63.3134358186765,Harsh_Brake
2026-03-10 23:58:24.370943,-5.5670757123266155,0.026858824089997926,10.633662306819728,0.00909810747088399,0.6114195636616908,0.0190334341822555,62.30524249317381,Harsh_Brake
2026-03-10 23:58:24.420943,-5.56110033586008,0.02306371689652368,10.640641258557443,0.010120365520520279,0.6116132342209408,-0.0007075838889874135,61.29920778697135,Harsh_Brake
2026-03-10 23:58:24.470943,-5.57284801086763,-0.008422586682599235,10.578774792841482,-0.0058514573230568825,0.6086350617131739,-0.004148957632259712,60.299639695130324,Harsh_Brake
2026-03-10 23:58:24.520943,-5.55688966802445,-0.027510652373733582,10.550720888148158,-0.021681299217424923,0.5783341023788847,-0.0019467327473202383,59.3108185216765,Harsh_Brake
2026-03-10 23:58:24.570943,-5.369589957707798,0.043745813618649564,10.621005996674972,0.01821339808413878,0.6046991625654287,0.006538013642329522,58.336978550681195,Harsh_Brake
2026-03-10 23:58:24.620943,-5.31756508824823,-0.010814077529787452,10.550592962187503,-0.010818690929207701,0.5753183031422673,-0.00846484552713382,57.382289914406826,Harsh_Brake
2026-03-10 23:58:24.670943,-5.189424890471811,-0.006832846256455292,10.540010925855528,0.00903547454865069,0.5702941211122691,-0.008761305885681836,56.4508407361604,Harsh_Brake
2026-03-10 23:58:24.720943,-5.057694849656103,-0.010311724188475964,10.494691645684066,-0.0163146611544287,0.5327216877864043,-0.008925898610975619,55.54661962432184,Harsh_Brake
2026-03-10 23:58:24.770943,-4.812404108453664,0.024736261545622678,10.523101718029647,0.017690986449104443,0.5325781954949925,0.010386115440396502,54.6734985925106,Harsh_Brake
2026-03-10 23:58:24.820943,-4.652603904537077,0.01921588998571641,10.478742163702565,0.0012525039201326167,0.5115713791954902,-0.0007621836918145193,53.83521647902886,Harsh_Brake
2026-03-10 23:58:24.870943,-4.48538343009396,-0.022731871642666705,10.43068195421789,-0.006740364621459189,0.4692226604026796,-0.018537060931162905,53.035362936581976,Harsh_Brake
2026-03-10 23:58:24.920943,-4.2260023046133135,-0.027931991944125056,10.382674988488517,-0.01166792613301815,0.4501644817811557,-0.01049311270299377,52.27736306083443,Harsh_Brake
2026-03-10 23:58:24.970943,-3.9315547226997514,0.036371909077957884,10.407539470203664,0.015071887257674176,0.445381301674001,0.017899172408799523,51.564462723624466,Harsh_Brake
2026-03-10 23:58:25.020943,-3.6847880330434677,-0.011908911201364496,10.326726931551065,-0.004213680046539033,0.40527499126476346,-0.0039435327682173765,50.89971467364244,Harsh_Brake
2026-03-10 23:58:25.070943,-3.4029344417305043,0.005756372193341532,10.313296291055135,-0.0007043469597340125,0.3778734594045936,0.0008727028112428529,50.28596546409237,Harsh_Brake
2026-03-10 23:58:25.120943,-3.1459116707941956,-0.031800568664628936,10.251064294368526,-0.006924645075143899,0.33385394132302165,-0.019004637302320777,49.72584326331403,Harsh_Brake
2026-03-10 23:58:25.170943,-2.769768913961848,0.02436890758410714,10.233666703212268,0.006821179010241346,0.32372969268987084,0.007952287244269468,49.22174660056268,Harsh_Brake
2026-03-10 23:58:25.220943,-2.4728386414138117,0.017442387033140563,10.149346418132113,0.00024398900628325258,0.2750289917688187,0.0025850953507921283,48.775834095138556,Harsh_Brake
2026-03-10 23:58:25.270943,-2.1924949115542542,-0.02894461621154052,10.075849411493351,-0.015135309116849686,0.22263509558188097,-0.0040806904774757825,48.390015212847615,Harsh_Brake
2026-03-10 23:58:25.320943,-1.810679017349744,0.010490156241384567,10.071555488774596,-0.0020488986938608507,0.19373606996237772,0.011269441555952841,48.06594208937581,Harsh_Brake
2026-03-10 23:58:25.370943,-1.4258475459002258,0.01899165924566701,10.051560968062894,0.0003953260608225706,0.17547718413102875,0.004576168976443587,47.80500245559047,Harsh_Brake
2026-03-10 23:58:25.420943,-1.099092591488399,-0.02798917156715228,9.955454593604259,-0.007389371594130579,0.11941899664801363,-0.0052653329975518096,47.60831369506364,Harsh_Brake
2026-03-10 23:58:25.470943,-0.737620058976646,-0.0002978383328523706,9.902125130620275,-0.008698872981567358,0.08205712681560948,-0.007092695741219585,47.4767180592641,Harsh_Brake
2026-03-10 23:58:25.520943,-0.3658055751741175,-0.03131198432721606,9.8504410134684,-0.009676576192682033,0.0358793671300267,-0.011894369221968088,47.410779060907274,Harsh_Brake
2026-03-10 23:58:25.570943,0.0317820214085877,0.007273581570214481,9.834260093393295,0.008732880327297948,0.0011519574235409424,0.014850649926730292,47.410779060907274,Harsh_Brake
2026-03-10 23:58:25.620943,-0.012784366200622151,0.005037877658798501,9.823584295314017,0.0041699057963495035,-0.009109626934569482,-0.005891079658437936,47.60479869877765,Normal_Driving
2026-03-10 23:58:25.670943,0.03436945894616508,-0.004574695312335928,9.829284578239106,0.0019486985667107447,0.003884755869077388,0.009167429760329129,47.373586401825904,Normal_Driving
2026-03-10 23:58:25.720943,0.014031662475615072,0.0404214495804549,9.810710251191065,0.004324679065160254,0.013118940971885987,-0.0024876735673547675,47.064937874208944,Normal_Driving
2026-03-10 23:58:25.770943,-0.04444556021941807,-0.035051449628082765,9.772036202879008,-0.01362032367312817,-0.014109811901693178,-0.021711401502332268,46.9500367650098,Normal_Driving
2026-03-10 23:58:25.820943,0.016341833027304326,0.014601572714062334,9.810486226742936,0.004317676395625755,0.0018126924087560644,0.0045426763739788495,47.5534582548012,Normal_Driving
2026-03-10 23:58:25.870943,0.02070610555104669,0.0004501240600805652,9.807846644337216,0.012733392978747994,0.014787540728725478,0.023470113274808205,47.81327178511281,Normal_Driving
2026-03-10 23:58:25.920943,-0.00721361975550514,-0.011993166658586789,9.796578593216692,-0.006896654564236916,-5.756569985467669e-07,0.007647466336809112,47.67089574933527,Normal_Driving
2026-03-10 23:58:25.970943,-0.016192998332790934,-0.013126675606619169,9.807400813392006,-0.005704183268344816,-0.008231820911400293,-0.012102757445610545,47.35917533906547,Normal_Driving
2026-03-10 23:58:26.020943,-0.005879161628704513,-0.020545871643797085,9.822829651828778,-0.0055943846333894424,-0.0006572138912400245,0.0035316977217929382,47.86485219980219,Normal_Driving
2026-03-10 23:58:26.070943,0.009531419313583233,0.03173517804221855,9.819206011139453,0.0070517345230552714,0.018512668993043428,0.019485003477071956,47.06108913611276,Normal_Driving
2026-03-10 23:58:26.120943,0.005206702907294809,0.016490837285894906,9.797983544097306,0.0012871348047480133,-0.001962695084232322,0.012424434986174054,47.97888476297501,Normal_Driving
2026-03-10 23:58:26.170943,-0.05444142456053523,-0.01742535327960918,9.773418474809606,-0.007575141087110465,-0.014991832713392151,-0.027205764679704845,46.8549307333328,Normal_Driving
2026-03-10 23:58:26.220943,0.02330509062391715,0.03228049251094568,9.842751803461052,0.001981095238177794,0.009302029814870895,0.012859506360449026,47.37060986654053,Normal_Driving
2026-03-10 23:58:26.270943,0.0007171247487550271,0.006266595114334439,9.802596995691673,0.00941762088089547,0.0033639844373705655,0.00923891904493311,47.962899120444696,Normal_Driving
2026-03-10 23:58:26.320943,0.00010963127690061464,0.024736341107189024,9.804851444373428,-0.0005963613049095357,0.0019918970007117604,-0.008517208567187767,47.40560078323617,Normal_Driving
2026-03-10 23:58:26.370943,-0.0072231104470400175,-0.032751353363537544,9.779073177579232,0.0008540896059862878,-0.006941493164017193,-0.008753914054887657,47.33163824921413,Normal_Driving
2026-03-10 23:58:26.420943,0.01245764013797426,0.008109268498071694,9.814223611908309,-0.008366088570859742,0.0031307729173414064,0.0009562213966453076,47.70251064725295,Normal_Driving
2026-03-10 23:58:26.470943,0.022321270418764746,0.023899592237227252,9.820822705041065,0.023734505422001895,0.011808542858161188,0.008967586603648988,46.819707651244066,Normal_Driving
2026-03-10 23:58:26.520943,-0.008102405401560231,0.00431779475063236,9.809336843380008,0.005554118599101968,-0.00676024984530802,-0.00518894012191144,47.655101846631204,Normal_Driving
2026-03-10 23:58:26.570943,-0.035695527846162325,-0.007436625081972247,9.780751831616055,-0.009501711025811405,-0.015082784830667863,-0.0013904749766206533,47.2537231630201,Normal_Driving
2026-03-10 23:58:26.620943,0.02373127577033383,0.04378980639107917,9.814844260902898,0.0022821074260511096,0.005253671478612043,-0.00414583346775438,47.50389419545031,Normal_Driving
2026-03-10 23:58:26.670943,-0.011658562629642181,-0.015269372851418628,9.824510969599855,0.00037939435646523376,0.005811917853091838,0.003929756594014922,47.680838642963245,Normal_Driving
2026-03-10 23:58:26.720943,0.02244001987065324,0.004059238554388306,9.80159665610715,-0.0025935726360348677,-0.0013145260176735786,-0.0008083791505591343,47.69767714370323,Normal_Driving
2026-03-10 23:58:26.770943,-0.056573822727846466,-0.04352259415472589,9.767345865622842,-0.008529280496316138,-0.01405245551810375,-0.020100597674937038,47.15755052499772,Normal_Driving
2026-03-10 23:58:26.820943,0.03072652571822759,0.016730957206524608,9.844357278678695,0.012614799245927306,0.014039846255363135,0.003607497597936551,47.72491245285657,Normal_Driving
2026-03-10 23:58:26.870943,0.01874230699897104,0.020205042234498684,9.818233253591098,0.0057935028857545035,0.02004838533581904,0.0001655591322767963,47.13542241657741,Normal_Driving
2026-03-10 23:58:26.920943,-0.028875563397273443,-0.008160200686797795,9.801316920846512,0.004526331247813341,0.006734737018980842,-0.002116577678917305,47.66716542580322,Normal_Driving
2026-03-10 23:58:26.970943,-0.026636894443668603,-0.019597429435521525,9.787199600430332,-0.003534603238802038,-0.014457896595380607,-0.005548269769024586,47.29080354446694,Normal_Driving
2026-03-10 23:58:27.020943,0.019742822722037652,0.00627827315466635,9.834491330881027,0.0029191183303391116,0.016831831853931684,-0.003199076475468743,47.005095962964795,Normal_Driving
2026-03-10 23:58:27.070943,-0.00036156112942600446,0.015551309469582216,9.810602722868342,0.00017160751473416919,0.012366887947908821,0.0062222238952657685,46.92583189168506,Normal_Driving
2026-03-10 23:58:27.120943,0.0006994861682818477,0.010242434549789122,9.803363485813659,0.006646735576086221,0.004268063299700199,0.007414975772199354,47.42016095336644,Normal_Driving
2026-03-10 23:58:27.170943,-0.025614414114816353,-0.029773271832934357,9.781296112947384,-0.022497223699282174,-0.027957313444595486,-0.018246141474133844,47.52816253991966,Normal_Driving
2026-03-10 23:58:27.220943,0.038725696327716344,0.03264235114138517,9.853571122964883,0.009539656842973658,0.0006369734294702171,0.013706636804090119,47.511020025655235,Normal_Driving
2026-03-10 23:58:27.270943,-0.01865407525258854,0.015216962144038247,9.83280377299671,-0.0001846925043554751,-0.0028279561282880577,0.0038013654366921517,47.51222695282543,Normal_Driving
2026-03-10 23:58:27.320943,0.010275062348085756,0.007495090079406704,9.798947052994459,0.00043929759123806,-0.0045220095633009705,0.005241416387067951,46.84171730069129,Normal_Driving
2026-03-10 23:58:27.370943,-0.022039572479784456,-0.009777055071728939,9.791803518096131,-0.010318087354864202,-0.013835091590776245,-0.005039377405181185,47.065363390636335,Normal_Driving
2026-03-10 23:58:27.420943,0.006247806901273195,0.0028783498265247103,9.836333250470663,0.011027024170121417,0.0036597886620569264,0.011408385253750895,46.865441524827375,Normal_Driving
2026-03-10 23:58:27.470943,0.007492235873218693,0.03323783053112956,9.81671147838828,-0.006501801786270513,0.004581137572496364,0.00015253072693252167,47.32067882428795,Normal_Driving
2026-03-10 23:58:27.520943,-0.02118140343745474,-0.002373963086321871,9.8129247891989,-0.0011367624166317423,0.009298883437359535,0.010680553049260055,47.39154064455368,Normal_Driving
2026-03-10 23:58:27.570943,-0.02115348114138824,-0.03140236857099858,9.771395526332746,-0.019866743199144665,-0.01973767352407766,-0.01925903628926226,47.93319045935868,Normal_Driving
2026-03-10 23:58:27.620943,0.02344423447031028,0.013599616288206776,9.818468306865542,0.018081191732890627,0.01123370528191309,0.010301369263208252,47.40719075791306,Normal_Driving
2026-03-10 23:58:27.670943,-0.009915347190907035,0.007464647345566552,9.811837463218875,-0.011520725611806011,-0.004889451951182353,-0.00825771670466903,47.501759051125994,Normal_Driving
2026-03-10 23:58:27.720943,0.016443525117846167,0.015609809719860094,9.800820816179137,0.004152792559262166,0.010931105282233226,0.020584563033464398,47.3822177965339,Normal_Driving
2026-03-10 23:58:27.770943,-0.028227087858412617,-0.021545212263878673,9.785558342788022,-0.020226087660929246,-0.012809104227630949,-0.011962036755728487,47.36627268073382,Normal_Driving
2026-03-10 23:58:27.820943,0.01765728894789781,0.03125511874401412,9.829819299892387,0.010291755452595095,0.004881674907684264,0.006363457972591387,47.514387652576836,Normal_Driving
2026-03-10 23:58:27.870943,0.007932846321082595,0.013987836297118451,9.817240362608612,0.012960372385786748,-0.002912310022731736,0.0023033988777985343,47.294945426642585,Normal_Driving
2026-03-10 23:58:27.920943,0.01207054171066637,-0.014972323183818156,9.8006306122888,-0.008587464689541666,-0.008053512953999378,-0.00018984327742491017,47.68967617982325,Normal_Driving
2026-03-10 23:58:27.970943,-0.02187394991086739,-0.035187470254787974,9.804240602005873,-0.014404757341939462,-0.006156988683188446,-0.00449271477449034,47.691490348570845,Normal_Driving
2026-03-10 23:58:28.020943,0.027307631142861343,0.04044703367851764,9.824194615493054,0.013529670927462961,0.022954117208121207,0.021213149360957445,47.28400318547971,Normal_Driving
2026-03-10 23:58:28.070943,0.009261563904449363,-0.004800639451686016,9.817975213415323,-0.00523065847618886,-0.0024187286990676408,-0.007430957019000297,47.60991774806325,Normal_Driving
2026-03-10 23:58:28.120943,0.017947974502756304,0.034816355385026594,9.808504990626632,0.003910796026250468,0.006793187384504947,0.00784174825959447,47.69657389137507,Normal_Driving
2026-03-10 23:58:28.170943,-0.050627047343818884,-0.04537611246987877,9.76387247964382,-0.014976106477354773,-0.019652469210349598,-0.024374006252477112,47.1735648383221,Normal_Driving
2026-03-10 23:58:28.220943,0.026118201814138403,0.03827091320450057,9.838797064174765,0.015382461736978244,0.013192685421397461,0.008488033945403466,47.18640619548522,Normal_Driving
2026-03-10 23:58:28.270943,0.009695042353385093,0.010011273462613393,9.79702878613793,-0.011172176031892564,-0.004233397147383362,-0.002262787504394231,47.002544952436125,Normal_Driving
2026-03-10 23:58:28.320943,-0.01162370522215549,-0.005798380814667057,9.814985740940974,-0.007828735339850287,0.0024478438497077177,-0.003706978180525202,47.69915336845551,Normal_Driving
2026-03-10 23:58:28.370943,-0.016005223172618106,-0.03336024541218245,9.777968006142387,-0.02245275917626099,-0.008496184034298734,-0.005396777809406202,47.50174534059953,Normal_Driving
2026-03-10 23:58:28.420943,0.019341865850395407,0.02226013115597883,9.84061878657786,0.009673069319236357,0.0001459808884505271,0.006492708258822557,47.692276792330205,Normal_Driving
2026-03-10 23:58:28.470943,0.0082357509297795,-0.013244858821127463,9.829959088467694,-0.003400197867325259,0.005291098078000767,0.002723272149721627,47.29665406028853,Normal_Driving
2026-03-10 23:58:28.520943,-0.006414387645510658,0.0070547554815083326,9.832016488535121,0.002608834742054727,-0.007869702241529598,0.0008873530368236227,48.050838594869376,Normal_Driving
2026-03-10 23:58:28.570943,-0.03368928027401482,-0.03472822026191475,9.769197752559394,-0.014113043013615252,-0.01644587050441206,-0.007369497051057531,47.59605249416287,Normal_Driving
2026-03-10 23:58:28.620943,0.015170698217691157,0.05780957487935574,9.83463361270643,0.0312730061616386,0.01872062545514633,0.012043098838461015,47.09519547687949,Normal_Driving
2026-03-10 23:58:28.670943,-0.014753310092795693,0.0016569122643991874,9.810867045831836,-0.0047101673290059105,0.006028071485712088,-0.0010846933117774045,47.27176734747725,Normal_Driving
2026-03-10 23:58:28.720943,0.01051073119237717,0.010076285612102769,9.810358890616072,-0.0005886898769364957,-0.004425034937947168,0.002322903398087833,47.53190263297165,Normal_Driving
2026-03-10 23:58:28.770943,-0.023404901378082175,-0.03430804449301861,9.777562030133561,-0.013395246634805567,-0.008752517784861176,-0.011275308633093152,47.65371685898447,Normal_Driving
2026-03-10 23:58:28.820943,0.015536748760287412,0.014989231187091522,9.84026744983725,0.0016308910853718907,0.01205961882484851,0.016707902403754592,47.51798317931105,Normal_Driving
2026-03-10 23:58:28.870943,-0.00018802995946088502,-6.593431656895694e-05,9.808162346133173,0.009056540815360916,0.005183917925371038,0.011418821021312336,47.929340993739615,Normal_Driving
2026-03-10 23:58:28.920943,-0.011976707837532307,-0.005350528784733187,9.817216747929024,-0.0007226646541912082,-0.006122194296194227,-0.00029744864857454137,47.69663478439071,Normal_Driving
2026-03-10 23:58:28.970943,-0.02740562012029995,-0.03745422485172043,9.783658846944709,-0.0014484494081760842,-0.017863821234134637,-0.007773210414755607,46.88958046872282,Normal_Driving
2026-03-10 23:58:29.020943,0.0319790064913533,0.03058168714848983,9.831147586139732,0.011561604479021634,0.01935532860547032,0.016821404382167164,47.04577738100553,Normal_Driving
2026-03-10 23:58:29.070943,-0.013399181928657963,-0.013132051277185103,9.818869317425293,-0.0023355609047843403,-0.014380880779338617,-0.010828637275774072,47.74828638959527,Normal_Driving
2026-03-10 23:58:29.120943,0.023232683916058105,0.016629448538234073,9.8414533736266,0.004336949498709008,0.010797143359859488,0.0027701187512233446,47.18165610507771,Normal_Driving
2026-03-10 23:58:29.170943,-0.026157609952841568,-0.043547661606237895,9.789403971929952,-0.02430825181679481,-0.02337986438320644,-0.01386201323751525,47.26467241938017,Normal_Driving
2026-03-10 23:58:29.220943,0.034173494985842545,0.007380525013901611,9.851280103177688,0.013779091188497067,0.010370821011399252,0.013356878571186047,47.412927934903855,Normal_Driving
2026-03-10 23:58:29.270943,0.01311168185232365,0.013397220539529079,9.810565306008044,-0.006136156922064788,0.00022770273323769515,0.00936711982308441,47.44958470726677,Normal_Driving
2026-03-10 23:58:29.320943,-0.015614778531604314,-0.004163228073379674,9.794608331844834,0.004190849134308513,-0.00037374524628779656,-0.0004843264038847696,47.37078870481174,Normal_Driving
2026-03-10 23:58:29.370943,-0.0002447886708922854,0.008072683960840054,9.77154396820523,0.0051430164183367474,-0.013688080340720603,-0.009748251991094251,47.36037381082228,Normal_Driving
2026-03-10 23:58:29.420943,0.02040902892160313,0.03175319943576406,9.848526546604056,0.006984755588113848,0.006621274977946015,0.00912330133659812,47.19937253544162,Normal_Driving
2026-03-10 23:58:29.470943,-0.009511558154156208,0.003646099932299524,9.809419913088155,-0.0058940472055825244,-0.005135692289134875,-0.00039074784433197943,47.494123076918584,Normal_Driving
2026-03-10 23:58:29.520943,0.0013912955824190798,0.015318388792167868,9.794404926049888,0.0059053932572852635,0.018176231664338738,0.00028678692300650784,47.31841160404964,Normal_Driving
2026-03-10 23:58:29.570943,-0.014870403083381944,-0.028924828186908863,9.770412321846116,-0.023660108639949027,-0.0076377767639967415,-0.02053900465319059,47.14619576297256,Normal_Driving
2026-03-10 23:58:29.620943,0.03484900612538608,0.044098356035504306,9.853741128203135,0.02032632926099998,0.02114729029094748,0.014050470259275374,47.2852952350311,Normal_Driving
2026-03-10 23:58:29.670943,-0.007255571313709958,-0.017888666085240854,9.791667776368925,-8.920573442971818e-05,-0.005337321786120167,0.00024411074012745029,47.46317241086679,Normal_Driving
2026-03-10 23:58:29.720943,0.015238257378603737,0.00610850439818203,9.79688839016185,-0.010494627681049393,0.0025031077917854975,-0.0024786808328667873,47.39181155064234,Normal_Driving
2026-03-10 23:58:29.770943,-0.03718689805466027,-0.014052930076405106,9.782522639226139,-0.02102128938706209,0.0015110867941242109,-0.01696555465469391,47.069945638044985,Normal_Driving
2026-03-10 23:58:29.820943,0.02477617545356894,0.030414745573753434,9.83127161583911,0.013977546480687877,0.0096394425127732,0.014053567262011499,46.82382787449792,Normal_Driving
2026-03-10 23:58:29.870943,-0.0033606378301481556,0.007810603928972247,9.805869030271861,-0.003420184747582103,0.003937583041211543,-0.008813206187262859,47.03348709129595,Normal_Driving
2026-03-10 23:58:29.920943,-0.010593653322391323,-0.021188780833510345,9.812777422177039,0.0023998324695761386,0.007060552478444506,-0.0027012980788007485,47.14827603370145,Normal_Driving
2026-03-10 23:58:29.970943,-0.026780434507526818,-0.050549823801520254,9.7641882290503,-0.026331544080575888,-0.01018449889382608,-0.012095483953755523,46.999902255026505,Normal_Driving
2026-03-10 23:58:30.020943,0.00891180177305213,0.02070269311315422,9.821079777392056,0.019907710149370025,0.023004820268352738,0.018887788123278265,47.39580340062087,Normal_Driving
2026-03-10 23:58:30.070943,-0.021223860618389954,-0.005177182117907615,9.772877761829179,-0.00036573168191469246,0.014548804286009909,-0.011623005143962918,46.944227107660964,Normal_Driving
2026-03-10 23:58:30.120943,-0.012615897072943156,0.02883144562436646,9.792462981999565,0.0005871441483433043,-0.0052712376935225656,0.00354397308892934,47.97739730491982,Normal_Driving
2026-03-10 23:58:30.170943,-0.023557535873124816,-0.023914948380039353,9.799992591554597,-0.01030743934510772,-0.014320358517428224,-0.010891657574055304,47.190869004789235,Normal_Driving
2026-03-10 23:58:30.220943,0.028621584422348734,0.027306018463989477,9.843040650963683,0.017235639602452946,0.016828049468426073,0.004883917894240452,47.723718852802534,Normal_Driving
2026-03-10 23:58:30.270943,0.004551927281234184,-0.00775091361747818,9.818767177777316,0.0006356820422332016,-0.0029234097123330962,0.002406167263736601,47.404117760395614,Normal_Driving
2026-03-10 23:58:30.320943,0.02266102581922266,-0.026902377669480688,9.775234376045528,-0.009484848090757305,-0.011679676857469696,0.003305739231844523,47.611398153300165,Normal_Driving
2026-03-10 23:58:30.370943,-0.0220331196692014,-0.0062731210819515736,9.768711316843442,-0.0061672904159745,-0.006817912389316829,-0.01142883373512001,47.42181586469192,Normal_Driving
2026-03-10 23:58:30.420943,0.04005353994666122,0.03932157953389055,9.866383099182395,0.013856526861065466,0.011934048688102612,0.0157995068836227,47.50996610749387,Normal_Driving
2026-03-10 23:58:30.470943,-0.013424912198956158,-0.029175310368783132,9.794730522682972,-0.012875001030278437,0.0036663245664417974,-0.0035826575837386992,46.99041519980413,Normal_Driving
2026-03-10 23:58:30.520943,-0.009253185883497711,-0.0031665798011069777,9.817381475249903,0.005125287671235029,0.0064319185488004495,-0.0020458918372792834,47.36335804284555,Normal_Driving
2026-03-10 23:58:30.570943,-0.027791001586043886,-0.038973274123810416,9.794598677835898,-0.02302128387400909,-0.01731171237457273,-0.01878090281405465,47.1633544023596,Normal_Driving
2026-03-10 23:58:30.620943,0.04679015856567312,0.03399144259232871,9.854866154143131,0.0172244010199339,0.012515329280470472,0.024950330133533476,47.286351047137806,Normal_Driving
2026-03-10 23:58:30.670943,-0.008278756586494494,-0.009942180648220545,9.81689960545597,0.01366964450796133,0.005275649016281135,0.005821423223866495,47.69329946882498,Normal_Driving
2026-03-10 23:58:30.720943,-0.023389881369387827,-0.012466674780024764,9.79944417074525,-0.0032980750896783873,-0.013816674603033874,-0.003982047180816604,47.67691845764364,Normal_Driving
2026-03-10 23:58:30.770943,-0.023847994552982102,0.009952696747467802,9.768187451249123,-0.004487416434124352,-0.008123162071371459,-0.0071485574269302635,47.472092289255066,Normal_Driving
2026-03-10 23:58:30.820943,0.05528370126293035,0.00510740679135558,9.831554991879107,0.0034502340719308093,0.007183930507723778,0.017422348537323305,47.07989717788485,Normal_Driving
2026-03-10 23:58:30.870943,-0.006715051099583761,0.004723073386595956,9.786751074916301,0.004623935542494047,0.0108021129588803,-0.00015424079553797609,47.547642249264925,Normal_Driving
2026-03-10 23:58:30.920943,0.0018769363913084779,-0.026130351926954343,9.81044313100166,-0.00792451082926738,-0.015417416240876183,0.003814250239986823,47.41232773241612,Normal_Driving
2026-03-10 23:58:30.970943,-0.022284797886776713,-0.02486554008448918,9.778214901573788,-0.003146573125241088,-0.015589084824118365,-0.009663524645901138,47.45832717677662,Normal_Driving
2026-03-10 23:58:31.020943,0.041747498472367396,0.03339836205529249,9.840570788398436,0.026162217020312732,0.025711732283360406,0.011938020606668126,48.11554130309068,Normal_Driving
2026-03-10 23:58:31.070943,-0.003461093409321039,-0.032291676949173,9.791264216208713,-0.010264912460765687,-0.005905681497527708,-0.009405667250496543,47.44741325216897,Normal_Driving
2026-03-10 23:58:31.120943,-0.027376890907727727,-0.008128032956477762,9.793946609175448,-0.010829311381234913,-0.00774483713845435,0.0024999450380593924,47.71424798239704,Normal_Driving
2026-03-10 23:58:31.170943,-0.006739556813593948,-0.0035210556032931693,9.812253491411125,-0.007311036322306692,0.0015516821900128843,0.00015564894701587586,47.53927475718602,Normal_Driving
2026-03-10 23:58:31.220943,0.002453374646809031,0.004163332471226182,9.834689418782007,0.012423259120672117,0.007464568757824811,0.017842226145253645,47.97034897797786,Normal_Driving
2026-03-10 23:58:31.270943,0.002495253945049028,0.016255364011275156,9.840450387533219,0.00260159766074504,0.009986158691872773,-0.0016746820276676948,47.43252131178901,Normal_Driving
2026-03-10 23:58:31.320943,-0.011387924559042344,-0.010937388255953355,9.793329406054223,-0.025097617271264947,-0.009872722209589053,-0.013664277368353194,47.23982280496964,Normal_Driving
2026-03-10 23:58:31.370943,-0.02094687132147799,-0.038795767513146735,9.803397271482227,-0.007881379083603245,-0.00987413746375694,-0.01144715745160766,47.49908472183825,Normal_Driving
2026-03-10 23:58:31.420943,0.04304353340921257,0.028153629714505718,9.82630045217909,0.018299165599233874,0.018100489324501073,0.01660452037015324,47.43204246341499,Normal_Driving
2026-03-10 23:58:31.470943,-0.009681980380805625,-0.015277435393498396,9.80817551955967,-0.005143723883507946,-0.017290283667176123,-0.01063571276580303,47.105841641963615,Normal_Driving
2026-03-10 23:58:31.520943,-0.010188114209428178,0.013726691868866651,9.803162185746459,-0.005449960961518744,-0.0053987474139545796,9.162951003053883e-05,47.44979709733812,Normal_Driving
2026-03-10 23:58:31.570943,0.008568736548108205,-0.020498146436961826,9.790148588766193,-0.008396014800447913,-0.00690372437826114,0.00013537210973168894,47.350461748565735,Normal_Driving
2026-03-10 23:58:31.620943,0.018596727268014514,0.021913548180154306,9.826855539883551,0.017399265538505432,0.02739297605822193,0.0077872546382533195,47.33640148403489,Normal_Driving
2026-03-10 23:58:31.670943,0.019234320367675136,0.016923929430556588,9.838095151196999,-0.0017080014010172747,0.00872050837555715,-0.00040657863634084536,47.26286101218182,Normal_Driving
2026-03-10 23:58:31.720943,-0.040243839197899964,-0.017751965820067755,9.781542298364162,-0.012715519102835481,-0.019517191244173462,-0.0030125496671032613,47.426761679059915,Normal_Driving
2026-03-10 23:58:31.770943,0.021397249310117914,-0.00027869534209782357,9.801556759122425,-0.0017221114716820239,-0.005351452977413265,-0.004536051861482477,47.62324734707142,Normal_Driving
2026-03-10 23:58:31.820943,0.02707993660931588,0.012545625682025933,9.827343833574957,0.01267894388034518,0.011948131676063421,0.005912924008849454,47.91849218676821,Normal_Driving
2026-03-10 23:58:31.870943,0.02571549866416631,-0.030759421540915186,9.821241139382211,-0.0070255750806335945,0.0007651537335154751,-0.010657975868045672,47.853789635156,Normal_Driving
2026-03-10 23:58:31.920943,-0.010067780743412833,-0.0013618137057576475,9.788751942742694,-0.0005481193908868916,-0.007772844564438863,-0.00824753548176092,47.724671652562165,Normal_Driving
2026-03-10 23:58:31.970943,-0.02888664208224091,-0.037840071127195195,9.797015263872584,-0.0022980113818211,-0.0069073910064050385,-0.009672692671149404,47.2303409086722,Normal_Driving
2026-03-10 23:58:32.020943,0.016798807623895552,0.029919657200015125,9.846396397418227,0.01181210288622583,0.016165478485379515,0.0021470964265492432,48.122553824434455,Normal_Driving
2026-03-10 23:58:32.070943,-0.008053121078689052,-0.005987410758564711,9.802802188116244,0.004092850253938693,0.011429727697110972,-0.009920715093528055,47.140315188174725,Normal_Driving
2026-03-10 23:58:32.120943,-0.033479462094298675,-0.007144169205250768,9.784545019337616,-0.016662806483268573,-0.0025282580122270824,-0.008711243249153705,47.96255814934637,Normal_Driving
2026-03-10 23:58:32.170943,0.02411324049495491,-0.011012613656493213,9.802918185625249,-0.004194805301392916,0.00528009606087128,0.008926734686777456,47.17868918641134,Normal_Driving
2026-03-10 23:58:32.220943,0.027452534556305024,0.011823003450428768,9.796632988700905,0.0028636541259782237,0.012100381464181492,0.013134737829894228,47.93797308794199,Normal_Driving
2026-03-10 23:58:32.270943,-0.00836386797044239,0.01921038065874283,9.815110490291863,0.0020995406534798588,0.0018808902745993824,0.004748531911833257,47.3407073650552,Normal_Driving
2026-03-10 23:58:32.320943,-0.014008576569646377,-0.03366603937820381,9.799840314542806,-0.008613200990223455,-0.0018991345525787365,-0.000996453920342994,47.73017229274671,Normal_Driving
2026-03-10 23:58:32.370943,-0.003755710861900462,0.0056205776736678375,9.803536388092764,0.0006241089762032948,-0.009455126450198728,0.0003760318674729322,47.401829471590766,Normal_Driving
2026-03-10 23:58:32.420943,0.016422092355789675,0.0330019992843503,9.84379829419147,0.014214720496894541,0.006922692965298394,0.008785360087527148,47.35182687836745,Normal_Driving
2026-03-10 23:58:32.470943,-0.035239095709630165,-0.004173770375888707,9.803747985087725,-0.006751009387741035,-0.009567063885392255,-0.011759328340079808,47.64884301732799,Normal_Driving
2026-03-10 23:58:32.520943,-0.009680675230935229,-0.02593684049879083,9.79368459425718,0.0011771476232796362,-0.008657066746822427,-0.009340431420605031,47.776169041827856,Normal_Driving
2026-03-10 23:58:32.570943,-0.0032157225350828915,0.012043582521582807,9.80612628153697,-0.00410000891540446,0.0002426603129434495,0.01040952363226199,47.72992144149744,Sudden_Lane_Change
2026-03-10 23:58:32.620943,0.019916530167012773,-0.3572944921633747,9.819583444065477,0.02014417541631844,-0.006810038561581955,-0.22582877859594636,47.684079122127194,Sudden_Lane_Change
2026-03-10 23:58:32.670943,0.013844298947966632,-0.7073695673745897,9.839027047757284,0.01065728300559422,0.006834613752151989,-0.4902560607361016,47.87744215108208,Sudden_Lane_Change
2026-03-10 23:58:32.720943,-0.010972802469086392,-1.1050528729564721,9.776803165098077,-0.02373743113300226,-0.020003212291843604,-0.755429193592699,47.69593974077741,Sudden_Lane_Change
2026-03-10 23:58:32.770943,0.0018905201367982426,-1.3859335026500945,9.8096641974136,0.002420892310776849,0.011982930492150904,-0.9547490743431748,47.587540175040346,Sudden_Lane_Change
2026-03-10 23:58:32.820943,0.021052076622968104,-1.6702833768891212,9.858072882968106,0.008969753774824632,0.016895375966239204,-1.1457428014271078,47.48058737065067,Sudden_Lane_Change
2026-03-10 23:58:32.870943,-0.0031194376328346858,-1.9575524055063813,9.802408258986869,-0.0024991229598399813,-0.013190716621006638,-1.3387141304164445,47.88338378947737,Sudden_Lane_Change
2026-03-10 23:58:32.920943,0.0011036813724816519,-2.1977994410706154,9.778755431558459,-0.005394498759545248,-0.008622317274307378,-1.5126090654847413,47.77033709509832,Sudden_Lane_Change
2026-03-10 23:58:32.970943,0.012829518794079064,-2.357236439764053,9.808548372982568,-0.002193061842560794,0.001657752482629185,-1.6258182123666176,47.73900347729246,Sudden_Lane_Change
2026-03-10 23:58:33.020943,0.009680777937246697,-2.519364671945479,9.819816081502914,0.0012771514593358534,0.011735032454571236,-1.715583999666826,47.827194280204004,Sudden_Lane_Change
2026-03-10 23:58:33.070943,0.006362368068154338,-2.5990857628090533,9.833271996350732,0.010578713785556746,0.007828774157322596,-1.7762929051474392,47.71078624534012,Sudden_Lane_Change
2026-03-10 23:58:33.120943,-0.06678644666555816,-2.654883410881241,9.75329588739711,-0.021135109454501148,-0.02081479813174894,-1.8266509832467426,47.76171917370317,Sudden_Lane_Change
2026-03-10 23:58:33.170943,0.019756761236906416,-2.601868840868832,9.853615853366602,0.02346124931158257,0.005849550272811121,-1.786478804792498,47.76193066580184,Sudden_Lane_Change
2026-03-10 23:58:33.220943,0.014172467014958152,-2.566303741745536,9.808881430339103,0.012813865835836914,-0.00823852034894907,-1.7596803824991225,47.64688283593652,Sudden_Lane_Change
2026-03-10 23:58:33.270943,0.018828158187630235,-2.464879940244018,9.815833667449601,-0.0014568707754746017,0.0020903536884452232,-1.6641499061088574,47.84874766514865,Sudden_Lane_Change
2026-03-10 23:58:33.320943,-0.02134234111473165,-2.2994832967973937,9.798389395835088,-0.007575130250802609,-0.004058251475897851,-1.5775610617320703,47.64485634204606,Sudden_Lane_Change
2026-03-10 23:58:33.370943,0.015189164884261317,-2.0595556658676015,9.837859026567493,0.009910548269692862,-0.005596928895559479,-1.4150430415815978,47.85297125202336,Sudden_Lane_Change
2026-03-10 23:58:33.420943,0.030701845387188134,-1.8362300343406113,9.824473180651683,0.007090837778527291,0.012688240731355133,-1.252645641237289,47.830884666365336,Sudden_Lane_Change
2026-03-10 23:58:33.470943,0.012065870313232462,-1.5323038527492425,9.809455129758083,-0.005485298606661837,-0.00564479650451908,-1.0666913808812042,47.80337789059302,Sudden_Lane_Change
2026-03-10 23:58:33.520943,-0.05339300644192908,-1.2738987929492727,9.793482752823465,-0.010354084034049518,-0.016351261069346208,-0.8653990120458472,47.91181025985122,Sudden_Lane_Change
2026-03-10 23:58:33.570943,0.048937701178234205,-0.8677864724993697,9.825920243120393,0.02406987899256846,0.011328751070581731,-0.6025357335873228,47.795393767901274,Sudden_Lane_Change
2026-03-10 23:58:33.620943,-0.03224060513683945,-0.579103926594823,9.794013496286652,0.003667204680362864,-0.008226389721257887,-0.38723420000537684,47.81258145236117,Sudden_Lane_Change
2026-03-10 23:58:33.670943,-0.020376359918013752,-0.1742853639430423,9.814745652069675,0.00858936050933057,0.00852225926880747,-0.12238742364612093,47.64035914123032,Sudden_Lane_Change
2026-03-10 23:58:33.720943,-0.015212720233469328,0.14653895634335565,9.795734505408051,-0.015688418648791013,-0.0076910132101192215,0.11372990357737675,47.68304428551675,Sudden_Lane_Change
2026-03-10 23:58:33.770943,0.025895855489757615,0.5437780131792578,9.828463901062678,0.01684288915682862,0.009493842370193167,0.3753881480301702,47.835525883046905,Sudden_Lane_Change
2026-03-10 23:58:33.820943,0.012199470034413785,0.9161481536266568,9.807827418039025,0.00427434467620997,0.000959102855747481,0.629600430883957,47.709480574077304,Sudden_Lane_Change
2026-03-10 23:58:33.870943,-0.007759632127279875,1.2219483329880443,9.824836304503265,-0.0018854086651189674,0.006097261475091341,0.8533305895307284,47.79775301227113,Sudden_Lane_Change
2026-03-10 23:58:33.920943,-0.03198173314631082,1.5031378545704572,9.793759972146344,-0.010916601699350239,-0.015011345014228709,1.040797536304372,47.77892889385435,Sudden_Lane_Change
2026-03-10 23:58:33.970943,0.04506708422351241,1.865972710888347,9.845684649391902,0.008576903772387973,0.021724526738988576,1.275046757205432,47.71657896682462,Sudden_Lane_Change
2026-03-10 23:58:34.020943,-0.00401976167657196,2.052203263373941,9.802606230227985,-0.008708939913459042,-0.014196516053126397,1.4141156068784975,47.59979281572947,Sudden_Lane_Change
2026-03-10 23:58:34.070943,0.0061539678975928,2.288984339933187,9.824489720886103,0.0035299737564382723,-0.0007462155846875984,1.559740866466593,47.82222309329272,Sudden_Lane_Change
2026-03-10 23:58:34.120943,-0.011655513509414584,2.412025309892745,9.804502436589502,-0.015785505521264617,-0.013376405832347433,1.6696571287524546,47.712791420026825,Sudden_Lane_Change
2026-03-10 23:58:34.170943,0.005489948858456717,2.5904827204415906,9.827674620603231,0.013525484797750814,0.008305369713993479,1.7619818356899306,47.79506507777916,Sudden_Lane_Change
2026-03-10 23:58:34.220943,0.025070569049472035,2.6517332959431044,9.821666515755783,0.009226039633700323,0.004579837877120968,1.7918302108801303,47.92831942432522,Sudden_Lane_Change
2026-03-10 23:58:34.270943,-0.03482080334594455,2.607791261330553,9.811523179959714,-0.016864981524114805,-0.006605857866572719,1.8050264178348272,47.72305940491794,Sudden_Lane_Change
2026-03-10 23:58:34.320943,-0.03147706407217889,2.6014937619402345,9.77923799055123,-0.012201120305826704,-0.0009789797691899275,1.77547169426432,47.692070305978284,Sudden_Lane_Change
2026-03-10 23:58:34.370943,0.0334061216794885,2.5536282678500677,9.844321009855431,0.016105719625447962,0.016926569933677384,1.7384597899638539,47.922251670759316,Sudden_Lane_Change
2026-03-10 23:58:34.420943,-0.02343044243734739,2.3570192464300366,9.808462063514066,-0.002827383155502538,-0.003544052028591163,1.6154769484008926,47.72068817966857,Sudden_Lane_Change
2026-03-10 23:58:34.470943,-0.008780564729684475,2.1810499269607138,9.787382318609842,-0.005447044133027779,0.0037323736762743254,1.495816670050877,47.88974455229946,Sudden_Lane_Change
2026-03-10 23:58:34.520943,-0.008074566878853471,1.9462807206236468,9.80052762671094,0.0002785977466934729,-0.007252244027621085,1.3341888702143385,47.91180943676241,Sudden_Lane_Change
2026-03-10 23:58:34.570943,0.03075749647200783,1.739895127156936,9.821430135331717,0.009867559429825411,0.00790080399466678,1.1714073204192736,47.945423735491275,Sudden_Lane_Change
2026-03-10 23:58:34.620943,0.002182254364325829,1.4035376996451592,9.821218843554252,0.004898389939496219,0.0030634893689814686,0.947225614664577,47.93115906604223,Sudden_Lane_Change
2026-03-10 23:58:34.670943,-0.025169238917512653,1.0555506354121476,9.764681770324161,-0.01796640562623838,-0.003575836522255297,0.7171262509925395,47.842010170536945,Sudden_Lane_Change
2026-03-10 23:58:34.720943,0.014180583472235789,0.7647363722709555,9.80193427851695,-0.0088415681029777,0.01110339838053236,0.5110400770787964,47.823137821945565,Sudden_Lane_Change
2026-03-10 23:58:34.770943,-0.0003285861082861531,0.382221102624664,9.838904602944238,0.007611630360863819,0.016680197389624642,0.2577765943039804,47.6381418589609,Sudden_Lane_Change
2026-03-10 23:58:34.820943,0.00699813687555742,-0.002088716057723624,9.80332565872438,-0.0032739822494673447,-0.005028736662708261,0.0009535752883721249,47.88106200318018,Sudden_Lane_Change
2026-03-10 23:58:34.870943,-0.018392433345956805,0.02518696935462247,9.820327182131829,0.0008819909341703875,-0.007481602958548879,0.0012734534685451713,47.93767470069819,Normal_Driving
2026-03-10 23:58:34.920943,0.0016731415435912757,0.03422662207482237,9.830688112289874,0.009831094892217479,0.010183665753936805,0.006290740312497497,48.0810469133037,Normal_Driving
2026-03-10 23:58:34.970943,0.01736685051409355,0.010479540633774957,9.824911919210624,0.006696797317893492,0.005767198357845017,0.005480578159135711,47.934996537513015,Normal_Driving
2026-03-10 23:58:35.020943,-0.03440672645815323,-0.037608334832319644,9.780373156463602,-0.019718690284128943,-0.01621361753841396,-0.009364622245438017,47.735983335667555,Normal_Driving
2026-03-10 23:58:35.070943,0.005691918114044583,-0.023902093304403373,9.809916190323243,0.010668845260101978,0.0030051343188910833,0.006748707344761153,48.08075960616066,Normal_Driving
2026-03-10 23:58:35.120943,0.04961377839561884,0.02008993972166319,9.836880552271575,0.020170130786476503,0.007885154362725008,0.016029258841628875,47.488386348132295,Normal_Driving
2026-03-10 23:58:35.170943,-0.02368138961861806,-0.004271823717123835,9.783179646989737,-0.004631399246453546,-0.0030663216023783264,-0.001882892536276849,47.81372814407289,Normal_Driving
2026-03-10 23:58:35.220943,-0.008318106841422729,-0.01428077802752567,9.792830882999741,0.00048526838335659263,-0.006290599450041246,-0.01184349416225447,48.05990014891571,Normal_Driving
2026-03-10 23:58:35.270943,-0.005121051178661013,-0.005990882792349121,9.809750685257793,-0.006516656111757332,-0.012700182808717481,-0.002966298405273243,47.69340458132227,Normal_Driving
2026-03-10 23:58:35.320943,0.02342167320572256,0.009424714847117729,9.83360587339539,0.012882865836068126,0.008207940114719873,0.01989190251481257,48.30989841910105,Normal_Driving
2026-03-10 23:58:35.370943,-0.006945441859637139,0.007721201184392569,9.817268821867136,0.002553946868502419,-0.0028765583323048247,0.006412472803858099,47.64356570544225,Normal_Driving
2026-03-10 23:58:35.420943,-0.03343605825356948,-0.05484624554641937,9.793127532822608,-0.022685558568410938,-0.017447380047668624,-0.010683612580577616,47.88492555706191,Normal_Driving
2026-03-10 23:58:35.470943,0.030772201410454045,0.004520267315945643,9.833050173741306,-0.007267865385889697,-0.007037379986835431,0.01624835909728812,48.013796356779515,Normal_Driving
2026-03-10 23:58:35.520943,0.01868218263384576,0.010318493626330798,9.813652041173334,0.013531913068115787,0.014986231523058061,0.006363489101606612,48.10771263279538,Normal_Driving
2026-03-10 23:58:35.570943,0.018169739419227133,0.005875268896383995,9.81272204036142,-0.0005653995219078293,0.00021667192935321514,-0.0007582299233639981,48.06771883825851,Normal_Driving
2026-03-10 23:58:35.620943,-0.01643003440319886,-0.04840731063408375,9.77549097465385,-0.008534305768227597,-0.012465418551534746,-0.0011841746443370105,47.959121128771486,Normal_Driving
2026-03-10 23:58:35.670943,0.014701789877743829,0.0047707389520580835,9.806286484479058,-0.005231640094909236,-0.0008569509857687446,0.0028220274682806304,48.1781148701325,Normal_Driving
2026-03-10 23:58:35.720943,0.020852915571514117,0.03483792344933998,9.815469406214271,0.004661010729693924,0.018252268419880435,0.005605125863081722,47.68438724017097,Normal_Driving
2026-03-10 23:58:35.770943,-0.006595421637417019,0.001987371672697336,9.791409604080023,0.0048347082325426345,0.0055798680867511306,-0.00434950775699831,47.481221917853965,Normal_Driving
2026-03-10 23:58:35.820943,-0.022803236893193895,-0.032970310771327845,9.81913848589603,-0.01807982844393025,-0.0075405196321249954,-0.014834333601479042,48.31739298613071,Normal_Driving
2026-03-10 23:58:35.870943,0.021434567056363565,-0.0036755125879928095,9.823715199886971,0.00652483873707523,0.006122838159824916,0.0009048665568543012,47.97962661361958,Normal_Driving
2026-03-10 23:58:35.920943,0.028490205065505897,0.016130757359722775,9.796202729422545,0.0054085796224407024,0.00026961260939409705,-0.004694680707637714,48.03344653954157,Normal_Driving
2026-03-10 23:58:35.970943,0.03720624970424728,0.014242521020159896,9.836728845491738,0.006121817080439844,-0.009173695719339662,0.0028483628811694093,48.46491922606179,Normal_Driving
2026-03-10 23:58:36.020943,-0.028647085208877356,-0.020445396513852486,9.771907391199973,-0.024477842557402176,-0.024579182090294846,-0.024994327807815672,47.565946711478105,Normal_Driving
2026-03-10 23:58:36.070943,0.018275952645233438,-0.00783635230962067,9.812978296010336,0.012263308527470727,0.009926327448730713,0.006943435491473894,48.229863519919824,Normal_Driving
2026-03-10 23:58:36.120943,0.016489562003430623,0.02047196776834539,9.82863064250871,0.011699224256916801,0.006872127487778489,0.025299188878383037,47.77295531632823,Normal_Driving
2026-03-10 23:58:36.170943,-0.011388382199859158,0.00023022278077546726,9.815150137674237,0.0023472764352535187,-0.006758721818056876,-0.0029503683422756315,48.4429704530244,Normal_Driving
2026-03-10 23:58:36.220943,-0.027420452895566737,0.001679537726988204,9.774345565506424,-0.017331782163030267,-0.016535782707376333,-0.008040708663742242,48.24770934276308,Normal_Driving
2026-03-10 23:58:36.270943,0.009497689749093017,0.014151885794342366,9.796938881547643,0.002627378453573506,0.008282225464414279,0.009850521560109337,47.77122668176134,Normal_Driving
2026-03-10 23:58:36.320943,0.01610065208957811,0.030465803006541465,9.808796387641733,0.0011677742348080353,-0.0037755972964622613,0.004891718444301078,47.78524195743719,Normal_Driving
2026-03-10 23:58:36.370943,0.013070462213641682,0.02475639671588541,9.810321751905072,2.3441355489751264e-05,0.009957623019017202,0.009920139920434083,47.8005460113258,Normal_Driving
2026-03-10 23:58:36.420943,-0.03102514905667228,-0.05093583184167344,9.754213020958453,-0.036031665888583655,-0.010938027460935392,-0.020669299956113805,48.61603217397862,Normal_Driving
2026-03-10 23:58:36.470943,0.03384641012037707,0.01852310421421411,9.834636469255292,0.015166345936253729,0.008159641099868869,0.015442439608202246,48.0778112186397,Normal_Driving
2026-03-10 23:58:36.520943,0.016919643992577584,-0.0007470474489998805,9.806985374465624,0.0014772448135719175,0.0005933660315909468,0.001202139070721785,48.09012016756065,Normal_Driving
2026-03-10 23:58:36.570943,-0.01368162812228819,-0.00010101374893550129,9.808398314860614,0.009703324497727279,0.0034709184753974353,0.00154475228403362,48.08911691659685,Normal_Driving
2026-03-10 23:58:36.620943,-0.028795085238281726,-0.025128451227606492,9.765339687927808,-0.015929022109054683,-0.02174368640402693,-0.0030767043826013156,47.800585201700116,Normal_Driving
2026-03-10 23:58:36.670943,0.005178323348318836,0.0036475972928436537,9.82794299705486,0.004980833304750429,0.009750357425298405,0.004059746135976735,47.68838811988363,Normal_Driving
2026-03-10 23:58:36.720943,0.035503745447766175,0.017039525409541328,9.82169697024927,0.0029971052396813797,0.011699988992159387,5.573551610276329e-05,48.26017769661467,Normal_Driving
2026-03-10 23:58:36.770943,-0.006590624436913836,0.010739026836655053,9.817314896844689,-0.012612301942592979,-0.009479749894466876,-0.010757148248780431,47.49805732085881,Normal_Driving
2026-03-10 23:58:36.820943,-0.044358292991044476,-0.04501847149176353,9.774321129130152,-0.026199138280050844,-0.016814248598419793,-0.020338899700985742,47.5636567142622,Normal_Driving
2026-03-10 23:58:36.870943,0.016604699879346745,0.034958981833614754,9.846942751054065,0.019912944501424442,0.00788438548346342,0.02196569230118424,48.25252638476971,Normal_Driving
2026-03-10 23:58:36.920943,0.0174815121617166,-0.01332033368205994,9.796058102789521,0.0059380502603060895,-0.001264481252480823,0.00012986188653920207,47.71389566347801,Normal_Driving
2026-03-10 23:58:36.970943,0.010779465015086587,-0.006148702636794737,9.8220455413639,-0.0020857858633409826,0.005573158414199287,0.004619714522623671,48.02181867296401,Normal_Driving
2026-03-10 23:58:37.020943,-0.020923241835095113,-0.045471824375966544,9.7750546726905,-0.014493354031065619,-0.021953717433454034,-0.01416517934042134,47.66557755788017,Normal_Driving
2026-03-10 23:58:37.070943,0.02276960300316888,-0.0043929878212941725,9.815851371463436,0.004225860631400557,0.014602053128878061,-0.004899534086664693,48.062541736218954,Normal_Driving
2026-03-10 23:58:37.120943,-0.01636492853873216,-0.0014724374415581373,9.83597459590151,0.010979549031249366,0.012380853508138827,0.014471976751733066,47.90495689101498,Normal_Driving
2026-03-10 23:58:37.170943,-0.01513336449649079,-0.012796276513659725,9.797342133632451,-0.018589639695543995,0.0006752124161771419,-0.004406541058482903,47.62381054230393,Normal_Driving
2026-03-10 23:58:37.220943,-0.02559052707123684,-0.027425187812607082,9.809181716835194,-0.011487012592206218,-0.01975465049550275,-0.007614750109759992,48.29402772811199,Normal_Driving
2026-03-10 23:58:37.270943,0.03329059209463898,-0.0022617304761503206,9.813300456354419,0.010489546744156825,0.008051862895664195,0.016405580919915085,47.676717012440406,Normal_Driving
2026-03-10 23:58:37.320943,-0.0033663919864077205,0.010644848347679016,9.796092707468558,-0.009585169971152545,-0.001717515077755068,-0.006951717180947797,47.31160315571606,Normal_Driving
2026-03-10 23:58:37.370943,0.02819163947379557,0.012238299314518341,9.839195174942594,0.0011361739528237824,0.016066966724050866,0.008659924472711068,47.69853948053189,Normal_Driving
2026-03-10 23:58:37.420943,-0.03566816888683296,-0.032495480185978004,9.759802512740775,-0.021714942360771625,-0.02985009987097372,-0.020023384499016493,47.8373156012149,Normal_Driving
2026-03-10 23:58:37.470943,0.026274012762836117,0.01800962912582953,9.832563869198138,0.014372542138865144,0.02329043126206266,0.01504727165274981,48.03530476381448,Normal_Driving
2026-03-10 23:58:37.520943,0.01512074632391648,-0.0009897124474395943,9.8170850925884,0.004458338303977714,-0.002043094769150557,0.013445491176411275,47.70521582939623,Normal_Driving
2026-03-10 23:58:37.570943,0.0042296857829915305,-0.008020043197132287,9.836816772225603,-0.007261692509610512,0.002380589006969264,0.0005812813555915591,47.55848879940966,Normal_Driving
2026-03-10 23:58:37.620943,-0.021090508295493922,-0.027226566996556963,9.77982380456748,-0.001089640553150438,-0.016604619449176117,-0.014003446996341247,48.16490349461552,Normal_Driving
2026-03-10 23:58:37.670943,0.030842845164501604,0.006251870462320537,9.825253634268432,0.0009461382379814167,0.00947314425618421,-0.0071957051531896,47.52606809506011,Normal_Driving
2026-03-10 23:58:37.720943,-0.019654203482064748,0.001000946699587476,9.839970875769879,-0.008495869478429743,0.0039901529883364815,0.0008319723952902162,47.44512188721378,Normal_Driving
2026-03-10 23:58:37.770943,-0.00018705946852061103,-0.0030490213609147866,9.824593646660649,-0.0015081509230720222,-0.0027657374850181236,-0.005546907408918291,47.814240343437774,Normal_Driving
2026-03-10 23:58:37.820943,-0.05423110004900132,-0.014507164919280092,9.785133568037388,-0.008392171928013841,-0.014490753992569601,-0.01908159258311503,47.48813340221202,Normal_Driving
2026-03-10 23:58:37.870943,0.05669165864336541,0.035184581505885854,9.840236496412073,0.0032312653497337755,0.01694413080528017,0.022106649986585694,48.04420418105148,Normal_Driving
2026-03-10 23:58:37.920943,-0.011055843521127555,0.0030518319621429014,9.82823316070823,-0.0062485750529602205,0.001286578546894057,-0.012264388336682074,48.292646962362426,Normal_Driving
2026-03-10 23:58:37.970943,-0.008341833701729608,0.002690671730762971,9.813828252796274,-0.00033909860658685575,-0.004344737603906224,0.002426170232335835,47.77870546868998,Normal_Driving
2026-03-10 23:58:38.020943,-0.02004576295947117,-0.030839521069611478,9.777028920465247,-0.004334884284300858,-0.0059944204835547235,-0.009642094518798293,47.99911784532701,Normal_Driving
2026-03-10 23:58:38.070943,0.04612776632565979,0.015994296220181378,9.847643576116452,0.016394408587810938,0.011427842202970585,0.01802781482957215,47.50920849430417,Normal_Driving
2026-03-10 23:58:38.120943,0.007420908878305908,0.009646495005911958,9.826236565986623,-0.005074192909431377,0.016192883364859835,-0.002588401476542013,47.8157036430949,Normal_Driving
2026-03-10 23:58:38.170943,-0.009865111091591593,-0.011994682394025853,9.784554932616578,-0.010461145992423825,0.00386211465427583,-0.017046625319536827,47.69623257603233,Normal_Driving
2026-03-10 23:58:38.220943,-0.039178174993292306,-0.027439487048827288,9.77361815722878,-0.019707350178137246,-0.017725968741700432,-0.026412417833132265,47.90767497849815,Normal_Driving
2026-03-10 23:58:38.270943,0.00886296686250039,0.02644260042435178,9.839451581400505,0.014715284992254964,0.013678810677049357,0.0132688410538726,47.88303834251232,Normal_Driving
2026-03-10 23:58:38.320943,0.017718905546152477,0.001956155398671406,9.801144262212313,-0.0015116688006666336,-0.0046020323117958286,0.0003904159424858635,47.79062247717663,Normal_Driving
2026-03-10 23:58:38.370943,0.02507944865555039,-0.006252331939758188,9.804629568040001,0.006476612087488282,0.007037451785962557,0.0009574707132061905,47.72226288668797,Normal_Driving
2026-03-10 23:58:38.420943,-0.045707701112142354,-0.037631062421742446,9.768718354334133,-0.01084414564063474,-0.017890249450026145,-0.022776362936102718,47.64253299456067,Normal_Driving
2026-03-10 23:58:38.470943,0.02061178419444011,0.05706241176095579,9.8356066249761,0.022987221459411282,0.015130318572185119,0.018608783170663643,48.55520230339551,Normal_Driving
2026-03-10 23:58:38.520943,-0.0016949804073916903,0.03929608204938259,9.798196129694203,-0.006135688332922327,0.003423469449821912,-0.006305648978902029,47.808665854183936,Normal_Driving
2026-03-10 23:58:38.570943,-0.0008151526448972948,-0.024720237718548525,9.835543933488017,-0.00036487038350715897,-0.0024165418192034376,-0.016974046083608172,48.09758889747514,Normal_Driving
2026-03-10 23:58:38.620943,0.010215836192519933,-0.03469213878543219,9.782960258520614,-0.011660618980551244,-0.005229600368246496,-0.009226447502746154,48.188968091998085,Normal_Driving
2026-03-10 23:58:38.670943,0.03884782035951921,0.025449900531545028,9.830989666638313,0.02211543998796528,0.007455931006253765,0.015253783520071909,47.825320130246446,Normal_Driving
2026-03-10 23:58:38.720943,0.004910408389398368,-0.024345554595726755,9.805744889812043,-0.009785043840551202,0.002845234433159275,-0.010389262557474133,48.10370715429601,Normal_Driving
2026-03-10 23:58:38.770943,0.02522948222551994,-0.0035797240330084305,9.81317980314517,0.0052493063591401625,0.004856831207391336,-0.0010352533532792113,48.03779630031523,Normal_Driving
2026-03-10 23:58:38.820943,-0.03642207223848235,-0.013853978885868732,9.782385577351963,-0.011106631082613377,-0.007733442453596227,-0.027433804300036287,48.325946673052094,Normal_Driving
2026-03-10 23:58:38.870943,0.031874777847974455,0.03517622546735135,9.842648217820498,0.019560232818427357,0.020656988969123553,0.013791934434242276,47.84623344183978,Normal_Driving
2026-03-10 23:58:38.920943,-0.020283656607988754,0.0002602829813452244,9.82306299063812,-0.00451481809736243,-0.0065307841681385825,-0.005678310208341022,47.504393584363825,Normal_Driving
2026-03-10 23:58:38.970943,-0.006380174999326191,-0.0073648499759168505,9.790415489176238,-0.006498658105802692,-0.004272248806067097,-0.0004113983421850805,48.41498442941276,Normal_Driving
2026-03-10 23:58:39.020943,-0.008113237393724396,-0.018092011818706656,9.78450299693548,-0.012437792366250531,-0.01249746604500834,-0.016330724889622304,47.873206306597005,Normal_Driving
2026-03-10 23:58:39.070943,0.00041515696235451885,0.026475309977455386,9.832896285684233,0.008882404982092133,0.014487329185998056,0.013334118816900595,48.12200334919045,Normal_Driving
2026-03-10 23:58:39.120943,0.0017428810841737183,-0.004970279534254941,9.842636660543949,0.005385769894183313,0.002051572066806987,0.0014870537736279173,48.08565941315814,Normal_Driving
2026-03-10 23:58:39.170943,0.016319097538594132,-0.00620337385979153,9.839512806828248,-0.01040329348843724,-0.0072706147122763775,-0.002451233624689987,47.659891672140695,Normal_Driving
2026-03-10 23:58:39.220943,-0.032343272379006784,-0.04438611843887427,9.756081660871338,-0.01813429005954574,-0.006873755482362805,-0.008062099650983917,47.18656311806646,Normal_Driving
2026-03-10 23:58:39.270943,0.029148560975386525,0.025544669641403485,9.834633421665474,0.010753389366448358,0.023663124278698815,0.01880244873783798,47.2741152193636,Normal_Driving
2026-03-10 23:58:39.320943,-0.015877674424441074,-0.01103898251568746,9.787226175526795,0.00017593573804742732,0.0016338262837641768,-0.007200138785433175,47.4646808219726,Normal_Driving
2026-03-10 23:58:39.370943,0.0025877414243331313,0.004688400005013107,9.822227977609325,0.004757078699547317,-0.0018585308251220256,0.005406504133543306,48.155179573622284,Normal_Driving
2026-03-10 23:58:39.420943,-0.01926389416737707,-0.020681171836103917,9.789765107732977,-0.025010924286910492,-0.016312714106298528,-0.020368496157443725,47.88052328901678,Normal_Driving
2026-03-10 23:58:39.470943,0.0302713302482875,0.016129207302111676,9.831000363845023,0.007368633434781649,0.01227687273627632,0.008662209492526858,47.64243932281022,Normal_Driving
2026-03-10 23:58:39.520943,0.0006536885910482333,0.004743705052936254,9.822697174778217,0.005042860605418469,0.0069095073337098615,-0.00245527711535331,48.27114302169,Normal_Driving
2026-03-10 23:58:39.570943,-0.009637302957695128,-0.004022293887288404,9.782192699151137,-0.011324297783778536,-0.016771758019172196,-0.0013765572551132678,48.00436480959476,Normal_Driving
2026-03-10 23:58:39.620943,-0.005812206077000387,-0.028473103207575373,9.800350163625131,-0.007440352636988089,0.004079360387213649,-0.016859989289835942,47.854640992209795,Normal_Driving
2026-03-10 23:58:39.670943,0.055696170987200325,0.05007344187437919,9.851908269491183,0.03154179560026782,0.01721194370983658,0.016426693767819255,47.32246497887681,Normal_Driving
2026-03-10 23:58:39.720943,0.007187728480659301,-0.012995569582576628,9.811605097969865,0.002684143959012267,-0.007025732195820196,-0.011322513793947333,48.24232488838792,Normal_Driving
2026-03-10 23:58:39.770943,-0.00947238866340106,0.0005272093906050651,9.803103245574047,-0.006544562905377779,-0.001686065403431232,0.005466564742946349,48.683586161743,Normal_Driving
2026-03-10 23:58:39.820943,-0.013476997350785969,-0.02542456443310849,9.789334579432808,-0.02648785632194158,-0.009598547441893123,-0.01801332320273099,47.85782756956767,Normal_Driving
2026-03-10 23:58:39.870943,0.013537256285682309,0.03680194878031888,9.833594736072243,0.016412637433618243,0.02023553215247505,0.013374891567130738,47.76894280756969,Normal_Driving
2026-03-10 23:58:39.920943,0.01664767108576071,-0.0094924724379661,9.822540030394766,0.0005923371451604987,0.0005877564417485204,-0.0009528624288925651,47.866799336273495,Normal_Driving
2026-03-10 23:58:39.970943,-0.0205669737145144,-0.029092833721951226,9.791303207516966,-0.015908702421378356,-0.015124766193215136,-0.001538751716783457,47.82074110700673,Normal_Driving
2026-03-10 23:58:40.020943,-4.7182772301153364e-05,-0.01512100274883067,9.788006218842407,-0.018350506889679964,-0.0007644107002734127,-0.00804095323812006,47.7024127398722,Normal_Driving
2026-03-10 23:58:40.070943,0.024182585328751324,0.016143136931644382,9.820320834240553,0.010276321964761461,0.009282964766434561,0.011544947406249142,47.83696711650799,Normal_Driving
2026-03-10 23:58:40.120943,-0.013945621754665315,0.005562904271317585,9.82034169089833,-0.0018712362912342712,0.002354151079368242,-0.003060652050035381,47.787570644651815,Normal_Driving
2026-03-10 23:58:40.170943,-0.004185562676408065,-0.009121816358340463,9.808204979252642,0.004145422489320316,-0.009926779820795989,-0.0017338563115198548,47.99684846801934,Normal_Driving
2026-03-10 23:58:40.220943,-0.04410994519501034,-0.007830850823286713,9.764185299777271,-0.015319061560824953,-0.0130619316728585,-0.009609408403822742,47.95596992656636,Normal_Driving
2026-03-10 23:58:40.270943,0.015423211946456267,0.041434409414747235,9.85079618705501,0.013792252317732796,0.030582268524011247,0.023572555829060437,48.148997730957504,Normal_Driving
2026-03-10 23:58:40.320943,0.005999441523526888,-0.0118361593473854,9.809017819526309,-0.010127503306282704,-0.009983973947467157,-0.0018342538372264406,47.98060361844845,Normal_Driving
2026-03-10 23:58:40.370943,-0.01669147562384093,-0.013088599408357219,9.800127224263226,0.007436253699130758,-5.826559393045782e-05,-0.013780702717190441,47.88065225689193,Normal_Driving
2026-03-10 23:58:40.420943,-0.009753941211257432,-0.021671475088692736,9.799032959601123,0.006899529687075261,-0.0004297034670039698,0.0029126416836723875,47.81975876909217,Normal_Driving
2026-03-10 23:58:40.470943,0.017962123831991132,0.0073547307777267115,9.832465269886315,0.01595172302277674,0.002761438751544683,0.019871284832282288,47.902082021644375,Normal_Driving
2026-03-10 23:58:40.520943,-0.0010933834524314082,-0.011493111379666326,9.798008246687269,0.004302231735249446,-0.0006891573654473244,0.0004828438719423206,47.395864754936675,Normal_Driving
2026-03-10 23:58:40.570943,-0.003678395779976239,-0.013966707808062284,9.787958427210578,-0.0055517890184559274,-0.003314401259276837,-0.006082459742463952,47.857489003652674,Normal_Driving
2026-03-10 23:58:40.620943,-0.011667665880378687,-0.01124952397949687,9.805431983664636,-0.016383407179466604,-0.005288977777991998,-0.005071018922169445,48.00360499981215,Normal_Driving
2026-03-10 23:58:40.670943,0.0470970463276435,0.06444190240983465,9.823611189302616,0.013058237071071533,0.034062830535558516,0.006846599162001768,47.55109536966167,Normal_Driving
2026-03-10 23:58:40.720943,-0.004887949471294246,-0.002152268074327727,9.770942754871275,-0.01110418013353887,-0.006866853311428836,-0.021361369736720398,47.84363555671708,Normal_Driving
2026-03-10 23:58:40.770943,-0.0060960457699780115,-0.017806043283954878,9.798149510742821,0.01056005722542618,-0.0036259082436636567,-0.025306972813164873,47.90550487966006,Normal_Driving
2026-03-10 23:58:40.820943,-0.01399973429724037,-0.03778236494387047,9.771727334670537,-0.00952812312895034,-0.003756161292610693,0.0014013198517611476,47.89626588654584,Normal_Driving
2026-03-10 23:58:40.870943,0.014698840173061193,0.006796139488142151,9.835898989379915,0.007999169658653011,0.0070659627012315505,0.009654701450490171,47.714274863672145,Normal_Driving
2026-03-10 23:58:40.920943,-0.0030226391527176013,0.013402932349453648,9.79641387986743,0.0077057336896653676,0.0019501302098399165,-0.0030484842614547838,47.79787549488609,Normal_Driving
2026-03-10 23:58:40.970943,-0.03335769949374277,-0.028422209367679935,9.79672774558163,-0.010228981315204732,-0.010408874718748802,-0.005059274638125968,47.7139863027837,Normal_Driving
2026-03-10 23:58:41.020943,-0.01237195562099814,0.003379143810522637,9.81842562880551,-0.012148842288988933,0.0027665159583716526,-0.003737324705604981,47.48121910155114,Normal_Driving
2026-03-10 23:58:41.070943,0.004477504255544065,0.013575365895093585,9.824843748607222,0.015432495854037557,0.019454349871203324,0.01847809607974854,48.45084979378438,Normal_Driving
2026-03-10 23:58:41.120943,-0.0010456318804400967,0.017200658709804154,9.831751524226394,-0.006622480687710714,-0.01039295302398515,-0.006544286668692883,47.89191595551085,Normal_Driving
2026-03-10 23:58:41.170943,-0.0026758927131526273,-0.012434838426612138,9.796555085823233,-0.013949533186519257,-0.009477157033533853,-0.004868619382693113,47.75132617232481,Normal_Driving
2026-03-10 23:58:41.220943,-0.024385402294098083,-0.013956924196344431,9.782216250643927,-0.017768180516652927,-0.002916565159440306,-0.016648185521101744,48.12469786529834,Normal_Driving
2026-03-10 23:58:41.270943,0.03361270238587177,0.0033853289360096447,9.840651627910397,0.01715948994635622,0.014127414485058831,0.017026263242586732,47.89961137717126,Normal_Driving
2026-03-10 23:58:41.320943,-0.011094341541872523,0.007998053580533529,9.827369760839279,0.0010214278188423907,-0.005575373179765211,-0.008496519415943714,47.996872687171006,Normal_Driving
2026-03-10 23:58:41.370943,0.003867584157609981,-0.013225533377703576,9.795637565687825,-0.02097429256026858,-0.012975917547705032,0.0048163008466086624,47.98985130442091,Normal_Driving
2026-03-10 23:58:41.420943,0.02210438097380476,0.0059313542779612476,9.830660807807298,-0.002475241476604259,-0.0048109922559408545,-0.001689537394701365,47.60468321187141,Normal_Driving
2026-03-10 23:58:41.470943,0.0049630746372043245,0.005637068552833659,9.822169311218639,0.01324587909082792,0.0033790037653901287,0.01209993508093974,47.949096236459454,Normal_Driving
2026-03-10 23:58:41.520943,-0.003769278268039215,-0.002525444111188298,9.81395810024352,0.00804317795108946,0.007014894640996053,0.00370784009950732,47.890043430876304,Normal_Driving
2026-03-10 23:58:41.570943,-0.011264159033027507,-0.010116995783241343,9.777882417851027,-0.0007376830497803268,-0.012745433866333465,-0.0070481539539532356,47.75959691136864,Normal_Driving
2026-03-10 23:58:41.620943,-0.026372665484163085,-0.00041667429473684573,9.821090707750892,0.0034848823436102465,0.000635700144204521,-0.0026855332246574805,47.94163239253295,Normal_Driving
2026-03-10 23:58:41.670943,0.031119469137767457,0.060799893756110356,9.844316877147918,0.011934524555342703,0.017979511156760254,0.017384582823225393,47.96956115450827,Normal_Driving
2026-03-10 23:58:41.720943,-0.01388048529567004,0.009610406289371138,9.819167475559501,0.010922355314475211,0.004155172489069141,-0.006312266069025226,48.13245166321436,Sudden_Lane_Change
2026-03-10 23:58:41.770943,0.010787006742304464,0.4339210253890262,9.826079086345585,0.002859621021734951,0.0062981727006954395,0.3456509405952709,47.8830205077091,Sudden_Lane_Change
2026-03-10 23:58:41.820943,0.013776491257203666,0.8468251316998858,9.829092870312433,0.008140762959962982,0.006827368388075424,0.6774251190717807,47.83506546777035,Sudden_Lane_Change
2026-03-10 23:58:41.870943,-0.015092897643774267,1.2175227982127703,9.787583344524709,-0.013028019482356174,-0.00943029629608827,0.9841480037020415,47.884175309047166,Sudden_Lane_Change
2026-03-10 23:58:41.920943,0.002261786773851836,1.6385917806494468,9.804340160591618,0.003932371164230722,0.003433264949832736,1.3119960768740817,48.13038459796301,Sudden_Lane_Change
2026-03-10 23:58:41.970943,0.029701547795412057,1.99336684072963,9.820996715800328,0.013182219025095861,0.008726060548590457,1.6123460396950169,48.05959605249212,Sudden_Lane_Change
2026-03-10 23:58:42.020943,-0.022299705163280524,2.272207087912381,9.795630726608968,0.00442989684527831,0.0017511802690601225,1.8565133172594954,48.03382933357332,Sudden_Lane_Change
2026-03-10 23:58:42.070943,-0.005022208330362352,2.560979954005872,9.78337420250387,-0.012648721287928209,-0.007085848468920492,2.074079414716914,48.155240258685524,Sudden_Lane_Change
2026-03-10 23:58:42.120943,0.01695023969457872,2.845216096000904,9.834782450965594,0.0007526033364716423,0.0004984661040786154,2.292758792573588,47.89889801980357,Sudden_Lane_Change
2026-03-10 23:58:42.170943,-0.005558257308410596,3.051942843511253,9.819875075313357,0.0035315405336415616,0.013815133077231062,2.458066319619184,48.07568652760669,Sudden_Lane_Change
2026-03-10 23:58:42.220943,0.01322636310751579,3.205246545476379,9.823076473506958,-7.447654448060684e-07,0.006335095456694327,2.6045393089968085,47.85202725114467,Sudden_Lane_Change
2026-03-10 23:58:42.270943,-0.044019491919806114,3.2831399423343814,9.762167798617742,-0.026183163602513715,-0.019907817305556033,2.6792902943255457,47.94400524051747,Sudden_Lane_Change
2026-03-10 23:58:42.320943,0.041069980177706675,3.421018764382096,9.845485145284018,0.016457887216041744,0.01120436402780527,2.755323765557365,47.893776535660166,Sudden_Lane_Change
2026-03-10 23:58:42.370943,0.015453062966031337,3.403764754775072,9.819185182138321,0.0014661519335346295,-0.0008264818756975293,2.7543347679216015,47.83612968577697,Sudden_Lane_Change
2026-03-10 23:58:42.420943,-0.013593353460580453,3.347359926228604,9.809811152136739,0.0061681794981166445,-0.0020672245235570388,2.7223197405484694,48.02011348818106,Sudden_Lane_Change
2026-03-10 23:58:42.470943,-0.017378287447260096,3.232220684108943,9.77813881544181,-0.013038055990646225,-0.021082673169627236,2.624733702115765,47.93883961616691,Sudden_Lane_Change
2026-03-10 23:58:42.520943,0.02154198252472287,3.1370389489134056,9.834668445181888,0.00984404125235127,0.005465722699748133,2.5396897522493154,47.938695485006335,Sudden_Lane_Change
2026-03-10 23:58:42.570943,-0.006515856118218323,2.9408464075296115,9.822673296233296,0.016427194358590008,0.0015675040585155522,2.394879470827514,48.08149807863877,Sudden_Lane_Change
2026-03-10 23:58:42.620943,0.017537942064937546,2.7243892053201644,9.813520867185469,0.0023140367965970333,-0.008002466493042025,2.192151427183983,47.92529744399009,Sudden_Lane_Change
2026-03-10 23:58:42.670943,-0.040090414597924534,2.3959279916670386,9.776099708289099,-0.020178738995107335,-0.01760005846467497,1.959881256305613,47.94273065953915,Sudden_Lane_Change
2026-03-10 23:58:42.720943,0.0294053783839084,2.173515894661877,9.845268709864703,0.017351981608706178,0.020920588335143854,1.7523588364111713,48.07988973031881,Sudden_Lane_Change
2026-03-10 23:58:42.770943,-0.006249023663439115,1.776397641780204,9.778824554345208,0.002822118999514377,-0.010113309030283573,1.4591497634623174,48.023878338600596,Sudden_Lane_Change
2026-03-10 23:58:42.820943,-0.01093277084210231,1.4244460774794703,9.833924341128533,0.0010631851319468269,0.008057708754663068,1.1622303286425426,47.99341720320986,Sudden_Lane_Change
2026-03-10 23:58:42.870943,-0.03753101411449419,1.0148515114085863,9.777369476804635,-0.009674039666356049,-0.012939522553698972,0.8118329142802257,47.8249879350212,Sudden_Lane_Change
2026-03-10 23:58:42.920943,0.029333837988320365,0.6515614845179364,9.827594116403677,0.01121431866447988,0.014222426688059273,0.5104114530951477,48.053718062629976,Sudden_Lane_Change
2026-03-10 23:58:42.970943,0.020622230059438473,0.20466258776337143,9.843684663222453,-0.001023393710620448,6.257542272476973e-05,0.17449844204387535,47.791565640571925,Sudden_Lane_Change
2026-03-10 23:58:43.020943,0.011640913061943661,-0.21857612207183125,9.808914831713166,-0.0005402948831433145,-0.004294214534551256,-0.18014051766870712,47.88170271501295,Sudden_Lane_Change
2026-03-10 23:58:43.070943,-0.018497413583718564,-0.6464327595443738,9.792829182545061,-0.014276481557692785,-0.007648533916473832,-0.5161291114689956,48.051622454141786,Sudden_Lane_Change
2026-03-10 23:58:43.120943,0.03176939573225859,-1.0015599067639929,9.847319948153068,0.012041254707166722,0.01371772447799446,-0.8055549411962352,48.008108930480574,Sudden_Lane_Change
2026-03-10 23:58:43.170943,-0.011279914833103625,-1.4106886572331618,9.80614538537217,-0.01372665264671397,-0.014527454995943248,-1.1511399270881137,47.97567738443281,Sudden_Lane_Change
2026-03-10 23:58:43.220943,0.017250381837788986,-1.791501528058053,9.828978233974112,-0.007423302579162398,-0.0022875554084178526,-1.4481694096607052,48.128233007011566,Sudden_Lane_Change
2026-03-10 23:58:43.270943,-0.04054162482663061,-2.140948975838528,9.786936530912737,-0.001987160985857944,-0.008287056946824242,-1.7460826616950091,47.91321662709968,Sudden_Lane_Change
2026-03-10 23:58:43.320943,0.03365145824015974,-2.401957270974703,9.836460076868834,0.013017168475113952,0.006566299744880463,-1.9555602880637373,48.00874947648409,Sudden_Lane_Change
2026-03-10 23:58:43.370943,-0.005082307054061035,-2.711090471461151,9.813376843328173,0.013534858799890769,0.0022030927076210714,-2.2037046624277306,47.91785029966255,Sudden_Lane_Change
2026-03-10 23:58:43.420943,-0.023345889462199794,-2.9243052082066026,9.781862456497569,-0.007413513529981989,-0.011198386834654487,-2.3996260003778818,47.88237448653747,Sudden_Lane_Change
2026-03-10 23:58:43.470943,-0.01169287167556429,-3.156782939710073,9.794854091976136,-0.018563600173166342,-0.009175283141866086,-2.5317348058467477,47.84103823681534,Sudden_Lane_Change
2026-03-10 23:58:43.520943,0.047465813999272494,-3.228545996750991,9.8442297425054,0.014974910853948717,0.011891087997996541,-2.6349883270285055,47.9957231755761,Sudden_Lane_Change
2026-03-10 23:58:43.570943,-0.026849322562235555,-3.366460023833161,9.815184952371755,-0.021697641834753312,-0.0021720969924848925,-2.720726832667497,48.02253057507897,Sudden_Lane_Change
2026-03-10 23:58:43.620943,-0.0010895482343983658,-3.384340527512775,9.811098743110845,-0.0018568562408816085,0.001965280811326223,-2.745916236614273,48.04414458070485,Sudden_Lane_Change
2026-03-10 23:58:43.670943,-0.02843903044907159,-3.42709389671889,9.787160536537119,-0.010210302235053674,-0.018333685293985616,-2.749971142936514,48.11391753842186,Sudden_Lane_Change
2026-03-10 23:58:43.720943,0.011380212439283863,-3.298089345266804,9.845461354199902,0.01615025255180675,0.024222940100651916,-2.6761353357737656,47.88503655003724,Sudden_Lane_Change
2026-03-10 23:58:43.770943,-0.009214757684760114,-3.2081876623706407,9.82355290790429,0.005328239395392538,-0.004351165431771841,-2.593650631901661,48.05040245450574,Sudden_Lane_Change
2026-03-10 23:58:43.820943,-0.04226545177344045,-3.0682009404103026,9.797117093785435,-0.009339949221588173,-0.008815862962103568,-2.4751904546569903,48.075276984253975,Sudden_Lane_Change
2026-03-10 23:58:43.870943,-0.011675344609395363,-2.851317556618046,9.799579368489027,0.003274087460297991,-0.008006443613681163,-2.2971639830919064,47.93706869670021,Sudden_Lane_Change
2026-03-10 23:58:43.920943,0.01362033797556414,-2.5540789948402045,9.848561188479115,0.001016494297015889,0.00786804718214014,-2.0770023359553114,48.03105351678467,Sudden_Lane_Change
2026-03-10 23:58:43.970943,-0.01640612750528385,-2.297664602826979,9.78702174796628,0.003264537383475838,-0.01068426619106426,-1.8588531574456102,47.72851379508352,Sudden_Lane_Change
2026-03-10 23:58:44.020943,-0.019501895801537054,-1.9582577309002909,9.787018760851746,-0.0013874639369661711,-0.013592688134458113,-1.6031283294381138,47.95151100783826,Sudden_Lane_Change
2026-03-10 23:58:44.070943,-0.02754591756985885,-1.6051037316536376,9.7881640194749,-0.002654904343616628,-0.005480810207650292,-1.3024550280535614,47.9627283172364,Sudden_Lane_Change
2026-03-10 23:58:44.120943,0.03580569824061954,-1.185542763406719,9.83630544887437,0.016115708421229672,0.014948441585217367,-0.9830732385001484,47.78411476754698,Sudden_Lane_Change
2026-03-10 23:58:44.170943,-0.023858052461876614,-0.813078766835076,9.8090182777552,-0.0016911912512597043,-0.008305295827066331,-0.6775667357669866,47.96204097766863,Sudden_Lane_Change
2026-03-10 23:58:44.220943,-0.0048084178382879934,-0.440931394984795,9.782508587450328,-0.017433956611957107,-0.016588116614266856,-0.34537665518087934,47.809308110251635,Sudden_Lane_Change
2026-03-10 23:58:44.270943,-0.005826190450166736,0.02361096242205849,9.830136974060213,0.011897913327453873,0.0018283864758190187,0.011249793123998193,47.973655442149706,Sudden_Lane_Change
2026-03-10 23:58:44.320943,0.003491410559902408,-0.005319803281326119,9.811836995138204,-0.00279199992790668,-0.00037610039606364383,0.003698971886328739,47.63475350323428,Normal_Driving
2026-03-10 23:58:44.370943,0.019291119275201794,0.004326536778755573,9.831631916857893,0.01901080711569199,0.0054507974985538495,-0.0007930062072775829,48.13996520012886,Normal_Driving
2026-03-10 23:58:44.420943,-0.000943794081717365,0.018319602746942068,9.826444789980096,0.00658451135963709,0.01199380679679436,-0.005810271373229812,47.64627139450464,Normal_Driving
2026-03-10 23:58:44.470943,-0.017852647989600016,-0.033242938226174114,9.748097219734229,-0.011213416440942089,-0.01973828675890838,-0.022930439662432002,47.78762685231825,Normal_Driving
2026-03-10 23:58:44.520943,-0.015111778711568522,0.013818588640246985,9.803716721162546,0.001295841455489795,-0.007246624753574149,0.006257183881737171,48.183334526872535,Normal_Driving
2026-03-10 23:58:44.570943,0.019451980879117696,0.02651228202526267,9.831630516278047,0.013615128089672846,0.00010275619277862191,0.007944370258559205,47.86914816641051,Normal_Driving
2026-03-10 23:58:44.620943,-0.011949474431387202,-0.021359659328327434,9.798231591042796,-0.002625317475571883,-0.002494351982020745,-0.0011398990488674836,48.348504680918715,Normal_Driving
2026-03-10 23:58:44.670943,0.007918112007903861,-0.03388789515624485,9.781636277784758,-0.012096341909757408,-0.0028122132130605423,-0.0012749802970538357,47.41460712835505,Normal_Driving
2026-03-10 23:58:44.720943,-0.010288485805115863,0.01241105850645641,9.794637043416172,-0.007645842623203829,-0.00610937027477004,-0.00736697396537679,47.99978712513669,Normal_Driving
2026-03-10 23:58:44.770943,0.0013899959134737842,0.02547212262670633,9.815006064090673,0.0031824097824155783,0.021549838742825945,0.003912221123804682,47.86802733379111,Normal_Driving
2026-03-10 23:58:44.820943,0.017276410969800912,7.963533322927121e-05,9.831332050856014,-0.00670855329053732,0.0003687624057755077,0.010731931030444331,48.296153642641634,Normal_Driving
2026-03-10 23:58:44.870943,-0.03838130980463242,-0.032623627535154576,9.803562348833218,-0.020550655510252588,-0.012738312771027747,-0.017242710268033645,47.74761759200483,Normal_Driving
2026-03-10 23:58:44.920943,-0.00804279494970557,0.009829996060961507,9.833637573256516,0.010710239198002406,0.01221215492093801,0.004632040903434422,47.88959519816228,Normal_Driving
2026-03-10 23:58:44.970943,-0.0007799337671437184,0.02183927971738224,9.819385253001876,0.005828671590153467,0.007713944170017307,-0.003641065030506061,48.24390994575327,Normal_Driving
2026-03-10 23:58:45.020943,0.014457870640138749,-0.015102776203161097,9.80676367968416,-0.0044483287017226016,-0.000665058549336539,-0.001192450282630056,47.480925564607205,Normal_Driving
2026-03-10 23:58:45.070943,-0.022140577363468295,-0.01676714938752138,9.785243933019885,-0.0071602013516341035,0.0015294812652509576,5.620262823299686e-05,47.838207091062586,Normal_Driving
2026-03-10 23:58:45.120943,0.005433378502639162,-0.011981210046535398,9.822163548786508,-0.0012669753926535967,-0.006791684717384277,-0.0010492679534308954,47.55101490066118,Normal_Driving
2026-03-10 23:58:45.170943,0.007996859804305324,0.011325159723790243,9.84148189131279,0.0030699996503378187,0.020616777816013877,0.0059266399616118345,47.52062707942751,Normal_Driving
2026-03-10 23:58:45.220943,-0.0007971798288473253,-1.4120092704690557e-05,9.819008344322231,-0.00522292549472575,-0.0025001318912852896,0.0064006944154902596,48.42097143931,Normal_Driving
2026-03-10 23:58:45.270943,-0.02829316990595287,-0.029459384287320933,9.767580894073873,-0.014385729110597224,-0.011175688124053217,-0.016313251067898923,48.0711292233568,Normal_Driving
2026-03-10 23:58:45.320943,0.015534499560313785,-0.001213470709712089,9.848403946878294,0.005768512006014286,0.01197240557310908,-0.00488766080308645,47.9090046855366,Normal_Driving
2026-03-10 23:58:45.370943,-0.017691861440904975,-0.005909972964089342,9.83181987105719,0.008872108088721822,0.016098137368053718,0.0018986224467502648,47.93422101624069,Normal_Driving
2026-03-10 23:58:45.420943,0.00395671243582479,-0.007228787290116369,9.819843670909126,0.026558545781063994,0.010595430520312409,0.0071602535296881615,48.25802314687005,Normal_Driving
2026-03-10 23:58:45.470943,-0.04570871966307775,-0.015419032690482368,9.772148784668552,-0.015694129380107898,-0.013021058123537137,-0.019376440194933703,48.06303304969037,Normal_Driving
2026-03-10 23:58:45.520943,0.022035656592878743,0.01809868412068232,9.823942788312067,0.009312553004862447,0.010050816650523185,0.01530272950553917,47.63775632131864,Normal_Driving
2026-03-10 23:58:45.570943,0.013659750498864193,0.031125826938754528,9.823939096708584,0.018365248000535354,0.005296265119519325,0.0036925677550734776,47.91363113998538,Normal_Driving
2026-03-10 23:58:45.620943,-0.015730847665360197,0.01278459408964588,9.805637236191199,-0.007311245544409296,0.0007508335085859436,0.00347983702431844,47.92363613780357,Normal_Driving
2026-03-10 23:58:45.670943,-0.01988722746761707,-0.027814823982393374,9.78344648829838,-0.01124911809238045,-0.008398445043165895,-0.008713908881402834,47.92329421647501,Normal_Driving
2026-03-10 23:58:45.720943,0.007367677325456066,0.021811445002762875,9.81866844734592,0.002465706953721102,0.0030926348002784255,0.0122015810784596,47.89449020317573,Normal_Driving
2026-03-10 23:58:45.770943,0.005870672669060952,0.00949321596290598,9.798646126202884,0.004075844979716289,0.01345615313115067,0.0021750427368151855,47.657432894884224,Normal_Driving
2026-03-10 23:58:45.820943,-0.0067186860698021985,-0.0012318836876905308,9.820250884875064,0.0075582483746314474,0.011074605973783567,-2.9988402494756164e-06,47.85973190489204,Normal_Driving
2026-03-10 23:58:45.870943,-0.02762382120206345,-0.05420776742953625,9.759055289617798,-0.026362988930210017,-0.011260591673089114,-0.01890311362029512,47.8557897069949,Normal_Driving
2026-03-10 23:58:45.920943,0.022725211256459446,0.03289068379456298,9.833873535601057,0.009923078004379342,0.008828602626878717,0.014403268198762467,47.8536955568636,Normal_Driving
2026-03-10 23:58:45.970943,-0.025696241802926376,0.019406562966968237,9.812830783348799,-0.001962744077544214,-0.003984020956171098,0.0005085735634385888,47.64607094737141,Normal_Driving
2026-03-10 23:58:46.020943,-0.0010058362539894796,-0.00762959889255957,9.81780707921773,-0.0114308080201839,0.00027890214228113146,0.0015313817343191455,48.10569053167684,Normal_Driving
2026-03-10 23:58:46.070943,-0.020101020888229654,-0.021930522061732332,9.809640996832007,-0.018239887835837708,-0.015225014701117288,-0.013671150016728527,47.459119328199215,Normal_Driving
2026-03-10 23:58:46.120943,0.01621347311692532,0.010081989628272149,9.83497064933584,0.012430631560776995,0.005425720833955897,0.006720413108533374,47.5515245434106,Normal_Driving
2026-03-10 23:58:46.170943,0.0009484050189050557,0.001969462248210944,9.840074604581067,0.003769549850233475,-7.772777233881062e-06,0.008668884577657248,48.193206308182766,Normal_Driving
2026-03-10 23:58:46.220943,-0.005560982753233743,0.013604372323795966,9.806419890658717,-0.001844192870979464,0.004695498369719298,-0.0037452744997882414,48.57457506492153,Normal_Driving
2026-03-10 23:58:46.270943,-0.025290544355643076,-0.03188806817756549,9.778577670048975,-0.01989924112425416,-0.026443473136298384,-0.02760153945008549,47.92941636586671,Normal_Driving
2026-03-10 23:58:46.320943,0.02429497530686822,0.01128125494580274,9.853108732541216,0.023248432093633344,0.025041863500815754,0.019090506972622445,47.76448847786005,Normal_Driving
2026-03-10 23:58:46.370943,-0.00018919066418105705,-0.022776400233421673,9.802171473440621,-0.0036176865473915684,-0.0038561613714253474,-0.0035937933522691297,48.434653477861275,Normal_Driving
2026-03-10 23:58:46.420943,0.008212868926714068,0.010052319027875628,9.822078490240939,-0.002621738439959727,-0.007693119881282696,0.003955077005633074,48.26043333828804,Normal_Driving
2026-03-10 23:58:46.470943,-0.003948688985026573,-0.02385554729618001,9.799931531472883,-0.011553741806499786,-0.01920251243593797,-0.012604100239868894,48.1155112495503,Normal_Driving
2026-03-10 23:58:46.520943,0.020699010380711525,0.01647447686038416,9.824547499978047,0.020017202779749162,0.01610476055690497,0.016690547264801195,48.15116719209308,Normal_Driving
2026-03-10 23:58:46.570943,0.01353024564669779,0.01470314312836139,9.81410948467837,0.006728576658831175,-0.011292583162127234,-0.0035600888234956106,47.95847828344078,Normal_Driving
2026-03-10 23:58:46.620943,0.012743691623384682,-0.005702853694812863,9.801347337525257,-0.011828605122749991,-0.00677550864393809,-0.010823161884788868,47.763707653061175,Normal_Driving
2026-03-10 23:58:46.670943,-0.020902134298981707,-0.013484277148889452,9.782624117245971,-0.016263631387050902,-0.02414088143088926,-0.01727822273258087,48.17085960883119,Normal_Driving
2026-03-10 23:58:46.720943,0.03411087776311597,0.03366289379263424,9.851956842776577,0.013769131380517774,0.018883602116820015,0.008597093453689178,47.661799962137295,Normal_Driving
2026-03-10 23:58:46.770943,-0.024570007871355423,-0.029552650304892278,9.79813477046707,-0.002148409964327844,-0.0054807830136283184,-0.008151999528135166,47.35383679202197,Normal_Driving
2026-03-10 23:58:46.820943,0.018357151629345828,0.03864457197220897,9.81759932875907,0.011215752352735756,0.012979641183771807,0.014663303888004669,47.79809021609276,Normal_Driving
2026-03-10 23:58:46.870943,-0.04423649576675302,-0.03763914441922939,9.774702870070419,-0.018249630057746085,-0.027280643778975773,-0.021023719217310305,48.31883820858682,Normal_Driving
2026-03-10 23:58:46.920943,0.045381400998762665,0.01984880842126873,9.834054226108938,0.009122113994561462,0.02405110459275936,0.01686835314773428,47.59833636953864,Normal_Driving
2026-03-10 23:58:46.970943,0.001996960428471843,0.02456416390336562,9.81005241016424,0.006413763335098008,-0.005029825533061978,0.009436869391101884,48.0154283638412,Normal_Driving
2026-03-10 23:58:47.020943,0.0018039282215380013,-0.00218702752081403,9.803484862762454,-0.004461645227570215,-0.002676126527728631,0.0002808665700070297,47.914119960579875,Normal_Driving
2026-03-10 23:58:47.070943,-0.005225177198547305,-0.035332574882031106,9.785812656705385,-0.02092044420736727,-0.004082917870829038,-0.00818093121388832,48.25482378544622,Normal_Driving
2026-03-10 23:58:47.120943,0.01985317937031022,0.02846350198029863,9.84351235192228,0.008187541270269407,-0.0007941655085615291,0.011790834316099355,47.81177844030284,Normal_Driving
2026-03-10 23:58:47.170943,-0.02000868483566909,-0.0019843265311713923,9.821205567487727,-0.006671500625146214,-0.004032728262238709,-0.004077797052360308,48.18667425160735,Normal_Driving
2026-03-10 23:58:47.220943,0.020379718894529265,-0.0050424727111246966,9.829301632733403,0.013678604082766688,0.012455529103312038,0.0026252734191347512,47.91520225985427,Normal_Driving
2026-03-10 23:58:47.270943,-0.04160226558488173,-0.04919241674624558,9.775013091714406,-0.019875930723778704,-0.01001872716570654,-0.013276591395896533,48.55106855034127,Normal_Driving
2026-03-10 23:58:47.320943,0.040510998387659355,0.03009667692226299,9.848429155560641,0.01668530475117149,0.017798746660870543,0.018466897159120352,47.981471874413664,Normal_Driving
2026-03-10 23:58:47.370943,-0.010582813853268598,0.0006738451814529934,9.81091991403964,-0.00025014179749632695,-0.0013235444612163104,0.003687489160774589,48.02669592940778,Normal_Driving
2026-03-10 23:58:47.420943,0.012406778368882519,-0.0053237803624737665,9.785039553227014,-0.0005178222542463625,-0.012775611986114576,0.002475758118521101,47.635544220867686,Normal_Driving
2026-03-10 23:58:47.470943,-0.006642274018755827,-0.007307840882337147,9.785148712360874,-0.009712014961383833,-0.0035547929943257816,-0.0021809343872362845,48.56372010944166,Normal_Driving
2026-03-10 23:58:47.520943,0.01644069308310864,0.02033266860877758,9.83668186534402,0.008747485071439557,0.00339009729522305,0.024123493544677306,47.75175430832998,Normal_Driving
2026-03-10 23:58:47.570943,0.016653401400879488,0.02268855787245295,9.80377949263284,0.005053720357558207,-0.0022915915968687883,-0.0019678864241590033,48.0661650021929,Normal_Driving
2026-03-10 23:58:47.620943,-0.002381866866418933,-0.020420792075426634,9.823766942837057,-0.006869480744446186,-0.002240005322928374,0.00011438644489491232,47.74652308334718,Normal_Driving
2026-03-10 23:58:47.670943,-0.035495084145246644,-0.00046578871315786086,9.783860685359228,-0.02261777065519407,-0.01805439141141293,-0.009761670998757733,47.981590554902866,Normal_Driving
2026-03-10 23:58:47.720943,0.016004950222022557,0.02612204889441292,9.838227038141023,0.02228953245626255,0.014717976168097682,0.026537222309047523,48.20272498502127,Normal_Driving
2026-03-10 23:58:47.770943,-0.013361712442414748,-0.028300827552500955,9.810721414403384,-0.0026873576204862314,-0.010314425596955916,0.006018024712276298,47.74825257211532,Normal_Driving
2026-03-10 23:58:47.820943,0.011105243421791509,0.000971345811359537,9.809575612890548,0.0059198887235231805,-0.008744469445996949,-0.0030362236537308947,48.0747910978841,Normal_Driving
2026-03-10 23:58:47.870943,-0.007482638317088059,-0.013927134397651853,9.780228639622093,-0.010387603946175729,-0.005763390121281628,-0.0007279624922972676,48.48156681000392,Normal_Driving
2026-03-10 23:58:47.920943,0.034546028730623866,0.024238735330791815,9.831432761913598,0.0029725695572982123,0.024289207892091283,0.006239739067780642,48.046061088054586,Normal_Driving
2026-03-10 23:58:47.970943,0.026384024423549618,-0.004169272468022036,9.824202275938438,0.0009300069414368171,0.0031165746211383374,0.005522750608698407,48.770925556331,Normal_Driving
2026-03-10 23:58:48.020943,0.001227053006245208,-0.013958731382409502,9.794461760813574,-0.004491110738030091,-0.006897923608978933,-0.0050876524518465305,48.42328028955449,Normal_Driving
2026-03-10 23:58:48.070943,-0.012807752597751179,-0.008890135650957297,9.790183099646052,-0.012246783238258407,-0.015332690317328371,-0.0025805355312199588,48.21620997318731,Normal_Driving
2026-03-10 23:58:48.120943,0.02475028054592005,0.036266203719259385,9.85120168673016,0.01530933561001613,0.024027385276633513,0.02506993912175544,47.739490092002896,Normal_Driving
2026-03-10 23:58:48.170943,0.009931750103804836,-0.015847995679789405,9.78850450078794,0.004678129553598009,-0.009882604210512165,-0.008413725008093561,47.52788209935567,Normal_Driving
2026-03-10 23:58:48.220943,-0.004396154744724155,0.013956011978072077,9.810276043910072,-0.003621958537590498,-0.0024823036550485787,-0.008189474616667719,47.89123896371483,Normal_Driving
2026-03-10 23:58:48.270943,-0.026714764853224264,-0.012481456827148003,9.783446306975046,-0.012943310079336119,-0.000895413331789819,-0.01295821909108201,47.893908273744785,Normal_Driving
2026-03-10 23:58:48.320943,0.025766282554048718,0.036816016942530234,9.82984697060099,0.007706989523616152,0.004337033476058873,0.015040732482250645,48.20967382502636,Normal_Driving
2026-03-10 23:58:48.370943,0.0012154625152276698,0.01843105504514251,9.799805326694434,0.0035846134691815074,0.0071475704197012865,-0.005671904042009061,48.23895633491829,Normal_Driving
2026-03-10 23:58:48.420943,-0.024308773886837,0.0005633570086726811,9.795171551257868,-0.01939947682393224,-0.005847412723376454,-0.011007398355319584,47.79578647050051,Normal_Driving
2026-03-10 23:58:48.470943,-0.009455756986201203,-0.009886438923032771,9.792574600010754,-0.013122265017917387,0.0007088119931368412,-0.000835213894654145,47.765342357575875,Normal_Driving
2026-03-10 23:58:48.520943,0.02297297999990003,0.03064208737609936,9.826782111349486,0.014988751822057493,-0.0010950499272515662,0.002944917621729411,47.920678317531596,Normal_Driving
2026-03-10 23:58:48.570943,-0.008751227182822922,-0.02331962942552501,9.807550613478712,-0.001814049910122721,-0.001709175325306827,0.004244826617380246,48.05578939493351,Normal_Driving
2026-03-10 23:58:48.620943,0.010746528178128099,-0.0017425933108469408,9.823737285674609,-0.007725463131499108,-0.013821569990494113,-0.0048506685666254625,48.4280140114495,Normal_Driving
2026-03-10 23:58:48.670943,-0.04416545259594769,-0.028428729259689377,9.785805201821752,-0.010558145635509966,-0.011068700488367543,-0.0019381238081758803,47.50800861070763,Normal_Driving
2026-03-10 23:58:48.720943,0.012990702781872653,0.03882944399173224,9.83801033547807,0.01397685064022299,0.016311491277177705,0.019612455390943584,48.00769235249933,Normal_Driving
2026-03-10 23:58:48.770943,-0.020912950985581172,-0.006731935471244851,9.790387286030272,-0.007380282924122363,-0.00019432217068080177,-0.005200754079825077,48.388318818285676,Normal_Driving
2026-03-10 23:58:48.820943,-0.013488283776197572,-0.01939454430239801,9.81180998872353,-0.004099786331415243,-0.01576720716173186,-0.005429073925366128,48.10527372281049,Normal_Driving
2026-03-10 23:58:48.870943,-0.006217666383136277,-0.01312151373771078,9.799561725821698,0.0024347293207509944,-0.003069991025031354,0.007738330960029285,48.44357576019331,Normal_Driving
2026-03-10 23:58:48.920943,0.02634185073599776,0.023698459911689958,9.799004810914761,0.01402231746754973,0.01129371714794624,0.006730133988670456,47.291150279818524,Normal_Driving
2026-03-10 23:58:48.970943,0.023986936458159667,-0.012295476467261243,9.81011421971644,0.011604509087391248,-0.003747992995440625,-0.0016740172147996029,47.988794345681455,Normal_Driving
2026-03-10 23:58:49.020943,-0.011434596728742617,-0.015487304173104424,9.78480222818702,-0.0072004377046054665,-0.004212741093905173,-0.0046167836581029525,48.275489631592386,Normal_Driving
2026-03-10 23:58:49.070943,0.012038051452470127,-0.004316694211247872,9.795136099476288,-0.004613449126069852,0.000587230093673557,-0.00648443283757162,47.72113704104988,Normal_Driving
2026-03-10 23:58:49.120943,0.007390808266184601,0.01965347856910049,9.8422016710066,0.023899696482673802,0.010154083550456397,0.02323753472886928,48.15929361935815,Normal_Driving
2026-03-10 23:58:49.170943,-0.015588148586740916,-0.012267733353014572,9.781206134659858,-0.005436594944099047,-0.014862829922207993,-0.009567266761621203,48.04448271219856,Normal_Driving
2026-03-10 23:58:49.220943,-0.02757561224537402,-0.0014977399320021505,9.810757566909054,0.00294388445566306,-0.015880945758451864,-0.011448812497393494,47.730960736144276,Normal_Driving
2026-03-10 23:58:49.270943,0.019136905034201446,-0.017008069705983234,9.802621359406636,-0.010540522753198344,0.004415266686131504,0.013923638743713381,47.696502206561654,Normal_Driving
2026-03-10 23:58:49.320943,0.016791606119415922,0.01659576553562031,9.833201956775294,0.006021915532748728,0.013634329867740125,0.004158700863884998,47.73749590409608,Normal_Driving
2026-03-10 23:58:49.370943,-0.0031834965345320237,0.011074787646243495,9.825911577505781,-0.0038393980649946745,-0.004079571656693097,0.0024510434543409724,47.85600919345731,Normal_Driving
2026-03-10 23:58:49.420943,0.0020753115952150455,0.021607630284670314,9.820580667187086,0.006748168992819429,0.017126815005355265,0.00829766005405537,47.85600919345731,Harsh_Brake
2026-03-10 23:58:49.470943,-0.42596654711945825,0.021793576719586205,9.863856168840146,0.0021720933751986264,0.03480917759684145,0.007532893431563326,47.77698346061591,Harsh_Brake
2026-03-10 23:58:49.520943,-0.8750450177509047,0.01178741539934269,9.911658141298735,0.0028176159845920584,0.07561938670225196,0.005280775949765215,47.61920957570189,Harsh_Brake
2026-03-10 23:58:49.570943,-1.339371282628221,-0.010861846577337637,9.928805976721227,-0.012979386503123067,0.1002035087907996,-0.02316024636805391,47.383241725240225,Harsh_Brake
2026-03-10 23:58:49.620943,-1.7408310651926933,0.01417831538617334,9.989224171425285,0.0024398178604931636,0.15144870872586336,0.006130325008847585,47.06990875491175,Harsh_Brake
2026-03-10 23:58:49.670943,-2.139735907029059,-0.0046823395533088195,10.07408239259375,0.014890208452511829,0.19647999467237875,0.015845408378427985,46.680311258202416,Harsh_Brake
2026-03-10 23:58:49.720943,-2.5933188289122504,-0.0057730118464825115,10.077891671688594,-0.0049976914544547415,0.21043851094397295,0.007071263922307303,46.215817710528555,Harsh_Brake
2026-03-10 23:58:49.770943,-3.0106024528524755,-0.023665829342970377,10.106659348457221,-0.007769992861570419,0.24400405256018368,-0.008888576312036989,45.6780596624171,Harsh_Brake
2026-03-10 23:58:49.820943,-3.365544621752314,-0.005848610253310909,10.189416628272316,0.00436091770194838,0.2824277691716672,0.003233512678831751,45.068926008624786,Harsh_Brake
2026-03-10 23:58:49.870943,-3.7516523504892514,0.017098232534295717,10.226515609965121,0.0008865207222759674,0.32181510356991355,0.0026639410648322728,44.3905563533265,Harsh_Brake
2026-03-10 23:58:49.920943,-4.129912244607133,-0.004267669588634939,10.28034103009851,0.014720323022617759,0.3673763209638122,0.005436816126417334,43.645333494677544,Harsh_Brake
2026-03-10 23:58:49.970943,-4.511817249449722,-0.0406817105299822,10.266327474986422,-0.024849438396722618,0.3657130823426083,-0.021635384933882618,42.8358750551482,Harsh_Brake
2026-03-10 23:58:50.020943,-4.820605741810872,0.0275042159695759,10.36472677855318,0.0007926739904988572,0.4189991680872874,0.01282664466020772,41.96502428702938,Harsh_Brake
2026-03-10 23:58:50.070943,-5.167285300824514,0.02868756845727399,10.369290232237622,-0.0009598632907513198,0.4444853471922201,0.0024211330323336885,41.03584008540519,Harsh_Brake
2026-03-10 23:58:50.120943,-5.4759865675276,-0.021932549182971665,10.397349250731356,-0.004028922044575386,0.4768986897630636,-0.006306197825843615,40.05158624367246,Harsh_Brake
2026-03-10 23:58:50.170943,-5.7837897586656055,-0.034869402598896815,10.41982628376853,-0.0043515604352866305,0.47925943617459027,-0.0014561968027055148,39.015719989347346,Harsh_Brake
2026-03-10 23:58:50.220943,-6.022767056642927,0.02142447385612105,10.463487785402824,0.0019545468394901724,0.5203170963954027,0.002540239704387286,37.931879840427605,Harsh_Brake
2026-03-10 23:58:50.270943,-6.271303694552606,0.0173993725695397,10.506811785971596,0.006376013729445332,0.5396797195517221,0.0050938142393471535,36.803872824965445,Harsh_Brake
2026-03-10 23:58:50.320943,-6.485746104825362,-0.0006522683320037775,10.523325104171546,0.004947676967894182,0.5556321620639099,0.003779665613089421,35.635661108742624,Harsh_Brake
2026-03-10 23:58:50.370943,-6.705678175842723,-0.04641612520580839,10.503876040190779,-0.021375341954115386,0.5552345279732883,-0.022855270295876765,34.431348078018644,Harsh_Brake
2026-03-10 23:58:50.420943,-6.798002349228296,0.03732698277744162,10.588390707111142,0.020527976664434736,0.6108395971463374,0.02006574249637594,33.19516392623685,Harsh_Brake
2026-03-10 23:58:50.470943,-7.045920945560917,0.01446500603665852,10.550915845458963,-0.014822149333483085,0.5955234902542982,-0.002847293723341894,31.93145079531569,Harsh_Brake
2026-03-10 23:58:50.520943,-7.155380301564468,0.00889499884936685,10.571915321389204,3.3762942982478675e-05,0.6197458501520782,-0.004237317309335314,30.644647523716856,Harsh_Brake
2026-03-10 23:58:50.570943,-7.282376365771744,-0.037688319210808674,10.549556698414843,-0.008991619085488345,0.6112165086493188,-0.017761871486974258,29.3392740548633,Harsh_Brake
2026-03-10 23:58:50.620943,-7.310947497010946,0.02395071752805923,10.610087810249363,0.003413145264257872,0.6311184417261858,0.022162553533560454,28.019915560673116,Harsh_Brake
2026-03-10 23:58:50.670943,-7.348849878281543,0.01818059499484833,10.602145629515745,0.009787699950742027,0.6391307172102798,-0.0013290817307981167,26.691206335975938,Harsh_Brake
2026-03-10 23:58:50.720943,-7.426620732972821,-0.017812575819056695,10.599474559551407,0.00327557641292345,0.6320653223633765,0.005866599853008293,25.357813520383345,Harsh_Brake
2026-03-10 23:58:50.770943,-7.4264465393375865,-0.04504485094524288,10.576552023636927,-0.009611401535608577,0.596455579131807,-0.012676181764523946,24.024420704790753,Harsh_Brake
2026-03-10 23:58:50.820943,-7.333995809119666,0.012188346148820858,10.635770526488333,0.020272052269260658,0.6510210589533548,0.02066558276593403,22.695711480093575,Harsh_Brake
2026-03-10 23:58:50.870943,-7.369032089033014,-0.034300027594061214,10.583033004979463,0.0012161710672819546,0.627688820897191,-0.0030954180209785734,21.37635298590339,Harsh_Brake
2026-03-10 23:58:50.920943,-7.2482160553191886,0.024048577947977188,10.594903308849403,0.005375596394454021,0.6219909071790205,-0.0025201222355627443,20.070979517049835,Harsh_Brake
2026-03-10 23:58:50.970943,-7.179816606214727,-0.0448330325537667,10.552972373980044,-0.0028521447644258256,0.5925927285717751,-0.018506862602849197,18.784176245451004,Harsh_Brake
2026-03-10 23:58:51.020943,-6.98486165796413,0.016173885543778632,10.5930060278583,0.015549265381050652,0.6111788552775075,0.010091980166394962,17.520463114529843,Harsh_Brake
2026-03-10 23:58:51.070943,-6.8661018015271695,0.005950649942053871,10.55488470230651,0.0011652756566022022,0.5879347187782763,-0.0014295406571084059,16.28427896274805,Harsh_Brake
2026-03-10 23:58:51.120943,-6.699843871894029,-0.006303784915601355,10.52717074921538,0.002681847388841506,0.5566597628987382,-0.009919190182212843,15.079965932024066,Harsh_Brake
2026-03-10 23:58:51.170943,-6.515206435311624,-0.015460299823756404,10.520989059279414,-0.009237409352463095,0.5412856114334132,-0.009848333887677136,13.911754215801245,Harsh_Brake
2026-03-10 23:58:51.220943,-6.250482878043885,0.035214232986249275,10.548765256307135,0.0020899507105454386,0.5535611457813153,0.019504159197290004,12.783747200339086,Harsh_Brake
2026-03-10 23:58:51.270943,-6.043490728121259,-0.007168254679470637,10.472192798331703,-0.012455905509060037,0.5227249790960068,-0.002649924983212903,11.699907051419345,Harsh_Brake
2026-03-10 23:58:51.320943,-5.767053166179279,0.019789746872067568,10.42863488039907,0.0021449362822460066,0.4900127357000297,0.00564795500737272,10.66404079709423,Harsh_Brake
2026-03-10 23:58:51.370943,-5.487373768786315,0.0032037461425291555,10.387573915373553,-0.020712122005455823,0.44766820557382253,-0.010496455129180925,9.679786955361507,Harsh_Brake
2026-03-10 23:58:51.420943,-5.107592427927631,0.034284691182850574,10.388054295890196,0.021650338496869835,0.45387236912294543,0.012491349949810007,8.750602753737319,Harsh_Brake
2026-03-10 23:58:51.470943,-4.833870310222675,-0.01326971001807557,10.340918294370196,0.009134467066860476,0.4146687810508656,0.006653732344583323,7.8797519856184906,Harsh_Brake
2026-03-10 23:58:51.520943,-4.51279148702857,-0.017749543388792748,10.265988692151998,-0.006435719363047223,0.3794798116978397,-0.005626825525082231,7.070293546089154,Harsh_Brake
2026-03-10 23:58:51.570943,-4.133187018396063,-0.008915989954679236,10.26067758881764,0.0003875730078258346,0.34562533896077624,-0.007013864865722284,6.3250706874401885,Harsh_Brake
2026-03-10 23:58:51.620943,-3.731044879730875,0.027527573164086525,10.211171798450005,0.007438738195319591,0.3242303281037156,0.015751034223825934,5.646701032141905,Harsh_Brake
2026-03-10 23:58:51.670943,-3.3975826354553007,-0.013622136799347286,10.161507735056228,-0.0015047699898845595,0.293763807312526,0.012357267261810252,5.037567378349593,Harsh_Brake
2026-03-10 23:58:51.720943,-2.9797074601801694,-0.03252120930015922,10.12768164788121,-0.00977794834164207,0.2504365542503135,-0.009913778615451684,4.499809330238136,Harsh_Brake
2026-03-10 23:58:51.770943,-2.5931886640585327,0.004840949337426924,10.084661097400822,-0.006733306625306872,0.21387805312836497,-0.01103912190746732,4.035315782564275,Harsh_Brake
2026-03-10 23:58:51.820943,-2.1375205339421153,0.03648684903545872,10.057437744134726,0.0053968306481966336,0.21155434855968655,0.019095983180199484,3.64571828585494,Harsh_Brake
2026-03-10 23:58:51.870943,-1.721828346326745,-0.00029372709173486116,10.001808733532801,-0.0009331756665879843,0.15323439742907255,0.00448214644022819,3.3323853155264658,Harsh_Brake
2026-03-10 23:58:51.920943,-1.3503962237864933,-0.02830422147978371,9.951360475333871,-0.01269079352253642,0.09907365543577301,-0.009605328565794557,3.0964174650648033,Harsh_Brake
2026-03-10 23:58:51.970943,-0.864087499270096,-0.018228853612311482,9.931210919765867,0.005729346789334986,0.0770374353831645,-0.002440675305809682,2.9386435801507815,Harsh_Brake
2026-03-10 23:58:52.020943,-0.4210477962866612,0.03290001470227351,9.857558530660153,0.003155755223555896,0.04778183657063114,0.0017609775293565898,2.85961784730938,Harsh_Brake
2026-03-10 23:58:52.070943,-0.009614703581463423,0.005129384907171764,9.816402553231526,-0.0076935842521785765,-0.0006261870183163281,0.004610056837308286,2.85961784730938,Harsh_Brake
2026-03-10 23:58:52.120943,-0.013003370349144821,-0.0034005442094214937,9.811464296211659,0.012944400948952564,-0.0035139700953624037,0.007643044745591128,60.3056657159566,Normal_Driving
2026-03-10 23:58:52.170943,0.020347055088283956,-0.007297466680074718,9.825637460674033,-0.003618727410836152,0.003638954484208135,0.01565803697939305,59.76688778315129,Normal_Driving
2026-03-10 23:58:52.220943,0.001089171534803847,0.016743582573070112,9.814100507115842,0.006981522911256295,-0.0007448171181952895,0.0034662084156811303,59.747747206348095,Normal_Driving
2026-03-10 23:58:52.270943,-0.013800574696044704,-0.03197385140879512,9.773308979681046,-0.012231613647579952,-0.0237758636802438,-0.015840791270865427,60.23397267525725,Normal_Driving
2026-03-10 23:58:52.320943,0.0033917924268142257,0.010105873646476082,9.830560372863898,0.008088604623356806,-0.0007863820148282107,0.0014646732382328801,59.83902342655274,Normal_Driving
2026-03-10 23:58:52.370943,0.04145049968865715,0.011845443940721078,9.833387617574084,0.003073426515466161,0.009417395332153885,0.009977188306799206,59.84325236278208,Normal_Driving
2026-03-10 23:58:52.420943,-0.004381913141463471,0.005773448894904131,9.791662397580295,-0.01397768722859717,0.002330741369239183,0.006429911431432815,60.3682295518558,Normal_Driving
2026-03-10 23:58:52.470943,-0.024655075594461888,0.0003762650824774977,9.81037294181971,-0.0029916251556326504,-0.01123693238874162,-0.006330375090111139,59.86151747090347,Normal_Driving
2026-03-10 23:58:52.520943,-0.016629557943342053,-0.02737224422921223,9.800677047020542,-0.011282001005583442,-0.005595618100254463,0.003294340598942092,60.15308274717009,Normal_Driving
2026-03-10 23:58:52.570943,0.02067793937740603,0.01641412136054761,9.83287795715833,0.013332638564388669,0.0016329206873897193,0.010153754824208246,59.766833712003105,Normal_Driving
2026-03-10 23:58:52.620943,0.011346957746035006,-0.006148968451770637,9.81782031218894,0.010256840203227468,0.004666790952539572,0.004636643698045102,59.66873216505951,Normal_Driving
2026-03-10 23:58:52.670943,-0.031669674046877365,-0.029435351492682917,9.763546980175574,-0.014524564186953838,-0.01548963973038722,-0.019932705533025737,59.792929212686374,Normal_Driving
2026-03-10 23:58:52.720943,0.02088422695111761,0.03077790526817632,9.8121108406806,0.0027337377281152087,0.020186132516346905,0.004321226187100208,60.25825556168417,Normal_Driving
2026-03-10 23:58:52.770943,0.021458076236298515,0.0191398354382133,9.821558350830985,0.0026456793257208103,0.004546667128311704,0.005857945570103754,60.04267070416101,Normal_Driving
2026-03-10 23:58:52.820943,-0.031078161400570292,0.01901495611621844,9.809212654284078,-0.015106327538552011,0.008000415837157921,0.0004802224080690887,60.108402921377355,Normal_Driving
2026-03-10 23:58:52.870943,-0.04286316572941738,-0.018560818527842155,9.775354942326928,-0.008267715144004022,-0.00964313284618995,-0.006868910520676302,60.39534359114266,Normal_Driving
2026-03-10 23:58:52.920943,-0.012148046902660612,0.016806443154872217,9.801512557791181,-0.0033964111917280694,0.008995535618394043,-0.0013898136485461518,60.42081860215353,Normal_Driving
2026-03-10 23:58:52.970943,0.01576825918651656,0.03162970404235887,9.82417404787331,0.014343887741250536,0.00441878052457932,0.005980854033168077,59.739031188220345,Normal_Driving
2026-03-10 23:58:53.020943,-0.005795954660493903,-0.01904361489660395,9.800537995630409,-0.014078843074915845,0.0013829595033713889,-0.00399067278557289,60.28836996118016,Normal_Driving
2026-03-10 23:58:53.070943,-0.025522739053294417,-0.01623953359733494,9.77392990743472,-0.01388655342334784,-0.005181248544934613,-0.004421399987482869,59.973330379727464,Normal_Driving
2026-03-10 23:58:53.120943,0.0244968518739902,0.019382749787130844,9.83572951186914,0.004111564938791017,0.00653703192169319,0.000897698974153701,60.37476390645546,Normal_Driving
2026-03-10 23:58:53.170943,0.007591738182251795,-0.013374357171760873,9.828782124336982,-0.00822777775976904,-0.0013127016753835341,0.006756911594564547,60.186739838637045,Normal_Driving
2026-03-10 23:58:53.220943,0.016754371416839435,0.006558916008833848,9.810466922404538,0.003126853383539003,0.0183150614226857,0.011521472605996558,60.021904226790745,Normal_Driving
2026-03-10 23:58:53.270943,-0.011420261998511712,-0.02961062326078095,9.792884542996957,-0.021790476447981075,-0.013856682233090781,-0.014374822816091684,60.466415057194965,Normal_Driving
2026-03-10 23:58:53.320943,-0.0012352779909153878,0.02511221824961201,9.82766366510972,0.0048414699316331414,0.010257770020129356,0.0023439594949040393,60.15068612912772,Normal_Driving
2026-03-10 23:58:53.370943,0.023838498599276794,0.013356847004197375,9.8411070714518,0.007400090544374217,0.012859867428489238,0.012704325225403934,60.205183536061014,Normal_Driving
2026-03-10 23:58:53.420943,-0.01601874635801552,-0.017352510630077617,9.805534818875817,-0.004365087500189998,-0.0019536206806410918,0.009459363015594606,60.30032796616237,Normal_Driving
2026-03-10 23:58:53.470943,-0.010104813709533545,-0.005373998950614871,9.779350409701234,-0.009116807883736594,-0.018136667471082814,-0.015875611576009904,60.023878484895896,Normal_Driving
2026-03-10 23:58:53.520943,0.03287633210540274,0.010880240368856514,9.801434877888747,0.0006725036187716065,0.014366748439808018,0.016352852921327765,60.03093149737227,Normal_Driving
2026-03-10 23:58:53.570943,-0.0024451892086363837,0.0061919231236838524,9.81301930773644,0.011450304443071919,0.0013463273671239298,-8.81391213149404e-05,60.43636240169072,Normal_Driving
2026-03-10 23:58:53.620943,0.011198250818404469,0.025243472555965707,9.812578117373384,0.005253204873409406,0.004515729224587952,0.014499566050144325,60.004298198454734,Normal_Driving
2026-03-10 23:58:53.670943,-0.056169379187010614,-0.04486208087754283,9.768147909406716,-0.012836931570132246,-0.018524926269030993,-0.01759069613579366,59.91011619538362,Normal_Driving
2026-03-10 23:58:53.720943,0.03366463324967653,0.058289576674573976,9.850149119841571,0.015246445949569627,0.010680767699346966,0.014365123657117115,60.03548986829604,Normal_Driving
2026-03-10 23:58:53.770943,-0.007940018683797758,0.013144001341975943,9.822148150396178,0.0017546606381957468,0.0043718269765466375,0.007040627921188491,60.586387666121006,Normal_Driving
2026-03-10 23:58:53.820943,0.004038594669094185,-0.004087376301113102,9.808281626593764,-0.007339246594072476,-0.0044898408678974945,0.001591615993501954,59.91649773724016,Normal_Driving
2026-03-10 23:58:53.870943,-0.021908987213728238,-0.02060604616376055,9.799614749310324,-0.015517529325177417,-0.014614986751113525,-0.025070352702991683,60.052974553179446,Normal_Driving
2026-03-10 23:58:53.920943,0.02970071823173282,0.0005493677935284012,9.821014817396787,0.011035609976705774,0.005292222360203753,0.003860470254136418,60.72975053740077,Normal_Driving
2026-03-10 23:58:53.970943,0.009351927156536191,0.00829243260558912,9.818932561268161,0.011926653069810455,0.010042215873105468,0.0016899534648839847,59.931270113604384,Normal_Driving
2026-03-10 23:58:54.020943,0.025767282034266314,0.01752887953346337,9.810015126518028,-0.009155056759264982,-0.003908484571776423,0.0008304590884510792,59.38465376992185,Normal_Driving
2026-03-10 23:58:54.070943,-0.03336255085697144,-0.023163506169102118,9.76116496494574,-0.01391309601968234,-0.016069023581211456,-0.011666352966113853,60.41684882267715,Normal_Driving
2026-03-10 23:58:54.120943,0.011251261263571729,0.04382589757336732,9.835383905551227,0.0239767105388483,0.01504680308019023,0.014292497434275136,59.91254563468828,Normal_Driving
2026-03-10 23:58:54.170943,0.011293747393512764,-0.01631445936373003,9.780666622067292,0.006268794354649523,0.0013562273300673604,-0.0027066059791592133,59.889223004162375,Normal_Driving
2026-03-10 23:58:54.220943,-0.0017539237539185727,0.013945285582590266,9.819220991494914,0.012138497516133677,0.002619340943549293,-0.0008829896166959042,59.97953296966028,Normal_Driving
2026-03-10 23:58:54.270943,-0.03409370320950948,-0.06753763700310314,9.777061501548838,-0.0052961391077759445,-0.017099653533913718,-0.006180531324053527,59.48000649937524,Normal_Driving
2026-03-10 23:58:54.320943,0.03346754873918279,0.017741523708331642,9.823945531678824,-0.007559474332380415,0.022352909490838752,0.009036707297578404,60.461690772620905,Normal_Driving
2026-03-10 23:58:54.370943,0.02596441318177363,0.020137555404864293,9.832877408173175,0.00989270133112551,0.005252273053815491,-0.007967224241994685,59.41496306737184,Normal_Driving
2026-03-10 23:58:54.420943,-0.023135690015279754,0.008072105540963864,9.809346369882578,-0.011344588456140222,-0.012125106838988271,0.00583280793317636,60.510878583600835,Normal_Driving
2026-03-10 23:58:54.470943,-0.03319933944622575,-0.020456707851434396,9.799001410878846,-0.01672223339925074,-0.017608074140614965,-0.010824873915525918,60.452925882949145,Normal_Driving
2026-03-10 23:58:54.520943,0.023534606695564016,0.01686076938751701,9.827148914981029,0.012590084324447963,0.012305811025707148,0.0026403465509203267,60.11651851046047,Normal_Driving
2026-03-10 23:58:54.570943,0.0010797871895987477,0.007604973339922721,9.804210546833168,0.00382766222652122,-0.005538596287605835,-0.006507458485326636,60.255869521079106,Normal_Driving
2026-03-10 23:58:54.620943,0.025508505536743803,0.001522277576705552,9.815408500358968,0.005754535048927183,0.01376168900171331,-0.0005591515819655295,59.26698297908226,Normal_Driving
2026-03-10 23:58:54.670943,-0.009254437755392322,-0.05083647306828379,9.765846749129999,-0.0138878813489457,-0.02111904314813938,-0.019641862814794186,60.0054050948553,Normal_Driving
2026-03-10 23:58:54.720943,0.010910577615807614,0.01912282990189597,9.837858548380037,0.020236198746553104,0.009027150358915603,0.01056573400398,59.62433398804581,Normal_Driving
2026-03-10 23:58:54.770943,0.0016620732819951503,0.010255901860522996,9.814683346502914,0.00027139459064265316,0.0003294322460431038,-0.0001471983600010978,60.06246939325722,Normal_Driving
2026-03-10 23:58:54.820943,-0.002716785952225489,0.0032097449652690024,9.806004568559349,-0.010652278772480692,0.0042209720795115604,-0.012575212275976085,60.07702408905016,Normal_Driving
2026-03-10 23:58:54.870943,-0.045925963179482165,-0.011402767008563745,9.80330873886086,0.0032283338432736557,-0.011556980704329938,-0.010577071523420079,60.10730643104633,Normal_Driving
2026-03-10 23:58:54.920943,0.012785488845816057,0.01880526342010667,9.858791785152015,0.015009694641312568,0.007629905382437791,0.0129164226194402,59.95959196544085,Normal_Driving
2026-03-10 23:58:54.970943,0.019054465853798067,-0.0032845176741919248,9.825625784806247,0.006347155959220601,0.008576006518575645,0.003301401010207562,60.14359190298721,Normal_Driving
2026-03-10 23:58:55.020943,0.008446061176969643,0.01034759988674726,9.809675547069528,0.004375670821886069,4.930910242025022e-05,0.0032626712694260825,59.921487471242564,Normal_Driving
2026-03-10 23:58:55.070943,-0.0157932474337705,-0.04475459566907354,9.762778906279848,-0.015276008725064873,-0.02123759565781554,-0.014219952216514894,60.16520032153666,Normal_Driving
2026-03-10 23:58:55.120943,0.04653278864842213,0.045270425591555884,9.841095461101078,0.017007718419670775,0.018492865632767575,0.014152546163666091,59.856698759075734,Normal_Driving
2026-03-10 23:58:55.170943,-0.007516462773116746,0.004725747029826464,9.79576879204414,-0.001671454102012129,-0.0027773387011236043,-0.009272341263358377,60.30573065939136,Normal_Driving
2026-03-10 23:58:55.220943,0.006501598934666246,-0.015048248395737433,9.808540965349213,0.004789837557579319,-0.0043520332066687645,0.005774687305576622,59.91287776162864,Normal_Driving
2026-03-10 23:58:55.270943,-0.03410550761897403,-0.03484031642871318,9.78869590660199,-0.009268867034298828,-0.009097057283482805,-0.00904814059454616,60.01541450623298,Normal_Driving
2026-03-10 23:58:55.320943,0.01709014888134476,0.03319572803651742,9.85093116551417,0.00868713730493596,0.0044969936158325,0.013058477762906645,59.72652828209377,Normal_Driving
2026-03-10 23:58:55.370943,0.012787306538479124,0.011704118025275715,9.807825050283192,0.020398504124745847,0.007478490896803414,0.010448027978001515,59.926280239793435,Normal_Driving
2026-03-10 23:58:55.420943,0.020219727401843704,0.013533480329327732,9.77357215554505,-0.0023116441161018394,-0.00942344448848635,-0.0031787669285779285,60.00702055175527,Normal_Driving
2026-03-10 23:58:55.470943,-0.028917213037224825,-0.026496471099011605,9.78536012038662,-0.01769607982690874,-0.01824179138970729,-0.020526046968119292,59.902142044426355,Normal_Driving
2026-03-10 23:58:55.520943,0.033441821112462126,0.041227382621452716,9.851483054825835,0.018568612147603906,0.027844809144930475,0.0306853718473067,59.886084349649416,Normal_Driving
2026-03-10 23:58:55.570943,-0.006339155665436756,-0.03839325271691005,9.797932343808778,-0.003837422344034574,-0.00875317741879879,-0.008911337931442189,59.62569212585797,Normal_Driving
2026-03-10 23:58:55.620943,0.02668631793731599,0.01059016420856845,9.812205627691588,0.014375802663713532,-0.0038891331383452193,0.0005801274445254197,59.50862142311893,Normal_Driving
2026-03-10 23:58:55.670943,-0.024323051120618704,-0.02736293423368736,9.78377528104349,-0.011795963851239204,-0.017763851453798486,-0.017129672701504017,59.74491509451314,Normal_Driving
2026-03-10 23:58:55.720943,0.033099360774402425,0.02122830020287068,9.818436989987601,0.007042724318128379,0.01664381716066756,0.020355304733959002,59.965295547328765,Normal_Driving
2026-03-10 23:58:55.770943,0.019258597766354406,-0.011419823080697446,9.813806638563287,0.011335482991658659,0.0030024589256429394,-0.004002345234804516,59.647397443082234,Normal_Driving
2026-03-10 23:58:55.820943,-0.0014754822591248988,0.014212753284016978,9.794261648039885,-0.005495833872531335,-0.0027593932201670757,-0.0038773298311449212,59.89314677184376,Normal_Driving
2026-03-10 23:58:55.870943,-0.007969469196537,-0.01764911133596896,9.793444162563722,-0.006941488282761623,-0.0017471827708213615,-0.008122828811101985,59.66426270644684,Normal_Driving
2026-03-10 23:58:55.920943,0.040960618008482774,0.004431218892773474,9.845452071844807,0.01241794901665196,0.014296935555354029,0.012161968157587128,59.84712831776816,Normal_Driving
2026-03-10 23:58:55.970943,-0.026369957068942938,-0.009798432022576502,9.813179696954307,-0.009248147328255713,-0.010304499611619984,0.0035078743912439147,60.552134610377884,Normal_Driving
2026-03-10 23:58:56.020943,-0.025010793934733773,0.027141578154032626,9.811499820483638,0.012069998432250097,0.0005219733948636437,0.001187303240622193,60.061636429059085,Normal_Driving
2026-03-10 23:58:56.070943,-0.02570076237731601,-0.03678508170526679,9.772090239835187,-0.017422891613670104,-0.018755118788653182,-0.011586984408645022,59.65790249298975,Normal_Driving
2026-03-10 23:58:56.120943,0.04699634360810483,0.05007949346241421,9.848931527887942,0.020741505486197662,0.01765109273780721,0.027163847131822107,60.32988903144033,Normal_Driving
2026-03-10 23:58:56.170943,-0.020388232874851385,-0.005187341087324349,9.826641480692517,-0.005996735359650929,0.007949507206652618,0.000617215985980177,59.759184118374804,Normal_Driving
2026-03-10 23:58:56.220943,-0.03361757757147065,-0.008774140101191069,9.80266451090643,-0.0020692440743269665,0.00023926992107183367,-0.0017515309222658872,59.99728856380248,Normal_Driving
2026-03-10 23:58:56.270943,-0.010383336558484923,-0.026242462890059798,9.802171209506223,-0.00043691452014112987,0.00021012562847092138,-0.008847775814474348,59.9412102377016,Normal_Driving
2026-03-10 23:58:56.320943,0.0032589894557297112,0.013856827270102096,9.832737504548962,0.003979871455142906,0.017833458738129214,0.013626110198437309,60.12674706714923,Normal_Driving
2026-03-10 23:58:56.370943,-0.002184028589007763,-0.007478984321742016,9.810147741218099,0.005339058514505219,0.0046669602868164035,-0.009416403754007832,60.29839387327616,Normal_Driving
2026-03-10 23:58:56.420943,-0.0033770653868433692,0.00024683607478879696,9.774757696644784,-0.006900794425641392,-0.004184686775268103,0.005676445760984661,60.38168044511377,Normal_Driving
2026-03-10 23:58:56.470943,-0.028495817293161474,-0.022513044942838973,9.770958314839943,-0.010641911283250644,-0.021276859305928392,-0.008078723012571634,60.051582255045865,Normal_Driving
2026-03-10 23:58:56.520943,0.027263195532926734,0.06072076914468585,9.836263214294744,0.011130264369767764,0.02232403766285075,0.009316668954279206,60.160371974853746,Normal_Driving
2026-03-10 23:58:56.570943,-0.007924442467640989,0.0027295139587977246,9.763791670565269,-0.015861105644129146,-0.002003606374036212,-0.009517915919210654,59.740567715147876,Normal_Driving
2026-03-10 23:58:56.620943,0.014009868812512743,-0.01473430102842162,9.802686542773554,0.002940946476310829,-0.007293933093597945,-0.015077382125127155,60.19798492938151,Normal_Driving
2026-03-10 23:58:56.670943,-0.0154720344828797,-0.03572667348799656,9.806154862089,-0.006940066283286759,-0.011695829368835923,-0.007427511503642345,60.01824040529786,Normal_Driving
2026-03-10 23:58:56.720943,0.03329187189295618,0.015720442261562474,9.820033450934428,0.015165246626739614,0.010305260449159548,0.006828042325400794,59.932139982894185,Normal_Driving
2026-03-10 23:58:56.770943,0.01199304370252809,0.014714485043087179,9.814429394511507,-0.004551103640776155,0.002074518121924978,-0.0030478010060256753,60.2765588391774,Normal_Driving
2026-03-10 23:58:56.820943,0.0021323635474162876,-0.02663708163994919,9.812024437550578,-0.013049084864066866,-0.003344389369191586,-0.00045739063158574227,59.835191946401395,Normal_Driving
2026-03-10 23:58:56.870943,-0.004390923096222715,-0.01852815551585178,9.791055372591929,-0.0048470841303655966,-0.010489274213239613,-0.007688673622360459,60.236850772926346,Normal_Driving
2026-03-10 23:58:56.920943,0.036361034128436,0.039648941740638884,9.854176835551893,0.011012285811628714,0.01668568049436342,0.009517365555724393,59.52723885291124,Normal_Driving
2026-03-10 23:58:56.970943,0.0013618432546107367,-0.009556224557250994,9.805817172104547,-0.00923994013803765,0.0015141201371895712,-0.0028126722027183226,60.50453063106585,Normal_Driving
2026-03-10 23:58:57.020943,0.0005610068912290008,-0.004175006873660736,9.798924845131802,0.001962896681347925,0.004853410080874825,0.002112498137009192,59.813886860891294,Normal_Driving
2026-03-10 23:58:57.070943,-0.03202999690177462,-0.028731404210066827,9.770459861617004,-0.02109517951166021,-0.02122252553051201,-0.00452040537719304,59.24400645302165,Normal_Driving
2026-03-10 23:58:57.120943,0.02691049418100486,0.03469690897028531,9.839442933496303,0.000928908573494468,0.012056881001919038,0.020222523525587233,59.95476781308148,Normal_Driving
2026-03-10 23:58:57.170943,0.006707751687794838,0.030198805476401597,9.813791501431476,-0.009564758815860093,0.006797060352690176,-0.004878309080142017,60.01874168009243,Normal_Driving
2026-03-10 23:58:57.220943,-0.045611907522536375,-0.009241276422021352,9.797375954377987,-0.012520343944412652,-0.011627410065918515,-0.012522880772279104,59.89734752983896,Normal_Driving
2026-03-10 23:58:57.270943,0.00029853285976977686,-0.0034575629583797193,9.806152373485961,-0.002031589921478118,-0.0013462261658106769,-0.0011509315898609142,60.32180354442332,Normal_Driving
2026-03-10 23:58:57.320943,0.0394296382063364,0.018658810290748864,9.83473753191869,0.017410993082569125,0.008952913117278227,0.00021383949229244158,60.034380918016225,Normal_Driving
2026-03-10 23:58:57.370943,0.009027612568243755,-0.010411977147265694,9.80482518435995,0.014614007744592959,-0.0011465247775304644,0.005593810553738029,60.007113146275756,Normal_Driving
2026-03-10 23:58:57.420943,-0.028074281480682278,-0.022523575505721895,9.78643885215629,-0.011973563517773142,-0.0005686516109105655,-0.014639133391523448,59.27474321997475,Normal_Driving
2026-03-10 23:58:57.470943,-0.0076400134532510645,-0.010610619868931559,9.774359350622879,-0.004729838914465753,-0.013592501000299755,-0.011687967686988843,60.00784181628567,Normal_Driving
2026-03-10 23:58:57.520943,0.03165579364609482,0.05042216412276993,9.842093244293173,0.01402304179735114,0.008118999671714207,0.008261580577133705,60.23155107878156,Normal_Driving
2026-03-10 23:58:57.570943,-0.015819591425789946,-0.0002699994898617778,9.810092278427375,-0.0036069824417146843,-0.008511951359963325,-0.005980383529702079,59.73985949629714,Normal_Driving
2026-03-10 23:58:57.620943,-0.019514564475380226,-0.022540139348516255,9.784132242256305,-0.011118698468524472,-0.012712804047535867,-0.01264271964868333,59.79913230554755,Normal_Driving
2026-03-10 23:58:57.670943,-0.010506466259422392,-0.013497601273903963,9.81423618455849,0.003153866912603293,-0.006253646485032696,0.00489473299375711,59.76925968793151,Normal_Driving
2026-03-10 23:58:57.720943,0.014306694877030115,0.007287560057258537,9.831121897561697,0.009065078833870359,0.0035609161139672674,0.005413612056924191,60.156469204452705,Normal_Driving
2026-03-10 23:58:57.770943,-0.01588160453598248,0.01033385350313775,9.814787747089742,0.001251916976017153,0.01202282787862113,0.0074345369170590375,59.88575967688925,Normal_Driving
2026-03-10 23:58:57.820943,-0.020296465149477298,-0.019723047165657884,9.792512292859364,-0.002913415517054772,-0.00675441702080289,-0.016531830261978707,60.28104357285319,Normal_Driving
2026-03-10 23:58:57.870943,-0.00017758751942307562,0.0019327391397654693,9.808360897742293,-0.006429193587766386,-0.0056950040684159925,-0.0010269876623749956,60.28478033239176,Normal_Driving
2026-03-10 23:58:57.920943,0.038925055642397524,0.03930566870996037,9.847117806763617,0.029948110666562153,0.027298857064060784,0.010840964857088351,59.07756505158516,Normal_Driving
2026-03-10 23:58:57.970943,-0.012247968986932277,-0.01599993709549653,9.795389424797369,-0.0050236853557055205,-0.008709459283064398,-0.0053606257548054256,59.968879775975665,Normal_Driving
2026-03-10 23:58:58.020943,-0.0060944095724231855,0.014458192019302854,9.818664026274153,-0.01235603561721505,-0.00910951227289453,0.0014958844891365562,60.10880723465453,Normal_Driving
2026-03-10 23:58:58.070943,0.0033156023634716416,0.0008897250700981201,9.811471018350158,0.00048090927273826455,0.007081200921998973,-0.003292151994601344,60.10035655269761,Normal_Driving
2026-03-10 23:58:58.120943,0.02172038470710782,0.015668876235947662,9.84511347656981,0.003058261463369802,0.006001502777777156,0.005230743965709725,59.79539524077843,Normal_Driving
2026-03-10 23:58:58.170943,0.026447404720641506,-0.005112208019099481,9.824954773481489,-0.0018753361842670973,0.0035955785324094693,0.013378794393264108,59.47739404131936,Normal_Driving
2026-03-10 23:58:58.220943,-0.01913797648166855,-0.03060204567425316,9.769402139142464,-0.010080391387988604,-0.016516740826511975,-0.011426710948536756,60.1371563400696,Normal_Driving
2026-03-10 23:58:58.270943,0.023037498503317953,0.010005042809231972,9.803844812323725,-0.0025486507274026676,0.005626271058364287,7.106497121998423e-05,60.072805367189765,Normal_Driving
2026-03-10 23:58:58.320943,0.00036480455859040775,0.0026914582780832924,9.813686361437501,0.0031389421148897475,-0.0021157250733743996,-0.002939053050640397,60.072805367189765,Harsh_Brake
2026-03-10 23:58:58.370943,-0.41680984685556066,-0.011751493375339442,9.876199788364124,0.0029562275045963,0.06488059502783697,0.0029665227392248862,59.99255697652657,Harsh_Brake
2026-03-10 23:58:58.420943,-0.8982480110089849,0.011531048434384995,9.93966544154115,0.010410293848884554,0.13376521607866998,0.01342390976291331,59.832403831128964,Harsh_Brake
2026-03-10 23:58:58.470943,-1.3574513645827766,-0.03442932791213204,9.93839686786606,-0.006137013235946868,0.16617324178980428,-0.019530856096664488,59.59303173135269,Harsh_Brake
2026-03-10 23:58:58.520943,-1.7631237311522436,0.004250562630899678,10.02805967029174,0.011010805164584333,0.24053107961348666,0.0045747093549736925,59.27546570527806,Harsh_Brake
2026-03-10 23:58:58.570943,-2.1806828853034963,0.021132534624891185,10.10260830822707,0.008982768337713465,0.30198138440049527,0.018427676124510853,58.88106561938236,Harsh_Brake
2026-03-10 23:58:58.620943,-2.6213019010753134,-0.0020554815241387633,10.126618266669741,3.31349156289097e-05,0.3348775609532283,0.006022015778580022,58.41152035538279,Harsh_Brake
2026-03-10 23:58:58.670943,-3.052313004599001,-0.017958576561738385,10.149842929441608,-0.0010578119368995212,0.3946165694291259,0.0038474920036619797,57.868840578185704,Harsh_Brake
2026-03-10 23:58:58.720943,-3.4113977596464427,-0.0034188756355705363,10.233479539776972,0.01061930289093569,0.4591008254010649,0.004855263041655058,57.255350125910766,Harsh_Brake
2026-03-10 23:58:58.770943,-3.7760662848078796,-0.0009064412841359153,10.26743575410129,0.0036586647478006294,0.5012048711654368,0.002507977594015051,56.57367605885939,Harsh_Brake
2026-03-10 23:58:58.820943,-4.153158203319869,0.016121453188489922,10.305969465001594,0.0019751700627809506,0.5635178066272408,0.007112798605333145,55.82673741003919,Harsh_Brake
2026-03-10 23:58:58.870943,-4.539798256463217,-0.038508342350060565,10.305190977536661,-0.014430392679334905,0.5760738090728275,-0.010333501408433818,55.01773268541654,Harsh_Brake
2026-03-10 23:58:58.920943,-4.806448615768109,0.021891626057995002,10.394649207174803,0.011675544729645273,0.6540518759802112,0.00807168669528309,54.15012616742292,Harsh_Brake
2026-03-10 23:58:58.970943,-5.128815902856348,0.007668369264678622,10.420350256790625,-0.001145704927661337,0.6856883067471266,0.0006179854412177101,53.227633080365756,Harsh_Brake
2026-03-10 23:58:59.020943,-5.415641015856714,-0.002068152396000053,10.444530901939054,-0.00641806683264126,0.7179260445018425,-0.0073960938948568495,52.254203681267555,Harsh_Brake
2026-03-10 23:58:59.070943,-5.68970357755584,-0.0359336767019892,10.452162866433058,-0.021296079419060976,0.731472475370177,-0.008891123621110799,51.234006344258844,Harsh_Brake
2026-03-10 23:58:59.120943,-5.8860078618612715,0.012741356041984366,10.502215680198615,-0.005519874029636769,0.8058900290183159,0.0034597884954026452,50.17140971096024,Harsh_Brake
2026-03-10 23:58:59.170943,-6.117082399449093,0.019526036644614914,10.518232645182337,-0.0047239566782389395,0.8159381269914452,0.006256792930512327,49.07096398328834,Harsh_Brake
2026-03-10 23:58:59.220943,-6.30507876810386,0.004876067046235176,10.557262197851298,0.0005721873798303315,0.8473871675021936,0.011065467536012646,47.93738143879252,Harsh_Brake
2026-03-10 23:58:59.270943,-6.503491086960501,-0.048976307039052494,10.534428484972418,-0.02553384750933193,0.8469075393889556,-0.0187875954725481,46.77551625195909,Harsh_Brake
2026-03-10 23:58:59.320943,-6.5661408989716294,0.03532670421083195,10.628021832565503,0.011122196680164927,0.8951343641033986,0.028561224147648237,45.59034370789084,Harsh_Brake
2026-03-10 23:58:59.370943,-6.7013076318607085,0.016972183573426496,10.578106499456679,-0.005593944382850192,0.8915518360903262,-0.002125424083372398,44.38693889737249,Harsh_Brake
2026-03-10 23:58:59.420943,-6.742644129324783,0.020457480500631054,10.618563209280115,-0.0012503331749828773,0.8988819532617095,-0.0034237831175396214,43.17045498455272,Harsh_Brake
2026-03-10 23:58:59.470943,-6.84067819994755,-0.023034637559518404,10.587451012384982,-0.012865624577099806,0.8885365207387255,-0.008355009398870576,41.94610114030426,Harsh_Brake
2026-03-10 23:58:59.520943,-6.7981333030753035,0.016480207072389206,10.623433702805896,0.005287068917918536,0.9243622443724829,-0.003322922449828465,40.71912023575438,Harsh_Brake
2026-03-10 23:58:59.570943,-6.794361309359688,0.0004888018212065243,10.634220991341628,0.0029770480233453247,0.9116800228703192,0.0009188866761753573,39.49476639150592,Harsh_Brake
2026-03-10 23:58:59.620943,-6.778540926161599,0.000882544543951337,10.577866702162112,-0.016865563021582188,0.8914835487645832,0.002550019446590978,38.27828247868615,Harsh_Brake
2026-03-10 23:58:59.670943,-6.700018751660488,-0.03219699907201046,10.565304460176957,-0.014710705308623414,0.8748478983704058,-0.0152783876938806,37.074877668167794,Harsh_Brake
2026-03-10 23:58:59.720943,-6.554928573695071,0.04191479215186052,10.647541597507782,0.027642897086108863,0.8943240878120998,0.013818318008196585,35.88970512409955,Harsh_Brake
2026-03-10 23:58:59.770943,-6.456319476306467,-0.0051139822689955615,10.540785516479689,-0.01330188857286834,0.8482206317240739,-0.0037245849570462135,34.72783993726611,Harsh_Brake
2026-03-10 23:58:59.820943,-6.290811479629686,0.013022111066301863,10.530218806721896,0.0028265021611223553,0.8458944771151365,-0.005954357421915283,33.5942573927703,Harsh_Brake
2026-03-10 23:58:59.870943,-6.131979870978205,-0.027795694972377365,10.500201511192918,-0.009115589427618673,0.7965999951248852,-0.015490988811092322,32.4938116650984,Harsh_Brake
2026-03-10 23:58:59.920943,-5.89229518644083,0.02509617558659245,10.52638378664859,0.015857347872197808,0.8035669139614124,0.01243437013867363,31.431215031799795,Harsh_Brake
2026-03-10 23:58:59.970943,-5.652836906921986,0.007689634934170445,10.4641500435574,0.00919376559443601,0.7600198654044847,-0.00462173081538321,30.411017694791084,Harsh_Brake
2026-03-10 23:59:00.020943,-5.4211850761557665,-0.003839169043941189,10.421114924271677,-0.005936119066456668,0.710662908593665,-0.01670441554118028,29.437588295692876,Harsh_Brake
2026-03-10 23:59:00.070943,-5.140846008404948,-0.02031880352620509,10.383010077278874,-0.01465396473783687,0.6717249007913473,0.0019936040594007807,28.515095208635717,Harsh_Brake
2026-03-10 23:59:00.120943,-4.769118148617729,0.015299273300850177,10.408135433208598,0.007815162635944901,0.6661749104486986,0.003082712402376892,27.6474886906421,Harsh_Brake
2026-03-10 23:59:00.170943,-4.494515943088636,-0.02335965448327526,10.32175660816183,-0.00989233750392467,0.5869226636525784,-0.013677797726311685,26.83848396601944,Harsh_Brake
2026-03-10 23:59:00.220943,-4.146775772395242,-0.010351273124980588,10.29908501436425,0.0002484015777573797,0.5449565957631674,-0.0019189234225452326,26.09154531719924,Harsh_Brake
2026-03-10 23:59:00.270943,-3.8087115169250687,-0.03359819519262555,10.243558783465549,-0.012502921713413509,0.4918320185883284,-0.023330979562037897,25.409871250147866,Harsh_Brake
2026-03-10 23:59:00.320943,-3.3743920925438293,0.029505716415959112,10.238063087767964,0.009131332232218651,0.47353003321522824,0.013777494265293695,24.796380797872935,Harsh_Brake
2026-03-10 23:59:00.370943,-3.0091892135096616,0.02740344040789011,10.189063989295352,0.007798462158482931,0.40305050609312926,0.0008774334001043149,24.253701020675848,Harsh_Brake
2026-03-10 23:59:00.420943,-2.6277110327157542,-0.011671182426635179,10.103602603441026,-0.010849872213960348,0.334862320799219,-0.014073439178752705,23.784155756676277,Harsh_Brake
2026-03-10 23:59:00.470943,-2.1786782607969384,-0.023131436939221126,10.072129244858484,-0.003994207767358922,0.29781351166276354,0.01731713962450525,23.389755670780573,Harsh_Brake
2026-03-10 23:59:00.520943,-1.7485287331905592,0.010009109273888784,10.042502930083005,0.012730719395253286,0.24406901163095962,0.009491290566592373,23.072189644705944,Harsh_Brake
2026-03-10 23:59:00.570943,-1.3399708596495423,0.019868076796197464,9.946922468278665,-0.0026418101503981354,0.1781731724123338,0.004336490030317053,22.832817544929675,Harsh_Brake
2026-03-10 23:59:00.620943,-0.9077285162210186,-0.021042850629492543,9.9065343715335,-0.011669087540895854,0.12145049158433832,-0.007125709215230118,22.67266439953206,Harsh_Brake
2026-03-10 23:59:00.670943,-0.46298977595235546,-0.003910683789333448,9.83544340929734,-0.0020119839041221116,0.056949470035023764,-0.0005105920699992172,22.592416008868867,Harsh_Brake
2026-03-10 23:59:00.720943,0.031140876269907875,0.012261803449168902,9.822768489918605,0.009689419657066031,0.014926785362988929,0.015929983189064065,22.592416008868867,Harsh_Brake
2026-03-10 23:59:00.770943,-0.0037030773467531543,-0.018483255838071998,9.795634293085298,-0.0013748677267870543,-0.002927656995467796,0.006066802085173801,22.86076093829418,Normal_Driving
2026-03-10 23:59:00.820943,0.013726135602253314,0.01927945944781853,9.814757673686122,0.009740475611785116,0.017230261054330342,0.009668332749522635,22.04998378812841,Normal_Driving
2026-03-10 23:59:00.870943,0.009789543685317561,0.004124909909638651,9.808059923688443,0.006427076404004065,-0.0013461669891691105,0.01184010048263761,22.244335330612444,Normal_Driving
2026-03-10 23:59:00.920943,-0.013593098468173352,-0.025178746405871037,9.788404549986245,-0.015530045249031808,-0.023032437221963083,-0.015717591990417317,23.118772617855278,Normal_Driving
2026-03-10 23:59:00.970943,0.018806842587304574,-0.0017860082955739667,9.81823663232197,-0.0008903793835834369,-0.008909821297217298,0.009501116311099993,22.606078558687464,Normal_Driving
2026-03-10 23:59:01.020943,0.025412750570287683,0.026888520557828238,9.827092217387982,0.005627897054950508,0.009205616474156067,0.012963599259821762,22.33252788815573,Normal_Driving
2026-03-10 23:59:01.070943,-0.010962726401055837,0.00458687559832756,9.812506291284347,-0.0014551454201095267,-0.003238181742665608,-0.000245991974354421,22.992881771553165,Normal_Driving
2026-03-10 23:59:01.120943,0.0013428231362431313,-0.006128087696293407,9.801007743234988,-0.004077430093546897,0.0007446792248551369,-0.0024008783542708817,22.913614256034524,Normal_Driving
2026-03-10 23:59:01.170943,0.0064362602578282154,-0.0010705451637549835,9.798747014568443,-0.0033038107020718953,0.0037844356124856478,-0.005496930273613697,23.246056369797646,Normal_Driving
2026-03-10 23:59:01.220943,0.04720939763430339,0.033854674083876435,9.838702886760567,0.014959233709389506,0.004361954534893747,-0.000384523614887982,22.106739702764617,Normal_Driving
2026-03-10 23:59:01.270943,0.0028886211570282715,0.0030569490704936133,9.819189665254381,0.0037190588214068426,0.006417684800317659,-0.003264403647378732,22.498148080459572,Normal_Driving
2026-03-10 23:59:01.320943,-0.016754545555144027,-0.03199085236183585,9.793319127185285,-0.00515354439369054,-0.008466376284983337,-0.012063710714981885,22.505196679929846,Normal_Driving
2026-03-10 23:59:01.370943,0.00801493849916857,0.000957240426031427,9.831660425284701,0.006624938828167908,0.011644891295700737,0.01345114513017608,22.303944242712678,Normal_Driving
2026-03-10 23:59:01.420943,0.01676859715717354,0.0017421989103453455,9.811810582320557,0.013922017754458902,0.009252500925180155,0.015361291279614627,22.337249728923652,Normal_Driving
2026-03-10 23:59:01.470943,0.011117637686891096,0.01607225384158638,9.818306210268231,-0.0007486699847288904,0.01208323315281046,-0.0011425449892177287,22.821660834207506,Normal_Driving
2026-03-10 23:59:01.520943,-0.02060560564967288,-0.012517340425553141,9.775990469762656,-0.0012651570304201207,-0.003847261260957642,-0.010004704326524668,22.21622053652546,Normal_Driving
2026-03-10 23:59:01.570943,-0.019540085834488186,-0.009565448507617506,9.795744355791074,-0.0012020537267787444,-0.008264698010757587,-0.008328858504558646,22.53143982369401,Normal_Driving
2026-03-10 23:59:01.620943,0.03251942093339772,0.020902379172748016,9.833343588517765,0.007848977813029363,0.00767717508187755,0.011744103348807027,22.836751287791667,Normal_Driving
2026-03-10 23:59:01.670943,0.0019396339665362708,-0.0030645860256613964,9.795293826876739,-0.011714903921814,-0.007196901354305493,0.003524528226545519,22.64899235892256,Normal_Driving
2026-03-10 23:59:01.720943,-0.014073232836577852,-0.03933081977783553,9.798070800021279,-0.008857644590007634,-0.010981316223877527,-0.015862771799452783,22.568538265357354,Normal_Driving
2026-03-10 23:59:01.770943,0.0024131316237135433,0.027327323438263704,9.822964861333366,0.010789463950954542,0.006030377517028129,0.004329733009202395,22.85531500309848,Normal_Driving
2026-03-10 23:59:01.820943,0.0027019043988966394,-0.0053706006935743365,9.803875292240841,-0.006197994042722449,0.01212937301984284,0.004478512450211263,22.2220633515553,Normal_Driving
2026-03-10 23:59:01.870943,0.004583455861235654,0.014308929023993826,9.826249187804791,-0.0066791925238705,0.003803729195942415,0.004766516137431995,22.00231513737745,Normal_Driving
2026-03-10 23:59:01.920943,-0.02297464437629957,-0.015220480989737807,9.761688326507127,-0.01281960199848625,-0.015213685335927613,-0.01617263766230513,22.566136475924036,Normal_Driving
2026-03-10 23:59:01.970943,0.003257247457043696,0.009192929839738588,9.815479577242609,0.023133282488623282,-0.0017422263281249087,0.005951317052024861,23.310229338031398,Normal_Driving
2026-03-10 23:59:02.020943,0.02482158484335049,0.0011393778700429652,9.817290470699689,0.012378941048724062,0.003049890017867103,0.014098252350838988,22.429137391745982,Normal_Driving
2026-03-10 23:59:02.070943,0.01162172806736873,-0.010232972963596723,9.791028912132804,-0.003327182807851038,0.000390798024021441,-0.0063526864989750485,22.765928888758573,Normal_Driving
2026-03-10 23:59:02.120943,-0.006702711322176839,-0.03841601021868066,9.813003888252428,-0.009280748911135107,0.004855739721716646,-0.01821617735360019,22.44779832561763,Normal_Driving
2026-03-10 23:59:02.170943,0.015778757806025175,0.014916226246186454,9.828415294042985,-0.0006976662208082931,-0.004250224359543021,-0.005581481844660775,22.613118045838803,Normal_Driving
2026-03-10 23:59:02.220943,0.007225025290540506,-0.010134796822047409,9.802324372381163,0.002633611398898732,0.0038285997364291852,0.004738990600237575,22.781935545600096,Normal_Driving
2026-03-10 23:59:02.270943,-0.002470276311189302,0.00983986079535927,9.828555061560532,0.00434070155473981,-0.006862408834564215,0.006754377493067789,22.539107143156976,Normal_Driving
2026-03-10 23:59:02.320943,-0.040275920493412026,-0.04528503838628019,9.757163890465815,-0.020768742880670512,-0.01445019909910979,-0.02632288030755802,23.06536733539848,Normal_Driving
2026-03-10 23:59:02.370943,0.027893696258737343,0.016901266036758913,9.827708529215926,-0.001909556208108237,0.02109820708123543,0.006838834773357367,22.854904326746745,Normal_Driving
2026-03-10 23:59:02.420943,0.01305944759809884,-0.0020574126922379447,9.814042588042108,-0.002299339252043709,-0.0022720383207989713,0.0012622178507851684,22.706312118903455,Normal_Driving
2026-03-10 23:59:02.470943,-0.0025573197698901405,-0.007108203358716905,9.804383169148224,-0.0028411947296081933,-0.006518834212799349,-0.0050186518334689265,23.090565621786855,Normal_Driving
2026-03-10 23:59:02.520943,-0.00956598428597647,-0.01967167872007603,9.785052717643138,-0.005087200999431866,-0.006558509619132436,-0.010607305917285453,22.719246756075055,Normal_Driving
2026-03-10 23:59:02.570943,0.027268509303142896,0.031219317678699114,9.836185248901325,0.0003778115661382934,0.013718058343070194,0.007226741388921528,22.89434413364612,Normal_Driving
2026-03-10 23:59:02.620943,0.0003557982051514384,0.025455713726383195,9.837159199798329,0.011625096604543528,0.002448653654404876,0.0093765891385956,22.450744792992676,Normal_Driving
2026-03-10 23:59:02.670943,-0.0018298226687214463,0.023198035780639028,9.810141263317286,-0.000989725339293558,0.0014309806947116104,0.004435690596005695,22.283036513581372,Normal_Driving
2026-03-10 23:59:02.720943,-0.0360695287080372,-0.04058921294132991,9.77166063163922,-0.010574580994339822,-0.0207976130738818,-0.010946245792611756,22.673343481470965,Normal_Driving
2026-03-10 23:59:02.770943,0.010073182347108276,0.039068031041622465,9.841831953419517,0.016282077662339137,0.008194948003074161,0.014661822297231565,23.172206992278802,Normal_Driving
2026-03-10 23:59:02.820943,-0.014654862686172249,-0.008039086635055799,9.807254175930927,-4.34208054328328e-05,-0.0053087615564491215,-0.011142490582267975,22.53255968435185,Normal_Driving
2026-03-10 23:59:02.870943,0.022801380593112902,0.02360789695048237,9.827766228232264,-0.002928717122908023,0.001174096378476148,-0.001445247403607866,22.09392301433549,Normal_Driving
2026-03-10 23:59:02.920943,-0.02790565626758595,-0.04336477947656032,9.766799352221938,-0.022307760063847624,-0.013221027817892538,-0.014706173438387739,22.493674423990104,Normal_Driving
2026-03-10 23:59:02.970943,0.01890845721251666,0.013590440286469645,9.85763747979065,0.01731816237229274,0.0035981126050768216,0.010560047474763275,22.60022795462874,Normal_Driving
2026-03-10 23:59:03.020943,0.00326881950108252,0.008132937778410187,9.817275504582556,0.01401718734327723,-0.0011616623899257427,0.009500679438240334,22.494163179164953,Normal_Driving
2026-03-10 23:59:03.070943,-0.008293435006640424,-0.01385084424857691,9.801099604137336,0.0013284122348535526,-0.0011122507114469412,-0.0064490538703105855,22.8053424056752,Normal_Driving
2026-03-10 23:59:03.120943,-0.02670447561685224,-0.04804932605911815,9.7723264276787,-0.008253107292399812,-0.014708859657875141,-0.02219525724524623,22.48547410927609,Normal_Driving
2026-03-10 23:59:03.170943,0.019683494350827772,0.04627243053949287,9.83520299411742,0.014140174293597721,0.01186016559522613,0.001696389610519206,21.66458373714545,Normal_Driving
2026-03-10 23:59:03.220943,0.014152214335049864,0.0050582243010433405,9.820387474256965,-0.008131071522286013,-0.010788127098125065,0.001643960600695266,22.63185308110879,Normal_Driving
2026-03-10 23:59:03.270943,0.013057319793763974,0.007338197030504706,9.799756959680414,0.01402767189922683,0.012970452642123691,0.013514238329520051,22.14551533532774,Normal_Driving
2026-03-10 23:59:03.320943,-0.04893145776417658,-0.029729010104402643,9.777839029423953,-0.02826303622949789,-0.02016606655524368,-0.008938800668145548,22.854698239607384,Normal_Driving
2026-03-10 23:59:03.370943,0.026760061644522173,0.02607400677884091,9.85494937962345,0.025177575468876598,0.012527303438588005,0.006634818658232705,22.560085181517078,Normal_Driving
2026-03-10 23:59:03.420943,0.005536636309039291,0.01727502151619141,9.826689691863827,0.0009781776115037294,0.005201417727291779,-0.0026057978678002444,22.44919194077006,Normal_Driving
2026-03-10 23:59:03.470943,-0.017714880627155365,-0.00018159175004404862,9.811119562030756,0.004646774888085377,0.0020063900040596587,-0.009230626438226624,22.293091040924228,Normal_Driving
2026-03-10 23:59:03.520943,-0.00829215778989995,-0.00033109436463566247,9.77964062477642,-0.015278428072441529,-0.011249966987692091,-0.011810710014171102,22.548247005697135,Normal_Driving
2026-03-10 23:59:03.570943,0.02310325476057927,0.0029809285187113385,9.824530230925852,0.011170835782823062,0.012005643618383459,0.012621919498842072,22.707682719600534,Normal_Driving
2026-03-10 23:59:03.620943,0.012896390309589528,0.012182322177995149,9.80746869210994,0.013998330344764949,-0.0026279034110142487,0.005171921276386941,22.120307378343348,Normal_Driving
2026-03-10 23:59:03.670943,-0.01022863857449053,0.002996701665750623,9.807354084640417,0.001263247462448874,0.00595477172213049,-0.00369627039019689,22.949422243001486,Normal_Driving
2026-03-10 23:59:03.720943,-0.02576555582708974,-0.03697038025447302,9.774698582745593,-0.01773625223563286,-0.027386543254512015,-0.023737812419177832,22.69249277866271,Normal_Driving
2026-03-10 23:59:03.770943,0.030926870952161404,0.04451271539072295,9.851767288312303,0.020629868300016244,0.026899303119071204,0.021695846746414216,23.15336377751688,Normal_Driving
2026-03-10 23:59:03.820943,0.006741528548051504,-0.026386194183792937,9.785564055301258,-0.004927894325964428,-0.00973060142373499,-0.003369792743222649,23.035160099045626,Normal_Driving
2026-03-10 23:59:03.870943,0.0035580288029517793,-0.014690246210516848,9.816979252806641,0.00030226388062307586,0.0030802603364007953,0.0001962426846313309,22.235076139667225,Normal_Driving
2026-03-10 23:59:03.920943,-0.02269229785561697,-0.011128582747041349,9.782049317742626,-0.02127531216998723,-0.011347128924168677,-0.009998974677387359,22.339827609240277,Normal_Driving
2026-03-10 23:59:03.970943,0.02033445919724809,0.0037495045901460525,9.8381292552127,0.008186750331375184,0.016068976360529664,0.013103645901563684,22.443178568456478,Normal_Driving
2026-03-10 23:59:04.020943,0.009199670422787614,-0.006108881256449776,9.83085417965698,-0.0050246350908737586,0.005216388424595874,4.7304914294765514e-05,22.246237032667246,Normal_Driving
2026-03-10 23:59:04.070943,-0.024975827699899814,-0.009922725092422115,9.777894341642488,0.005195666012844576,0.0018880884590954865,-0.000828060680013503,22.051655384783423,Normal_Driving
2026-03-10 23:59:04.120943,-0.025630634353600086,-0.03403735554645921,9.797518048593247,-0.017918289102642773,-0.015570543232777375,-0.021750871512122967,22.51913303917391,Normal_Driving
2026-03-10 23:59:04.170943,0.025630051272871365,0.009190073900521872,9.856415109183914,0.027125309330209166,0.020697410050037602,0.017707913362786445,22.494658128768545,Normal_Driving
2026-03-10 23:59:04.220943,-0.0030968992566317508,-0.009494197989891791,9.815458697971673,-0.00835010610418886,-0.004714596709363241,0.007797032257502496,22.75391161778549,Normal_Driving
2026-03-10 23:59:04.270943,0.014980701945430438,0.009758264427778728,9.815420800234396,0.00962013065636497,0.002708848470748542,0.004165901793331808,22.569860120083458,Normal_Driving
2026-03-10 23:59:04.320943,-0.03117648955933689,-0.03893293987010863,9.759681063441047,-0.013577322193380295,-0.014867958499951154,-0.01139630991712847,22.589637536501698,Normal_Driving
2026-03-10 23:59:04.370943,0.05044030583856522,0.03886459015371264,9.826275895134438,0.020479174076957152,0.01720266101091605,0.018024747728292833,22.855764866185762,Normal_Driving
2026-03-10 23:59:04.420943,0.00782752013965406,0.01719588890707245,9.813144224349497,0.0038908306988748994,0.004923302704728644,0.0005968175252516485,22.84300060259109,Normal_Driving
2026-03-10 23:59:04.470943,-0.023141186354840595,-0.014227925278718091,9.798002749303874,0.0057439333926034945,-0.006333412407341647,-0.004410857634413035,22.98317857169884,Normal_Driving
2026-03-10 23:59:04.520943,-0.004694491320207961,-0.03688680790040906,9.817595810255288,-0.007451911289832206,-0.00027530610314002203,-0.013394787606870042,22.4797615871473,Normal_Driving
2026-03-10 23:59:04.570943,0.021963530985305173,0.031215625410833885,9.804891502205615,0.024501836570913794,0.008708760449474636,0.006615587044743542,22.194953143268787,Normal_Driving
2026-03-10 23:59:04.620943,0.02519731199186103,0.0058674996294935,9.79569483806071,-0.007898392462589202,0.006326719059235953,-0.005406259709863012,22.237267393852154,Normal_Driving
2026-03-10 23:59:04.670943,0.014929046411853714,0.006755296301731321,9.820411069299496,0.0030596916197551784,0.004905704170091789,0.005202409730186085,22.336079747984332,Normal_Driving
2026-03-10 23:59:04.720943,-0.04433680873103478,-0.06106219954441717,9.778802694442666,-0.020162512426470314,-0.01974095407000269,-0.020887229057628045,22.7903947139678,Normal_Driving
2026-03-10 23:59:04.770943,0.029922839381810194,0.05661808991457169,9.858152353199744,0.016425180651760636,0.02772095447953598,0.017874180890865655,21.9863737234402,Normal_Driving
2026-03-10 23:59:04.820943,-0.002909576789645548,0.001244429667775126,9.827287349093313,-0.0018534461575398363,0.005543929799208454,0.005791588073108632,22.35687799984074,Normal_Driving
2026-03-10 23:59:04.870943,-0.029620412861466265,0.01373907844006466,9.789597926086937,-0.005125817026078835,-0.007837004232977713,0.0030912455550593677,22.779828127563338,Normal_Driving
2026-03-10 23:59:04.920943,-0.022790993543204515,-0.013263617725481307,9.792898944584945,-0.014494463166942667,-0.016213078176973886,-0.008965322099278484,22.61526395953322,Normal_Driving
2026-03-10 23:59:04.970943,0.029732304150977624,0.0008195796249890787,9.829972785282655,-0.005927841613399853,0.008355191459915295,0.006908937471402393,22.093950377699844,Normal_Driving
2026-03-10 23:59:05.020943,0.00706612620967856,0.00044285317533172483,9.80919637992811,0.0021852302420939155,-0.016264739649754466,-0.005002946957625201,22.513374149238878,Normal_Driving
2026-03-10 23:59:05.070943,-0.02047412743910685,-0.012014333114786375,9.814492836097925,-4.802886153946291e-05,0.0034374395974909465,0.006626875504917702,22.79071877303441,Normal_Driving
2026-03-10 23:59:05.120943,-0.016908069978543765,-0.0290708479056384,9.761429986682144,-0.010167244952653873,-0.017906975901763742,-0.02137700982481589,22.44701393086696,Normal_Driving
2026-03-10 23:59:05.170943,0.03886840305082056,0.04384397725928805,9.8568905355472,0.017212677012231663,0.02467790000879901,0.012642566675837907,22.795262988826487,Normal_Driving
2026-03-10 23:59:05.220943,-0.015128949623782398,-0.03163467739709933,9.78969219243151,-0.006783499083572595,-0.015254618119269692,-0.010371210932622868,22.363550547078976,Normal_Driving
2026-03-10 23:59:05.270943,-0.006448361684984936,0.0021738101749771074,9.823306767409703,0.01139828043936967,0.0011587260307281341,-0.004102231080900159,22.797532688328825,Normal_Driving
2026-03-10 23:59:05.320943,-0.03188717422068928,-0.015496102848876814,9.788721682292628,-0.0067792182737649075,-0.013749191818796002,-0.005694369929921839,22.301766648174606,Normal_Driving
2026-03-10 23:59:05.370943,0.034312298398968766,0.03624080451977382,9.833126943480396,0.013997357149403202,0.009954244271985753,0.006117910032702489,22.767133341437788,Normal_Driving
2026-03-10 23:59:05.420943,0.011422333238757182,0.012656616827646024,9.83197830852164,0.009665944747201193,0.008619314168346423,0.0008388829979808377,22.690098695995825,Normal_Driving
2026-03-10 23:59:05.470943,-0.006084040516413224,-0.0024890720069937217,9.785041428438184,-0.002151946710138391,-0.004168813194680883,-0.012348899199055638,22.569990770793922,Normal_Driving
2026-03-10 23:59:05.520943,-0.02651512944042453,-0.00042246908528135313,9.802666482622357,-0.0027716152604499392,-0.0037716768336711805,-0.015701958793205687,22.02484645823625,Normal_Driving
2026-03-10 23:59:05.570943,0.04087106778004559,0.04807181996323883,9.842282289993562,0.0074445694659205485,0.01010338937938284,0.011070180094278376,22.480196071556566,Normal_Driving
2026-03-10 23:59:05.620943,0.004355804738468421,-0.004586427155924602,9.785193347998035,-0.011361673456763175,-0.007521432022230393,0.0076198693278440605,22.265614262702183,Normal_Driving
2026-03-10 23:59:05.670943,0.013261078955903274,-0.0015735441716502093,9.834288127593618,-0.0010166465497541814,0.016086879198959392,0.00037914637494423074,22.558279635220217,Normal_Driving
2026-03-10 23:59:05.720943,-0.03565872302414483,-0.029844238219375294,9.775951987477919,-0.007654048016718433,-0.02552821048157373,-0.012304906331828886,22.4799113871592,Normal_Driving
2026-03-10 23:59:05.770943,0.041546955028661306,0.038623314261989936,9.851898397822229,0.018545192446702042,0.024567699723488212,0.005209444588668767,23.010049263488604,Normal_Driving
2026-03-10 23:59:05.820943,0.018696281581295153,0.004093515868612552,9.805980425725183,0.00262063329692906,-0.0001654172106164408,0.005608918105283967,22.727658953858768,Normal_Driving
2026-03-10 23:59:05.870943,0.0027231909153465576,-0.007859755435731539,9.79951602698305,-0.008147517687101504,-0.0033618793456216063,-0.0022633848259282635,22.538439848241072,Normal_Driving
2026-03-10 23:59:05.920943,-0.0031601851750359816,-0.005960666463841366,9.814359146122634,-0.0015607406503480121,-0.008023688389641334,-0.003572788538070799,22.890197707153597,Normal_Driving
2026-03-10 23:59:05.970943,0.025681410037529762,0.008082565601622032,9.844067291372113,0.014535584772540414,0.005892479938451256,0.011637939859030166,22.500370270850244,Normal_Driving
2026-03-10 23:59:06.020943,-0.00012646696717127513,0.017690230694686792,9.798065831911083,-0.0056408349713447685,0.0008812516258542052,0.005570038235691561,22.88814014752497,Normal_Driving
2026-03-10 23:59:06.070943,-0.0008737930965414162,-0.01600825826638949,9.811254942213614,-0.008450770055192009,-0.0014698637593356222,-0.0016187580473979134,23.011921711098957,Normal_Driving
2026-03-10 23:59:06.120943,-0.03659976802061252,-0.022484860525128873,9.778612069295454,-0.010819829455961272,-0.018845281047562057,-0.017433406135192994,22.201904113977378,Normal_Driving
2026-03-10 23:59:06.170943,0.05169389490565905,0.0471729048913836,9.837216924120828,0.02079703713040235,0.023951685607557484,0.023112501728997266,22.818051189927537,Normal_Driving
2026-03-10 23:59:06.220943,0.004845183114854153,-0.017222316838717413,9.790535833760531,-0.015979710116749205,-0.010914575084235644,-0.013442936668427299,22.80445471077245,Normal_Driving
2026-03-10 23:59:06.270943,-0.016857074224136317,-0.0017318631626269563,9.797240342561551,-0.003303502483459676,-0.0008717386489757841,-0.001688462369581817,22.861142388521586,Normal_Driving
2026-03-10 23:59:06.320943,-0.00520719156719696,-0.013219994097596666,9.790273531090612,-0.01387457192088674,-0.0064684449836218336,5.3046566346922654e-05,23.02779150933608,Normal_Driving
2026-03-10 23:59:06.370943,0.015893583216249854,0.0071593865586644986,9.838589174152713,0.005097000554306642,0.017985994432349616,0.007009450454203809,22.798750235713083,Normal_Driving
2026-03-10 23:59:06.420943,-0.0003484965614602995,0.003343537902695158,9.813805433295077,0.0007405762416237268,0.008434413348321948,0.004189588985916522,22.14840644413725,Normal_Driving
2026-03-10 23:59:06.470943,-0.014444498921540554,-0.04020653557929299,9.789635567044755,-0.0083954394124176,-0.022186633109999868,-0.013805426749649206,22.502210830418537,Normal_Driving
2026-03-10 23:59:06.520943,-0.00910957825118002,-0.023719668223717166,9.789101543781122,-0.001627838057514915,-0.014387705009143728,-0.00920528037839933,22.548429452641795,Normal_Driving
2026-03-10 23:59:06.570943,0.015132599172277408,0.008340386220111892,9.851219684708756,0.018115447511913588,0.020852355550414384,0.016778618424321167,23.1596857716279,Normal_Driving
2026-03-10 23:59:06.620943,-0.005863036110325792,0.00649552076475168,9.80572602361306,-0.0175987610430867,-0.004368843944256786,-0.0005851410552601731,22.729925952200883,Normal_Driving
2026-03-10 23:59:06.670943,-0.03136499145754292,0.018339933580770355,9.781587337567311,0.00802338653432348,-0.011787043276854484,0.002142287122532135,22.484265572809463,Normal_Driving
2026-03-10 23:59:06.720943,-0.02238590127970435,-0.01445464768901415,9.774358615893087,-0.003757845515742619,-0.0039016962108846098,-0.004615128053498875,22.598333837990413,Normal_Driving
2026-03-10 23:59:06.770943,0.014869852633625625,0.04818072492805715,9.811113960364633,0.021992270574096376,0.005908458541976786,0.009223361887830149,22.264777638406528,Normal_Driving
2026-03-10 23:59:06.820943,0.0011288974126996672,-0.009131941923380231,9.821508242809756,0.005230352941564289,-0.003473880083398921,0.01713481302296172,22.090506121306177,Normal_Driving
2026-03-10 23:59:06.870943,-0.019152164647424575,-0.02884830423124172,9.80216781394061,-0.01449475224623821,-0.020074428333188614,-0.0101701055319998,22.40907355981327,Normal_Driving
2026-03-10 23:59:06.920943,-0.02004769476960083,-0.028605414259414902,9.794781090078342,-0.0005474648864035067,-0.00591327114480688,-0.0010318509359095345,21.955266047951845,Normal_Driving
2026-03-10 23:59:06.970943,0.02480223045235541,0.02962542390065071,9.817277622659976,0.0074077570663155495,0.019543079398457112,0.0076020088293260145,23.067573109218024,Normal_Driving
2026-03-10 23:59:07.020943,-0.008966361847470909,0.009165769147531273,9.797348543975472,-9.126153817462816e-06,0.003927142157250063,-0.010506428413843413,22.38897717275039,Normal_Driving
2026-03-10 23:59:07.070943,0.0010124466422731957,-0.01804438548446968,9.799721169889592,-0.0011074473474809382,0.0023218904724127873,0.003218060001455069,22.45237459352022,Normal_Driving
2026-03-10 23:59:07.120943,-0.020191805860927187,-0.022181630228592014,9.78698257389482,-0.0008620096250310551,-0.005417268399885819,-0.009652173707284193,22.77251423065033,Normal_Driving
2026-03-10 23:59:07.170943,0.019055532283856425,0.03117310825980832,9.862377487777222,0.016101273872041837,-0.002257294824442955,0.02493152297047023,22.682939431918516,Normal_Driving
2026-03-10 23:59:07.220943,-0.00783595687585611,-0.013961300580840188,9.803580660880208,-0.000713126994575088,-0.014797493272067943,-0.0023878665202543927,22.826469983366025,Normal_Driving
2026-03-10 23:59:07.270943,-0.016982083109515045,-0.010678835235051322,9.771598075037504,-0.01271400495139699,-0.008178884462784173,-0.0006091790821914408,22.268973713102422,Normal_Driving
2026-03-10 23:59:07.320943,0.01013617591071057,0.006810083153911107,9.811815358583749,0.0017865859501626383,-0.01199724344515039,0.00414866480514329,22.830792567808565,Normal_Driving
2026-03-10 23:59:07.370943,0.017508090533558347,0.009643835031821974,9.830198719502208,-0.005641806337357638,0.016416240653070825,0.008450061192434109,22.34277544634622,Normal_Driving
2026-03-10 23:59:07.420943,-0.0009192850794351717,0.003190978992912932,9.814672218485905,-0.0032074447850041444,0.0014499640195195992,0.0003888461893321693,22.768607374981123,Normal_Driving
2026-03-10 23:59:07.470943,-0.034678176728251124,-0.024349212351579445,9.778363982674312,-0.017124349791774636,-0.015345425768382149,-0.020372458297088523,23.10833139695724,Normal_Driving
2026-03-10 23:59:07.520943,-0.020833927672620642,0.0021848670855577935,9.800720464845055,0.009511202342592683,-0.009284144286130076,-0.009640352821889641,22.189017762315096,Normal_Driving
2026-03-10 23:59:07.570943,0.04053608427188255,0.041238541368119844,9.854605428140202,0.007794518410422098,0.006277687788608691,0.0126706938463709,22.40993299010193,Normal_Driving
2026-03-10 23:59:07.620943,0.009333188955323512,-0.009868336782736083,9.815901761666767,-0.0037918480605431647,-0.007144552417289311,-0.005185632413493052,22.418820762770828,Normal_Driving
2026-03-10 23:59:07.670943,-0.0027346578966346586,-0.05039690778243134,9.785184034241107,-0.005810991911535546,-0.001008354110194386,0.004270016688502975,22.136707330874845,Normal_Driving
2026-03-10 23:59:07.720943,-0.001041995378694242,0.022016165332052903,9.815597095561113,-0.0019469113200070007,-0.0007222142254208895,-0.00024468983422983905,22.35976558042602,Normal_Driving
2026-03-10 23:59:07.770943,0.012463800634026759,0.0073120094429832815,9.840976060399669,0.014753665523071474,0.005714081593731549,0.008404356394799351,22.619488989662702,Normal_Driving
2026-03-10 23:59:07.820943,0.005468904048261567,0.004319085191765128,9.826933637267219,0.0028729699521271943,0.0006740568039433972,0.013446957123102773,22.333724834914836,Normal_Driving
2026-03-10 23:59:07.870943,-0.024820701496780957,-0.02287972817340385,9.780561501035475,-0.013661208144668325,-0.009820958593829535,-0.020098009780878088,22.707610786716305,Normal_Driving
2026-03-10 23:59:07.920943,-0.0074119678761699215,0.016636754169698183,9.79742017647165,-0.0019532721759476703,-0.000573989301033886,-0.0017909353268984025,22.707610786716305,Harsh_Brake
2026-03-10 23:59:07.970943,-0.38856079162749846,0.017202777952273537,9.862001896050355,0.019092802560684574,0.05479053953451399,0.003482721601691859,22.630707262274196,Harsh_Brake
2026-03-10 23:59:08.020943,-0.8520818915773231,-0.004819616448988597,9.921898900715423,0.005410677807766646,0.1058145421147926,0.008589371443190733,22.477180826010738,Harsh_Brake
2026-03-10 23:59:08.070943,-1.309332785143224,-0.02686180064933855,9.929185647404564,-0.015952935242149913,0.11752377612912766,-0.01798267530712485,22.24759167924243,Harsh_Brake
2026-03-10 23:59:08.120943,-1.6950417824204393,0.015142325417506224,10.009772715369927,0.007382008769166774,0.19672519850733,-0.0011783303827716512,21.94277756786766,Harsh_Brake
2026-03-10 23:59:08.170943,-2.103930587412359,-0.010890600917791367,10.067557990365927,0.009563180222607423,0.24818632517573863,0.004593282617111402,21.563850725522773,Harsh_Brake
2026-03-10 23:59:08.220943,-2.542345209058373,-0.0024272231815868203,10.083984706079725,-0.005025130424487934,0.27709630524901196,0.004388662925495991,21.112193815162136,Harsh_Brake
2026-03-10 23:59:08.270943,-2.927771796643849,-0.0221582289707228,10.130109323415498,-0.012752132867490747,0.3142781025032421,-0.019075947559218237,20.589454883870996,Harsh_Brake
2026-03-10 23:59:08.320943,-3.2619494989742455,0.005227903973440991,10.172283888782644,0.007341964997648915,0.3676238231793565,-0.003834019716391364,19.997541349320343,Harsh_Brake
2026-03-10 23:59:08.370943,-3.66746583530975,0.01426240265091734,10.247612286149634,0.008482126107720752,0.4163585560841288,0.0011434532811379445,19.33861303980673,Harsh_Brake
2026-03-10 23:59:08.420943,-4.005388619176838,-0.00929740734037041,10.285127850025145,-0.00011454771039354043,0.446829459232973,-0.0052540693641073815,18.61507431327301,Harsh_Brake
2026-03-10 23:59:08.470943,-4.388003192898602,-0.0300784644805831,10.254861393189874,-0.021936666319703146,0.4647993713096206,-0.01444153630440635,17.829565284066966,Harsh_Brake
2026-03-10 23:59:08.520943,-4.673993270117251,0.02772706431599382,10.345707203435241,0.011452082030701163,0.537691169283088,0.016231493952126433,16.98495218945036,Harsh_Brake
2026-03-10 23:59:08.570943,-4.997407966687163,0.007849222800518883,10.369621811768875,0.0017891896226909277,0.5575539778870152,-0.0005878218265972018,16.08431693101,Harsh_Brake
2026-03-10 23:59:08.620943,-5.2949343787471435,0.0039811892557541275,10.399222656497473,0.0031358847955724883,0.5897835171172269,0.005658185377698391,15.130945829133074,Harsh_Brake
2026-03-10 23:59:08.670943,-5.5882803623449675,-0.0007927020772903193,10.432461053162665,-0.010845962218513404,0.6077730983649563,-0.014850490717789214,14.12831763158044,Harsh_Brake
2026-03-10 23:59:08.720943,-5.804575329212099,0.021057871799815074,10.47450970384775,0.005969736746601731,0.650576173948485,0.0034474799615353906,13.080090819913313,Harsh_Brake
2026-03-10 23:59:08.770943,-6.057124934774158,0.0114453747057861,10.500403691109286,0.008037229972438999,0.6769959366035495,-0.0018347977720440268,11.990090260090797,Harsh_Brake
2026-03-10 23:59:08.820943,-6.253154075688461,0.0013383322234478646,10.523725732348089,0.0037796387300763562,0.6967183713502384,0.012838466871282529,10.862293245948793,Harsh_Brake
2026-03-10 23:59:08.870943,-6.495009272630678,-0.037671472147956506,10.528728902732633,-0.012292461076174875,0.6988370608344024,-0.004191163877589324,9.700814986486112,Harsh_Brake
2026-03-10 23:59:08.920943,-6.582152832495411,0.05049367593806586,10.606559399743205,0.009957026730347983,0.754529880758481,0.018631165002705355,8.509893589913126,Harsh_Brake
2026-03-10 23:59:08.970943,-6.760290618728018,-0.01637378361676991,10.564729215294774,0.0037846121782829775,0.7516260644257455,-0.00664971717103507,7.2938745992545115,Harsh_Brake
2026-03-10 23:59:09.020943,-6.840292846460332,-0.001956938671219875,10.585975281034067,-0.015288025625232526,0.7847060579249642,0.008274026800430108,6.057195135934013,Harsh_Brake
2026-03-10 23:59:09.070943,-6.98188371631637,-0.02438305955551948,10.56751890689596,-0.016131543025715008,0.7600863180564671,-0.007807837412790209,4.8043677091995605,Harsh_Brake
2026-03-10 23:59:09.120943,-7.031281905597028,0.020292199170016137,10.637290136390874,0.008370446354696349,0.7915877765221044,0.016632865829955712,3.539963750466395,Harsh_Brake
2026-03-10 23:59:09.170943,-7.057605805679409,0.0028049895576122367,10.613891555683379,0.0021100076721131643,0.7930345736825181,0.013667586235121553,2.2685969326595696,Harsh_Brake
2026-03-10 23:59:09.220943,-7.086050011078128,-0.005106923488313071,10.577517582975881,0.010338489312957168,0.8022513788494647,-0.004417419784503298,0.9949063354218168,Harsh_Brake
2026-03-10 23:59:09.270943,-7.081410120359526,-0.020696846844221146,10.578916132034701,-0.02626539260666539,0.7833890819058972,-0.026922270662924793,-0.27646048238500853,Harsh_Brake
2026-03-10 23:59:09.320943,-6.987055232263583,0.0174928967497596,10.622615870550863,0.02112523474221324,0.8146102603807326,0.021871549123478107,-1.5408644411181776,Harsh_Brake
2026-03-10 23:59:09.370943,-6.964159913125536,0.02419408774784102,10.586081748582709,-0.006308814136430956,0.7738319623417804,-0.0073778617669126864,-2.793691867852626,Harsh_Brake
2026-03-10 23:59:09.420943,-6.864433938711367,-0.0031851054941247244,10.598375130625646,0.00266711534662971,0.7727394378265636,0.0013053292723456838,-4.030371331173125,Harsh_Brake
2026-03-10 23:59:09.470943,-6.783909701177637,-0.025858448941041254,10.544074056616658,-0.017700524284419344,0.7375554466582599,-0.01698236427285231,-5.24639032183174,Harsh_Brake
2026-03-10 23:59:09.520943,-6.572675695414096,0.029165903042066253,10.585244757824418,0.01683379271367091,0.7400484475798319,0.005329922226219276,-6.437311718404725,Harsh_Brake
2026-03-10 23:59:09.570943,-6.453735939168035,0.008232222181069514,10.544258339707408,0.005724520086116552,0.7248005771417922,0.0028898173868431255,-7.598789977867408,Harsh_Brake
2026-03-10 23:59:09.620943,-6.266668086978137,-0.0035704265133941968,10.488222260529062,-0.01509889567235623,0.6993666678656635,-0.00635515855397448,-8.726586992009416,Harsh_Brake
2026-03-10 23:59:09.670943,-6.101835607370666,-0.027314347894350943,10.476342359390594,-0.0013901697839414674,0.6729246526596463,-0.013724177436803387,-9.816587551831933,Harsh_Brake
2026-03-10 23:59:09.720943,-5.79145189129724,0.03723201349727697,10.49554677750299,0.027202831848407483,0.6562639023358693,0.014102371910435367,-10.864814363499061,Harsh_Brake
2026-03-10 23:59:09.770943,-5.573225666704455,-0.038605141286633546,10.435240409528719,-0.007999406679937046,0.6218464623953397,0.0012443986471022857,-11.867442561051693,Harsh_Brake
2026-03-10 23:59:09.820943,-5.2969980376764525,0.00883193570026605,10.400278497816762,-0.008677915080477949,0.5909779177166107,-0.011108367936556606,-12.820813662928618,Harsh_Brake
2026-03-10 23:59:09.870943,-5.024393854966544,-0.018847447261680444,10.359848405324268,-0.01683757832995936,0.5447552169407925,-0.01276535901341265,-13.721448921368978,Harsh_Brake
2026-03-10 23:59:09.920943,-4.644107989259053,0.023893663709233633,10.37438564167137,0.009479338181235784,0.5428365525922106,0.01096775438562088,-14.56606201598559,Harsh_Brake
2026-03-10 23:59:09.970943,-4.360700681050286,-0.007913170631656002,10.307193552114116,0.005217745825280165,0.48255077702605553,-0.0018192086541417313,-15.35157104519163,Harsh_Brake
2026-03-10 23:59:10.020943,-4.005752991368778,-0.027935009149942194,10.248602245979344,-0.0170680347948255,0.4461067884566503,-0.009829563800774089,-16.075109771725355,Harsh_Brake
2026-03-10 23:59:10.070943,-3.662057616392112,-0.0007301590168559448,10.221703658300543,0.00028446796092644134,0.40772837422669667,0.0012362446119767129,-16.73403808123896,Harsh_Brake
2026-03-10 23:59:10.120943,-3.276573449601527,0.029143136629897003,10.19362145510655,0.010013650992242891,0.3833676583195881,0.012514910480254982,-17.32595161578961,Harsh_Brake
2026-03-10 23:59:10.170943,-2.9285342892103152,-0.011455824344063208,10.132104980455749,-0.005790455458890571,0.3312141326183318,-0.003527991412204713,-17.848690547080754,Harsh_Brake
2026-03-10 23:59:10.220943,-2.512079071923371,-0.01113712558849515,10.086391831992392,-0.005141059703982137,0.27910301679311883,-0.01335011722197659,-18.300347457441386,Harsh_Brake
2026-03-10 23:59:10.270943,-2.1239800224966796,-0.009956419256088589,10.046700685769572,-0.0030224991750195784,0.22424116745090375,-0.011382849540207112,-18.679274299786275,Harsh_Brake
2026-03-10 23:59:10.320943,-1.6696125844242606,0.03769724799830886,10.045326367023522,0.016831071788327615,0.2042172939420967,0.018620152376591363,-18.98408841116105,Harsh_Brake
2026-03-10 23:59:10.370943,-1.2740524588270246,-0.017238261588555077,9.937925500001548,-0.009592833912227493,0.13730415379642572,-0.004745544621610404,-19.213677557929355,Harsh_Brake
2026-03-10 23:59:10.420943,-0.8696473203497659,-0.02500730490831522,9.874488350672793,-0.009272556083299115,0.08579598748029449,-0.012707667229073785,-19.367203994192817,Harsh_Brake
2026-03-10 23:59:10.470943,-0.4191787832494747,0.014510737277077565,9.866330287265892,-0.00037800813117911964,0.050168587882402776,0.007892899313566593,-19.444107518634926,Harsh_Brake
2026-03-10 23:59:10.520943,0.011040424899183771,0.0035566285996961643,9.806467775436069,0.0027384524884098474,-0.001960531928626031,0.0007995940063796414,-19.444107518634926,Harsh_Brake
2026-03-10 23:59:10.570943,0.009914908269293688,-0.011235536424693287,9.82815910443814,-0.0077004520153422865,0.005120571137785137,0.002059769578833071,59.92712866691202,Normal_Driving
2026-03-10 23:59:10.620943,0.0011487535774516808,0.008969170645640791,9.812830008827849,0.01607811969809034,0.01834493086563873,0.019123864162786858,59.66874899442896,Normal_Driving
2026-03-10 23:59:10.670943,0.012382762484563279,0.009808135356991488,9.853198834453485,-0.0018120488883654248,0.002249134728134219,0.012654579756347099,59.49693678565122,Normal_Driving
2026-03-10 23:59:10.720943,-0.050880766631947474,-0.05627700135467553,9.761507734012264,-0.02695087436749331,-0.005501234663174526,-0.01215809730614832,60.256517209935,Normal_Driving
2026-03-10 23:59:10.770943,-0.005906814539049255,-0.006749844041237064,9.834696280913976,0.003566395646954878,0.002625153203453122,-0.00444119541161238,59.97062377233467,Normal_Driving
2026-03-10 23:59:10.820943,0.005013026716430832,0.002779031152842868,9.819923127116382,-0.0006172999067504646,0.016893380446168494,0.012263390495539796,59.88805519161082,Normal_Driving
2026-03-10 23:59:10.870943,-0.00805985279856231,-0.019917029997506303,9.806729200897992,-0.00906800941249982,-0.008782684783368553,-0.011908794618597843,59.784479922532825,Normal_Driving
2026-03-10 23:59:10.920943,-0.004510421714339366,0.00047318050966772655,9.794259071418256,-0.0023315501633324022,-0.0034071192489679753,-0.013926073370803328,60.20958009335666,Normal_Driving
2026-03-10 23:59:10.970943,0.015319236183480635,-0.006172266030117929,9.793372701429755,-0.00285459516097597,-0.00631068725130993,0.001758079768688792,59.64291707900792,Normal_Driving
2026-03-10 23:59:11.020943,0.017411111114196385,0.008693729236797374,9.839206334033157,0.01643654786854224,0.006536263316564574,0.012042489458102199,60.37386012243031,Normal_Driving
2026-03-10 23:59:11.070943,0.025411888344343853,0.001403349073252692,9.813974025726038,0.0035925367514933835,0.00806331116384277,-0.0003525760521886131,59.65678906487534,Normal_Driving
2026-03-10 23:59:11.120943,-0.015818732724744523,-0.028435378859595208,9.789420278804354,-0.02521907361430531,-0.026060072045588786,-0.013308501943421517,59.76055546958746,Normal_Driving
2026-03-10 23:59:11.170943,0.0006339055074700596,0.010378146713586672,9.831881981486058,0.015507256246448154,0.009498721270253292,0.019007805728547322,60.32307672683191,Normal_Driving
2026-03-10 23:59:11.220943,0.013962759396025735,-0.020642019043470187,9.824402614717386,0.0026590259110398566,0.0038419163871383933,-0.0022915952523440202,60.330482770876536,Normal_Driving
2026-03-10 23:59:11.270943,-0.0012224096869600347,-0.016483108112443332,9.824496294382332,-0.006509650435796925,-0.00158991153044563,0.008782061988860178,60.0678658344001,Normal_Driving
2026-03-10 23:59:11.320943,-0.013735364230777595,-0.01539306925632826,9.787259172007381,-0.004417293498932424,-0.006024573091380819,-0.01855160246234897,60.17524432749928,Normal_Driving
2026-03-10 23:59:11.370943,0.015412534634106311,0.0028649540609276282,9.806921362780693,-0.006529933761445649,0.0038416561281816594,0.001992012762087393,60.30086219876426,Normal_Driving
2026-03-10 23:59:11.420943,0.012473778275852594,0.01677170248515308,9.834135999054098,0.011980818609709915,0.01309297564602149,0.004342694579967132,59.99458898466115,Normal_Driving
2026-03-10 23:59:11.470943,0.0003820500832690545,-0.0065841411768871195,9.782527299912857,-0.01383393790143226,0.011227504500554722,-0.0029108111528328264,60.14258560597279,Normal_Driving
2026-03-10 23:59:11.520943,-0.03203284452190662,-0.03152684670414547,9.790469800522082,-0.011335835062172823,-0.020676565920539167,-0.013857952522029824,59.43011310586267,Normal_Driving
2026-03-10 23:59:11.570943,0.03051151288447221,-0.007252206596661693,9.821610709602892,0.016507620854740133,0.01178080438738883,0.010833649588349354,60.057691570912596,Normal_Driving
2026-03-10 23:59:11.620943,0.004010676802258256,-0.0019099900180549745,9.798872763258695,-0.003341392651850394,-0.00930923361516385,0.013457668664351576,60.67285037302214,Normal_Driving
2026-03-10 23:59:11.670943,0.014159628899560302,0.01863923369470276,9.802251755096787,0.0064167803837419934,0.005604753279953016,0.0007851599160482352,59.811389984159305,Normal_Driving
2026-03-10 23:59:11.720943,-0.0336879359643737,-0.0288094671493248,9.773394855597731,-0.023755357577414527,-0.01662578764983334,-0.01949763256145134,60.15431499661361,Normal_Driving
2026-03-10 23:59:11.770943,0.025169552063252734,0.019520095801834933,9.83476191109244,0.005522531695727167,0.010126441308700064,0.010755855984651857,59.66694820454692,Normal_Driving
2026-03-10 23:59:11.820943,0.01127947943921858,0.02525362267794118,9.813242815751037,0.014451856803207432,0.0007996491604790297,0.00837840752237644,59.290358587228006,Normal_Driving
2026-03-10 23:59:11.870943,-0.008983866426260718,-0.0195173986931394,9.807329916452337,0.0013237803204004875,0.0006313525254772719,0.02232376330630826,59.896110620232555,Normal_Driving
2026-03-10 23:59:11.920943,-0.02915650410870784,-0.020015526651061204,9.817116364661468,-0.020081865609453638,-0.016174734841112065,-0.012804682856501538,59.535757571445366,Normal_Driving
2026-03-10 23:59:11.970943,0.02572386002549208,0.02426703108857515,9.822995136820614,-0.0019391143420347742,0.01021533981251602,0.013004624989946693,60.092527974029665,Normal_Driving
2026-03-10 23:59:12.020943,-0.001751734777162867,0.012383153754418112,9.821103409782703,-0.0018847041010678174,0.004173594464719639,0.0023193441598202856,60.26582023482742,Normal_Driving
2026-03-10 23:59:12.070943,0.004525215894972321,-0.008868669568823399,9.81033659164026,0.010876940558293531,0.011864386971358009,0.00809338491643075,60.230505560301204,Normal_Driving
2026-03-10 23:59:12.120943,-0.025622536613331005,-0.03669623315794252,9.773567983861499,-0.024415859708884404,-0.02054153694658937,-0.014806086026534403,60.65728154568246,Normal_Driving
2026-03-10 23:59:12.170943,0.02014720165102924,0.05098912299272149,9.85092017215748,0.017360720366097586,0.02196604785928763,0.01582663902741102,60.21484737060502,Normal_Driving
2026-03-10 23:59:12.220943,0.011500126357828308,0.009891665559845969,9.811377650072862,0.0061397447438481636,0.004498480262998253,0.008899772604650287,59.71208075003774,Normal_Driving
2026-03-10 23:59:12.270943,-0.007240328566654817,0.007563868682569258,9.802208906287746,-0.004026861239679012,-0.0004133657914050168,0.004216052036856552,59.918880179072325,Normal_Driving
2026-03-10 23:59:12.320943,-0.028746969278978858,-0.03406208924768188,9.78775408596497,-0.010711742140365051,-0.002363658105939968,-0.008220975134865728,60.054262858504465,Normal_Driving
2026-03-10 23:59:12.370943,0.021078214296176997,0.011311635140753638,9.82924012476883,0.00624877049160007,0.006975560852938579,0.0024344226448388797,59.80228977081865,Normal_Driving
2026-03-10 23:59:12.420943,-0.002775195636350678,0.012728941369960028,9.833032616726472,0.006304542778426859,0.004786665417543475,0.003424980832164698,59.905899725164424,Normal_Driving
2026-03-10 23:59:12.470943,-0.002506408053178143,0.02462085769003235,9.830358141228496,0.004541616932650627,0.006843011549779149,-7.537599455142941e-05,59.566522042575436,Normal_Driving
2026-03-10 23:59:12.520943,-0.05412438654976902,-0.021622978217879167,9.76647034555012,-0.003003116085989542,-0.027850962129227802,-0.010099001251163453,60.47945447056017,Normal_Driving
2026-03-10 23:59:12.570943,0.03126722757472187,0.048216523358309976,9.8529997622821,0.016993629220923838,0.015177019627740675,0.020760191298645033,60.17632074521825,Normal_Driving
2026-03-10 23:59:12.620943,0.002302795961354718,-0.001982397683308405,9.813899675129113,-0.00633749457423914,0.001910199771768208,-0.007528837037500572,60.02380537248459,Normal_Driving
2026-03-10 23:59:12.670943,0.01942942120308421,0.016836171243508398,9.813922134252099,0.008869607377626095,0.005389883529509183,-0.004996599473378949,59.90813278987384,Normal_Driving
2026-03-10 23:59:12.720943,-0.019246852062272977,-0.033941760260576576,9.772426519092656,-0.006888943214349682,-0.01709042485559296,-0.014547490353607584,59.9528733476731,Normal_Driving
2026-03-10 23:59:12.770943,0.023957495622527865,0.02191186646235603,9.846277848290493,0.005820810793105739,0.009166787301541324,-0.00238098310910014,59.61660918091522,Normal_Driving
2026-03-10 23:59:12.820943,-0.00815248512384282,0.022624355473700994,9.822225306162029,0.0007543203737254284,-0.0072791573473556985,0.008097789619540212,60.15694486150976,Normal_Driving
2026-03-10 23:59:12.870943,-0.004061251903400527,-0.021440511908464743,9.810922257897342,-0.0013052263113532043,0.0027833865798344757,0.003807049380615576,59.95807185183001,Normal_Driving
2026-03-10 23:59:12.920943,-0.02303608839008795,-0.023294959588609845,9.777982933291733,-0.014124019064204373,-0.010152701797302212,-0.019566052848963303,59.631331776441804,Normal_Driving
2026-03-10 23:59:12.970943,0.03703125058095215,0.030583377376008414,9.84168082413281,0.014981098183160176,0.022775388151885387,0.022431497339523113,59.79305216011227,Normal_Driving
2026-03-10 23:59:13.020943,-0.0157193601483539,-0.007357589489139222,9.777049253397081,-0.015572164400510758,-0.005032623665651749,-0.0008363481808280346,60.42088975615398,Normal_Driving
2026-03-10 23:59:13.070943,0.0007274845750621008,0.020855368587499958,9.824558777509598,0.0033325817212221855,0.0015430585245304047,-0.0007568623972722269,60.085553749335226,Normal_Driving
2026-03-10 23:59:13.120943,-0.049779313702762784,-0.018389379022995762,9.747998542370523,-0.014904201797770064,-0.0155748334951801,-0.013343936903996326,59.819645073202274,Normal_Driving
2026-03-10 23:59:13.170943,0.02379396169295732,0.03798709701623264,9.835143255235941,0.014166574396765138,0.020950969651335312,0.011319794495311796,59.79561213320679,Normal_Driving
2026-03-10 23:59:13.220943,0.00503112471869574,0.0050128649551994175,9.809846876324624,0.0014834951678478197,0.002051011152774624,-0.004358947439695369,60.05558634735972,Normal_Driving
2026-03-10 23:59:13.270943,-0.005528770835819066,-0.0009475957251312474,9.78261269174645,-0.005105685308457203,-0.003067274507163716,-0.011408872945738877,60.097705635685685,Normal_Driving
2026-03-10 23:59:13.320943,-0.010848504809637668,-0.03804064971222111,9.783207033019641,0.004315601343670367,-0.004545344697713142,-0.010757369665290744,59.546354947180106,Normal_Driving
2026-03-10 23:59:13.370943,0.02470760184697244,0.03371342467070351,9.846237975628279,0.016054122524713242,0.017753115423818876,0.00944930546133441,59.83845354221852,Normal_Driving
2026-03-10 23:59:13.420943,0.0048047120086967005,-0.01305700164422221,9.798975386872748,-0.0011145144193475125,-0.012835995376443941,-0.006977671201065364,59.75284626550853,Normal_Driving
2026-03-10 23:59:13.470943,-0.013312719891145793,0.005699660318964985,9.820308578493217,0.01597074565049566,0.014431174660330424,-0.0029210783156350976,59.791165297348684,Normal_Driving
2026-03-10 23:59:13.520943,-0.02355261855787926,-0.03682123730290818,9.78555087138206,-0.020085423851091463,-0.023613134216163234,-0.013535041664564179,59.79627980064864,Normal_Driving
2026-03-10 23:59:13.570943,0.03052455996925346,0.020163210301283277,9.876597168906498,0.02805357091384919,0.013466117600068645,0.017592659428227853,60.294014345827044,Normal_Driving
2026-03-10 23:59:13.620943,-0.0017191286898994912,0.0014881859201082634,9.828594626687506,-0.002303740050447508,-0.003326746879895688,0.0001175036793632251,59.847565560843655,Normal_Driving
2026-03-10 23:59:13.670943,0.004896911513584072,-0.007740927881734332,9.801981411008832,-0.01711128204910604,0.0009144399828434264,-0.003290895654296068,60.066715551648386,Normal_Driving
2026-03-10 23:59:13.720943,-0.010230623733299127,-0.020723182155131928,9.809757901767002,-0.003914675725086524,-0.0009667868421469068,-0.0010064566089486911,59.808825135131634,Normal_Driving
2026-03-10 23:59:13.770943,0.02421221672621931,0.03209668307716716,9.834496090746475,0.010192845065500122,0.0062548287749804934,0.006165676342551769,60.31963408510579,Normal_Driving
2026-03-10 23:59:13.820943,-0.00475648661150085,-0.0076931768979430154,9.820341155638722,0.0019019080058811397,0.00800245569341981,0.0014289045699109292,59.89831242536646,Normal_Driving
2026-03-10 23:59:13.870943,0.004804089692422641,0.004338842693473337,9.809223529929191,-0.008426479364142706,0.0006763102902623288,-0.0011322201185872418,60.00430622937616,Normal_Driving
2026-03-10 23:59:13.920943,-0.04554602946088613,-0.012160631284884437,9.76162228370225,-0.008415835109718776,-0.017018848473397127,-0.013112797540306562,60.04997958591045,Normal_Driving
2026-03-10 23:59:13.970943,0.03742994853365899,0.04890746074338288,9.849665400572338,0.018636863755672754,0.014326783667460848,0.02843088584017754,59.78333933074104,Normal_Driving
2026-03-10 23:59:14.020943,-0.018792314433462826,-0.00769804167635735,9.79132879522212,-0.006623905027057467,-0.006148046397701972,-0.00322009293619213,59.68478548993289,Normal_Driving
2026-03-10 23:59:14.070943,0.009859132871500184,0.0033419683688622115,9.818157005779282,0.006413579149352731,0.0014797599629555044,-0.003155349573763543,59.87401362803655,Normal_Driving
2026-03-10 23:59:14.120943,0.011707896678927392,-0.03833132236317076,9.76646529515802,-0.012898605180447628,-0.020621528824833552,-0.020763255591208805,60.62053712261378,Normal_Driving
2026-03-10 23:59:14.170943,0.019486189741514465,0.020727433433336436,9.84666967940914,0.012435267886937015,0.014480590185275278,0.004800146377298128,59.786486748949464,Normal_Driving
2026-03-10 23:59:14.220943,0.0024720715866616847,0.02245976152311003,9.816192378300238,-0.0061953508215379545,0.010479231989836364,-0.0036490597259550665,60.09085301020164,Normal_Driving
2026-03-10 23:59:14.270943,-0.03333441173544248,-0.006652354803615472,9.80030117494911,0.002806987921266612,-0.006522656092185151,-0.005527355518358824,60.11264786646152,Normal_Driving
2026-03-10 23:59:14.320943,-0.004378762235075377,-0.036325686757309336,9.7982729984502,-0.011479811037455639,-0.009333708460877384,-0.0022770003937028433,59.830335256289516,Normal_Driving
2026-03-10 23:59:14.370943,0.02349063683948175,0.038989916097271614,9.86099466469632,0.018260287699369344,0.01710179745022019,0.01859422322337317,59.70903306704698,Normal_Driving
2026-03-10 23:59:14.420943,0.004596620753077523,-0.0115389542204084,9.799798734465265,-0.013701938892094062,-0.01053030461082459,-0.010088691999627798,59.68234055605259,Normal_Driving
2026-03-10 23:59:14.470943,-0.0033872606113765956,0.0029313555666805858,9.811214702119168,-0.00010831557575187542,0.007329978838929304,-0.006271662403300756,60.17738492030722,Normal_Driving
2026-03-10 23:59:14.520943,-0.020427075163682803,-0.028045526867622714,9.773139098537099,-0.006739501588335808,-0.014402427492320914,-0.01491042815174665,60.66266474231484,Normal_Driving
2026-03-10 23:59:14.570943,0.019078237645109,0.029845161588221182,9.807108279836182,0.013426941996858616,0.012821214823924976,0.015594718497104712,60.37782007662659,Normal_Driving
2026-03-10 23:59:14.620943,0.012809152806955836,0.012522521587405758,9.782513854425602,-0.0026662073450192947,-0.0017173666671484135,0.0009487278539891915,59.66960755191085,Normal_Driving
2026-03-10 23:59:14.670943,-0.02496773408051549,-0.019645219802388494,9.792002459811554,-0.00824468561971356,-0.009942430306006758,-0.0029372526688481006,59.9600177695448,Normal_Driving
2026-03-10 23:59:14.720943,-0.004635179385402174,-0.004888030676298727,9.808254551518203,-0.002665572904264063,-0.0002579251203475967,-0.010644211199060713,59.4860306111612,Normal_Driving
2026-03-10 23:59:14.770943,0.017116932428346828,0.013486414596491804,9.829558271611956,0.022777891853860185,0.008840546096640589,0.016661338195777618,60.12896460583688,Normal_Driving
2026-03-10 23:59:14.820943,-0.015175999665897989,0.00041745428368208503,9.810075414041922,-0.008041146460461224,-0.004825050877888386,0.0033205639151179865,59.89565503590372,Normal_Driving
2026-03-10 23:59:14.870943,0.0026258935687133115,-0.00013561374978284402,9.801610175892234,-0.012321089965778104,-0.0021746924592439335,0.0011917686338576974,60.29324890425353,Normal_Driving
2026-03-10 23:59:14.920943,0.005786108989449534,-0.008516209980702162,9.794699334106665,-0.011493889457794676,-0.009644176278179362,-0.012216745420072835,60.19119815616431,Normal_Driving
2026-03-10 23:59:14.970943,0.03526772115534502,0.036741751008300884,9.872308746494086,0.015096233133246248,0.0028492386202935826,0.01729925805940869,59.91961063559277,Normal_Driving
2026-03-10 23:59:15.020943,-0.001993865935146075,-0.015750306731006497,9.803997202436951,0.001540311254221675,-0.0011451549031449757,-0.0045872863282816105,60.12506722516951,Normal_Driving
2026-03-10 23:59:15.070943,-0.012972389189212636,-0.011208038693559531,9.80682016220631,-0.01106019182341742,0.0035696632381154534,-0.007999122247462194,60.532347476540544,Normal_Driving
2026-03-10 23:59:15.120943,-0.013552077862725206,-0.00638671745235304,9.824260954699358,-0.0012550716406296294,-0.0036725642740522224,0.009192816426688616,60.3363324699429,Normal_Driving
2026-03-10 23:59:15.170943,0.004032980887103016,-0.008670899797973546,9.825942837793535,0.005975394915341466,0.0015502957469388763,3.241907622560363e-05,60.138847554501396,Normal_Driving
2026-03-10 23:59:15.220943,-0.02772160003977386,0.004191350720611292,9.8344925508756,-0.00648443455666054,-0.0038335406996481123,0.0027999362068356383,60.02416866894252,Normal_Driving
2026-03-10 23:59:15.270943,-0.007835033943793021,-0.027834730664577235,9.784372731174455,-0.013549434514556837,-0.015025474416018009,-0.01110271273239479,60.09042683813948,Normal_Driving
2026-03-10 23:59:15.320943,0.006373907717536724,-0.007020037877238162,9.781894579923817,-0.012591957749380205,0.007645890031281106,-0.00518244023171744,59.86792982710479,Normal_Driving
2026-03-10 23:59:15.370943,0.0301863389782666,0.012004460432098352,9.859400326336857,0.011500631986075288,0.02210332180328403,0.01997532312796641,60.03430592816577,Normal_Driving
2026-03-10 23:59:15.420943,-0.019928438552299144,-0.01140364478835651,9.807430817251314,-0.013329150080990717,-0.007843841051913238,0.0014268226722303247,59.70678967133186,Normal_Driving
2026-03-10 23:59:15.470943,0.010122606825579413,-0.020616368905105598,9.783520009812083,-0.000281248625223004,-0.010126470190991062,-0.010157296999485565,59.515946609725134,Normal_Driving
2026-03-10 23:59:15.520943,0.017872876119024734,0.0202219155576676,9.803477868442924,-0.012430665083008921,-0.0007608607325980824,-0.010285399188328635,60.358934382326574,Normal_Driving
2026-03-10 23:59:15.570943,0.010096866698947007,0.030171724481902328,9.826396253852657,0.008534939210245061,0.010501254582061378,-0.005523945267102155,59.82976498063326,Normal_Driving
2026-03-10 23:59:15.620943,0.017574840808294155,0.010924844738949006,9.824466072491544,0.0022853902631026104,-0.0045316839334482535,-0.0071519275185435655,59.70076313310181,Normal_Driving
2026-03-10 23:59:15.670943,-0.00437194036896455,0.012867117327136713,9.822260695653,0.0027223935556545203,-0.00014962960924884202,-0.01154458670223638,59.34063908112349,Sharp_Turn
2026-03-10 23:59:15.720943,0.006103110855715977,-0.2578113151842675,9.825286926029905,0.03207505211766262,0.0018678493586355574,-0.21697176738311966,59.94313771680401,Sharp_Turn
2026-03-10 23:59:15.770943,-0.009228695647287267,-0.5283823936588866,9.835108196744956,0.05381811868312886,0.009205595556143305,-0.42884662799304585,59.725314067760465,Sharp_Turn
2026-03-10 23:59:15.820943,-0.014445810646582236,-0.8196547702661524,9.768460417451724,0.05618234867650811,-0.018512893529989576,-0.6567530717808812,59.48010540023607,Sharp_Turn
2026-03-10 23:59:15.870943,-0.0049829394852758495,-1.046123831138335,9.808583145072518,0.09656975347794469,0.004189532626197974,-0.8551378574716784,59.67880570057854,Sharp_Turn
2026-03-10 23:59:15.920943,0.007840660812506091,-1.2801823189874328,9.809793563392242,0.10986967975356095,0.00959313194838901,-1.0612840981660014,59.569487602361974,Sharp_Turn
2026-03-10 23:59:15.970943,0.007311028380862556,-1.5463062433416312,9.809081354259442,0.12803506920344176,-0.003058032980289587,-1.2791474220785894,59.55450714881338,Sharp_Turn
2026-03-10 23:59:16.020943,-0.04762542350514625,-1.8367860259956759,9.789613507487427,0.15667932609144805,0.004580103915825877,-1.4942759547693667,59.689232996145456,Sharp_Turn
2026-03-10 23:59:16.070943,0.006543037559283352,-2.041112992658059,9.799086650815017,0.1724023121589875,-0.0029561377397703727,-1.6781198486906501,59.61100536146205,Sharp_Turn
2026-03-10 23:59:16.120943,0.009326166017165533,-2.283401497257185,9.81537975854218,0.19666880783634821,0.01798889491235063,-1.8625022079045395,60.05383373361549,Sharp_Turn
2026-03-10 23:59:16.170943,0.023360266396159415,-2.514900099002644,9.818210372546648,0.22683522784005317,0.00836014402243118,-2.056757517190658,59.63746617253357,Sharp_Turn
2026-03-10 23:59:16.220943,-0.04800084870539098,-2.7832811794824686,9.77248704885002,0.2278161435299918,-0.025501285534040945,-2.2628168880539996,59.97095886126124,Sharp_Turn
2026-03-10 23:59:16.270943,0.02488324809368747,-2.9309952622090334,9.843401698745183,0.2770979061865969,0.016083804669681106,-2.4004757362193976,60.1462597745313,Sharp_Turn
2026-03-10 23:59:16.320943,0.01996897850162928,-3.161700941816434,9.818189528172546,0.25688958146090635,0.003669301006564224,-2.574869558215641,59.75966435304921,Sharp_Turn
2026-03-10 23:59:16.370943,0.017640893997121168,-3.3212465654846524,9.825293547080138,0.287544474078713,0.005187581836774358,-2.738150379294193,59.95273801142527,Sharp_Turn
2026-03-10 23:59:16.420943,-0.017272637855422702,-3.527202434802497,9.78461186041076,0.29069267851395264,-0.010935545724210403,-2.895157211460633,59.85114004236427,Sharp_Turn
2026-03-10 23:59:16.470943,0.020630875323286568,-3.6976702208039907,9.833572174153053,0.31632252496375346,0.013452732184177273,-3.029952566195111,59.94729640377245,Sharp_Turn
2026-03-10 23:59:16.520943,0.0036654290759224935,-3.844742431308495,9.832052660284374,0.3294375437992046,0.008892201525302047,-3.1484076615016425,59.382931374071276,Sharp_Turn
2026-03-10 23:59:16.570943,-0.0010179906267472104,-3.99113730212276,9.813883451053684,0.3469212884801668,-0.005137887632418471,-3.2683541681224506,59.73604522564637,Sharp_Turn
2026-03-10 23:59:16.620943,-0.02397135558866698,-4.1815720398042675,9.770392119188887,0.32712980179786644,-0.020314140212259527,-3.4107650952442787,59.49971558543786,Sharp_Turn
2026-03-10 23:59:16.670943,0.03226055433549024,-4.204816076684988,9.84399793071158,0.379476882996744,0.015336589894347772,-3.472569762946348,59.55303169494023,Sharp_Turn
2026-03-10 23:59:16.720943,0.005039053329672834,-4.374855759974656,9.800630385988075,0.3704804194512513,0.004028475938688207,-3.578080462070693,59.41295186644121,Sharp_Turn
2026-03-10 23:59:16.770943,0.01551720531147238,-4.448423447502576,9.836569739196342,0.37851826549691603,0.0047452773273060165,-3.6509043698618693,59.77980495700173,Sharp_Turn
2026-03-10 23:59:16.820943,-0.025872577946046346,-4.549942905716918,9.760567311547899,0.37828166730872037,-0.017200175023668777,-3.7462818175674424,59.18637431392632,Sharp_Turn
2026-03-10 23:59:16.870943,0.0390113415314543,-4.584257218136843,9.838349237149657,0.39545166333262627,0.01701932355512973,-3.757494253961999,59.99893444987839,Sharp_Turn
2026-03-10 23:59:16.920943,0.020426538313436188,-4.637297666813575,9.825506514876649,0.3964857247120545,0.018872517474987895,-3.8115554388810167,60.057169288220365,Sharp_Turn
2026-03-10 23:59:16.970943,-0.005822300862910631,-4.6985937097108454,9.802837457120646,0.3961961122726668,-0.0007048828685286136,-3.8448265445863385,59.70238793007487,Sharp_Turn
2026-03-10 23:59:17.020943,-0.03488942184316246,-4.740952121539016,9.792117628105968,0.38677641671342944,-0.005987461988621601,-3.883376583227336,59.39138510555494,Sharp_Turn
2026-03-10 23:59:17.070943,0.006540369212742786,-4.6941887798279325,9.833250057072766,0.41771137216791937,0.02229863250642938,-3.847691912699115,59.72136071454729,Sharp_Turn
2026-03-10 23:59:17.120943,-0.0003587226964362634,-4.732500374673291,9.791379036386445,0.39126270688036374,-0.0029431144557414057,-3.8650306559110255,59.64946547569717,Sharp_Turn
2026-03-10 23:59:17.170943,0.028052430988850817,-4.6951855464084895,9.82688470278219,0.4010800260844426,-0.0005881804370742975,-3.8393424658717104,59.48429548036389,Sharp_Turn
2026-03-10 23:59:17.220943,-0.020232395637954724,-4.689125571041759,9.770198978144794,0.37494823197131394,-0.02569230594482458,-3.8353479788647142,59.57337036262909,Sharp_Turn
2026-03-10 23:59:17.270943,0.018819155296299406,-4.581625297883292,9.841997478129576,0.40879628668714246,0.017519224709803022,-3.7531968271276535,59.826549898331315,Sharp_Turn
2026-03-10 23:59:17.320943,0.02245958379638699,-4.517700199437053,9.818506344673434,0.3813601834861832,0.008849877987468802,-3.720623773035078,59.656098348739924,Sharp_Turn
2026-03-10 23:59:17.370943,-0.005007831735975397,-4.470074840309955,9.772807028705337,0.37333598404632934,5.206622686253475e-05,-3.661061062792668,59.49546921907161,Sharp_Turn
2026-03-10 23:59:17.420943,-0.026831965885213527,-4.370949043464175,9.794851018354333,0.36151164738300595,-0.013137521522473671,-3.5963408268970536,59.97451187986563,Sharp_Turn
2026-03-10 23:59:17.470943,0.01168428066481569,-4.228871029983766,9.840663420827275,0.3748450330807961,0.01450347086304316,-3.472269711504658,59.69780727649843,Sharp_Turn
2026-03-10 23:59:17.520943,-0.0015968617634891632,-4.139021549593401,9.798186350889665,0.3418782570985489,-0.005159111145059751,-3.393443584681496,59.40375609899611,Sharp_Turn
2026-03-10 23:59:17.570943,0.013109924938785388,-3.9937792248188146,9.826202035940662,0.3411177587706172,-0.0009866419443328865,-3.27627841836906,59.711435024511616,Sharp_Turn
2026-03-10 23:59:17.620943,-0.04438553314569353,-3.8676075396573313,9.795541680420877,0.30609490578326437,-0.0123044122555972,-3.164378811785427,60.23786589059902,Sharp_Turn
2026-03-10 23:59:17.670943,0.026710052953838104,-3.6460567188600734,9.866457680433736,0.33519104353731705,0.01575046756417219,-3.012878951278795,59.964813189956125,Sharp_Turn
2026-03-10 23:59:17.720943,-0.0003800845397561792,-3.5382648231865197,9.809525944180043,0.299320049605074,-0.010202883865723315,-2.887933404999483,59.648636240589795,Sharp_Turn
2026-03-10 23:59:17.770943,-0.02351754370162087,-3.3740238331850056,9.801259017428007,0.26692559062855464,-0.019638088500685644,-2.751442954465999,59.7471279094765,Sharp_Turn
2026-03-10 23:59:17.820943,-0.015445092773532404,-3.1541839484688006,9.798570881888791,0.273470676855892,0.003311936748375187,-2.5853250433967827,59.57281789217499,Sharp_Turn
2026-03-10 23:59:17.870943,0.0323332651527379,-2.9023260209974158,9.821560052305127,0.26072545349219645,0.011318570198858372,-2.4121734121603846,59.6510246080181,Sharp_Turn
2026-03-10 23:59:17.920943,0.006875636774072088,-2.720544198861454,9.7999237420892,0.23468996010750381,-0.005024272024160406,-2.243793043407623,59.95045146282059,Sharp_Turn
2026-03-10 23:59:17.970943,-0.0008752614941359513,-2.5027140703051827,9.792620002238573,0.21003949366163394,0.0007055676569545093,-2.0651070680948385,59.81432324749861,Sharp_Turn
2026-03-10 23:59:18.020943,0.0010005383124112276,-2.297835884612167,9.794622817902448,0.18631290115761634,-0.017224802427316215,-1.8849795219763748,59.71255892125432,Sharp_Turn
2026-03-10 23:59:18.070943,0.05041028629950793,-2.0055487061287702,9.824653626726292,0.18649113354403457,0.018962193534480483,-1.6589273802749616,60.108652379443896,Sharp_Turn
2026-03-10 23:59:18.120943,-0.00633751775126832,-1.8205847725033315,9.776739591818261,0.14625470645621472,-0.016642079701169436,-1.4817051677620743,59.657842035271386,Sharp_Turn
2026-03-10 23:59:18.170943,-0.011184851963128073,-1.5393275773396493,9.791871653510151,0.13658046432033455,-0.014049686420877647,-1.284593682107313,59.76399059155338,Sharp_Turn
2026-03-10 23:59:18.220943,-0.012412509287624131,-1.2855990033720053,9.809112201142444,0.11219550832860774,0.0013440495551095386,-1.0742325871218554,59.545440402777444,Sharp_Turn
2026-03-10 23:59:18.270943,0.0030165222185597335,-1.0328130404199731,9.815045380005166,0.1053218804901668,-0.00721495241520678,-0.8554056751084811,59.372689756662375,Sharp_Turn
2026-03-10 23:59:18.320943,-0.013424596033853577,-0.7632740791751982,9.808884882973492,0.06978282624395216,0.018183131539756623,-0.6533875901164976,59.57372808839474,Sharp_Turn
2026-03-10 23:59:18.370943,-0.010157935039271144,-0.5429736196633285,9.816245718181491,0.04463894127058307,-0.011579261569043275,-0.43547077785777244,59.792301839457224,Sharp_Turn
2026-03-10 23:59:18.420943,0.0069504856887091255,-0.2773799632849004,9.818373012179812,0.023990433751253284,0.0009047777571899321,-0.22663247989997837,59.49078429576156,Sharp_Turn
2026-03-10 23:59:18.470943,0.03793418942824006,0.038771644022933364,9.835476572714343,0.0164079155499464,0.011962149451736586,0.019981700689776397,59.90339608310811,Sharp_Turn
2026-03-10 23:59:18.520943,-0.00026635095420246183,0.010401103636426696,9.823993610577626,-0.0015546544514138912,-0.0031556108425584858,-0.0003868099445071802,60.49004828565935,Normal_Driving
2026-03-10 23:59:18.570943,0.0162427778402158,-0.0020226269546999767,9.82741463411279,0.011655351990630655,0.0024503943517966567,0.02222957122993459,59.482013694934054,Normal_Driving
2026-03-10 23:59:18.620943,0.015342698475852179,0.009854738543064387,9.81808536552121,0.012596078957266273,0.009522520052108569,0.009841876964011311,60.28140831444393,Normal_Driving
2026-03-10 23:59:18.670943,-0.027995498578398784,-0.021645101360029714,9.767064229710826,-0.015712255881084863,-0.012601960469872851,-0.007056038038232576,59.7133194754075,Normal_Driving
2026-03-10 23:59:18.720943,0.0037952091504735064,-0.005904835958349668,9.842794210431226,-0.00048514377579548726,-0.0026152726349599753,0.0035012074791624854,59.52562191356869,Normal_Driving
2026-03-10 23:59:18.770943,0.017282233687815868,0.011511733287021573,9.854177796187775,0.004786520883192915,0.011366244659929088,0.00967790234579362,59.833225725104754,Normal_Driving
2026-03-10 23:59:18.820943,-0.03199356921630035,-0.01681542117435844,9.804941205338746,-0.0005887961408298508,-0.007921327833171964,0.00875104672598949,59.31076814065574,Normal_Driving
2026-03-10 23:59:18.870943,-0.027194178013610563,-0.004874148070648626,9.806807463948036,-0.006480186116233215,-0.0038855091550669004,-0.013251507506716626,60.03954136034721,Normal_Driving
2026-03-10 23:59:18.920943,-0.008874214728677077,0.01242026157519902,9.808403794682556,0.001156702490263712,-0.00022742809995545473,0.0012531058855275211,59.94717466927398,Normal_Driving
2026-03-10 23:59:18.970943,0.01302313660947165,0.026214573334965584,9.828686249942285,0.010903112169834828,0.028610786524600307,-0.005775178430343456,60.00567081484589,Normal_Driving
2026-03-10 23:59:19.020943,-0.0156154662995511,0.011057740451655763,9.812291507708169,0.005101371642182741,-0.0002652586415505115,0.006139236684325809,59.664248021312645,Normal_Driving
2026-03-10 23:59:19.070943,-0.034416218667369144,-0.01964302870134675,9.77378036573775,-0.016200525853226084,-0.019852868712590323,-0.01792216977271291,60.212179098408775,Normal_Driving
2026-03-10 23:59:19.120943,0.010557509979666254,0.026638711078084215,9.8040240076584,0.012865203024952598,0.00876595331651671,0.009367659911458947,60.11372527176091,Normal_Driving
2026-03-10 23:59:19.170943,0.01606329491352361,0.008023046963345933,9.807968383311339,0.006803758702898125,0.01126357273402994,0.009482546234255252,59.92353892081129,Normal_Driving
2026-03-10 23:59:19.220943,0.007288980743181907,-0.01576074947314532,9.797664465275862,-0.00012686399919965168,-0.010912616868015252,-0.00116716513629709,60.018959395410285,Normal_Driving
2026-03-10 23:59:19.270943,-0.02080386332483726,-0.03633968195582993,9.788867043584016,-0.009609144827590038,-0.006092692924971195,-0.013894187040988555,59.671507337084535,Normal_Driving
2026-03-10 23:59:19.320943,0.011767278585278387,0.004926099134021581,9.820800526063849,0.003000807768934509,-0.008566490168930508,8.428284684580396e-05,60.35112697359767,Normal_Driving
2026-03-10 23:59:19.370943,0.034429041569130375,0.03454415537088361,9.839199424682295,0.00854845398350379,0.007374322709070503,0.009443007569772087,59.82020023631674,Normal_Driving
2026-03-10 23:59:19.420943,-0.012309551982752496,0.00210518499463919,9.806413946100902,-0.004781899850687536,-0.0055897083228228,-0.004386842318055958,59.58594099067978,Normal_Driving
2026-03-10 23:59:19.470943,-0.03056534607087209,-0.0312880654009443,9.782748520457025,-0.019255457216870355,-0.012153067869838757,-0.022546302439262915,60.00776141290763,Normal_Driving
2026-03-10 23:59:19.520943,0.041029883389576804,0.022235076855638525,9.820853639041497,0.00892700712987561,0.00822004896766823,0.012883981686870322,60.234912514070345,Normal_Driving
2026-03-10 23:59:19.570943,-0.0062724657969612015,-0.001996262655783616,9.793406951333736,-0.00044942365612275314,0.007249341921562925,0.0006229985762200705,60.31774638543163,Normal_Driving
2026-03-10 23:59:19.620943,0.0038441197047194495,0.03101321545839031,9.830664357588379,0.012943833754733049,-0.0027693304833192253,0.018116213419161486,59.38360117526648,Normal_Driving
2026-03-10 23:59:19.670943,-0.039808118279463026,-0.031125430369715962,9.771264511260165,-0.01943916934647846,-0.025343436860149282,-0.020303967194758687,59.70842675897989,Normal_Driving
2026-03-10 23:59:19.720943,0.014556943804529297,0.042493144617012354,9.809077157443237,0.00040655436991853065,0.0021124100507504354,0.007371973549696272,60.052875796747244,Normal_Driving
2026-03-10 23:59:19.770943,0.009155874798755676,-0.005987591726571744,9.845655011031837,0.01621157501161006,0.0015573598007316714,0.003357731649473266,59.429171778633076,Normal_Driving
2026-03-10 23:59:19.820943,-0.020134871030969365,-0.025112861670040197,9.798005847574217,-0.001628864410525665,-0.01225017333279286,-0.009804225561026676,59.7317769726377,Normal_Driving
2026-03-10 23:59:19.870943,-0.012474521891005987,-0.01649992799531098,9.79558724574866,-0.01612858968598081,-0.02008486217711611,-0.007624927269186331,59.64803405680006,Normal_Driving
2026-03-10 23:59:19.920943,0.04048874904235565,0.007236656193621124,9.823176885049323,0.0064920000918998865,0.01076725196583345,0.008068088502778691,60.030436435698654,Normal_Driving
2026-03-10 23:59:19.970943,0.01940468196250425,0.004337460405337867,9.817070905967741,-0.006457472541556443,0.011215988492333878,-0.000440537291851032,59.76369294654744,Normal_Driving
2026-03-10 23:59:20.020943,0.012296054734043993,0.01284137892331334,9.822527712158482,0.001017257798868766,0.004200935303848764,0.007885093469660952,60.03522931124667,Normal_Driving
2026-03-10 23:59:20.070943,-0.054575598049156224,-0.030145043176931993,9.760099505138179,-0.008965034057764214,-0.01938399804678527,-0.018352337126739723,60.324152482529136,Normal_Driving
2026-03-10 23:59:20.120943,0.015528953640993024,0.025893508513349532,9.832143638985936,0.014869900047614331,0.0060787799480714775,0.002558231413099403,59.67290815739749,Normal_Driving
2026-03-10 23:59:20.170943,0.015521337074019094,-0.0065616714731879956,9.813732444949133,-0.0024733329344319268,-0.004722382984276225,-0.006038011948944796,59.93396116181858,Normal_Driving
2026-03-10 23:59:20.220943,0.007621210875179318,-0.01740430215257427,9.811043173057174,0.009902563126389385,0.002498482434443994,-0.0020619056284126034,60.18103503080904,Normal_Driving
2026-03-10 23:59:20.270943,-0.022030660841597362,-0.017778425705831546,9.774401428480697,-0.005548209067494172,-0.014236510590855197,-0.006105859494563603,59.752438080480616,Normal_Driving
2026-03-10 23:59:20.320943,-0.014847613482944014,0.0069628942610197725,9.816917775793396,0.0027915032769686462,0.007632906208755346,0.0029670607411339932,60.140906699627266,Normal_Driving
2026-03-10 23:59:20.370943,0.00614067516644301,0.02816362585238582,9.825195572922745,0.0038708351669841912,-0.0010337212846105275,0.006779488673235637,60.14342337386721,Normal_Driving
2026-03-10 23:59:20.420943,0.003709585729893312,0.005272832639979659,9.807074642360652,-0.0018194698458006875,-0.0013160877247247195,-0.00208862647850467,60.13537387174149,Normal_Driving
2026-03-10 23:59:20.470943,-0.037638493019454614,-0.02973974119763346,9.76933938116099,-0.021036412966530034,-0.021342214740796672,-0.02285970907874333,59.99705775276387,Normal_Driving
2026-03-10 23:59:20.520943,0.015330630454123629,0.049200889953392564,9.841947252945577,0.021520750238607514,0.00532564325592976,0.004555788340815162,59.96373002682876,Normal_Driving
2026-03-10 23:59:20.570943,0.010055919724534483,-0.003106129833909825,9.81215754069771,0.00411673169372513,-0.002386094036709156,-0.00927286103379134,60.19171126264451,Normal_Driving
2026-03-10 23:59:20.620943,0.015440726300700567,0.025972437320805668,9.805805012235288,-0.0008181744649875368,0.003960537301272869,0.002005456264747442,59.392209272915586,Normal_Driving
2026-03-10 23:59:20.670943,-0.03178395330429161,-0.05155891042849507,9.770173547979823,-0.007716104493810993,-0.016955077571843485,-0.01733176400812231,59.94212819516082,Normal_Driving
2026-03-10 23:59:20.720943,0.016767598534458864,0.05248393166566577,9.823442726197008,0.015030702536037343,0.007553441434272785,0.004224930794624678,59.524734999033086,Normal_Driving
2026-03-10 23:59:20.770943,0.02107291458390638,0.007154237425451072,9.808295533473537,0.017622546610704733,0.01522834526643503,0.011153900349654185,59.357998162676466,Normal_Driving
2026-03-10 23:59:20.820943,0.0043262987613285914,-0.0063591827262733025,9.796813763306847,-0.004072826635827613,-0.021957418911484776,-0.004901594233969752,60.01781658208027,Normal_Driving
2026-03-10 23:59:20.870943,-0.0401410520243932,-0.025885493532133447,9.79904637724518,-0.009240618464152523,-0.0013020981217670737,-0.01864116778435099,60.14088409102416,Normal_Driving
2026-03-10 23:59:20.920943,0.02295301736467766,0.04455846290034644,9.81587990963492,0.009023011965386653,0.005582632452668542,0.014110217570083225,60.268466487244915,Normal_Driving
2026-03-10 23:59:20.970943,0.005698464891059553,-0.009607858340356252,9.823890699984082,0.0012438998936448748,-0.0024034766200344464,-0.0046936422829689985,59.79429319084637,Normal_Driving
2026-03-10 23:59:21.020943,0.026634599007312527,0.014364829541994072,9.823575949208132,0.009889090321842525,0.003534744494022723,0.0038948278120611263,59.659736780833896,Normal_Driving
2026-03-10 23:59:21.070943,-0.053954292884841965,-0.04195186132617344,9.780746456031993,-0.0263031953332144,-0.021856805109218558,-0.016425422568311122,59.74069890886587,Normal_Driving
2026-03-10 23:59:21.120943,0.032502993181554016,0.026597502684314638,9.840482633208333,0.008265541614367058,0.010221366686330526,0.015529598213902939,60.22898448104041,Normal_Driving
2026-03-10 23:59:21.170943,-0.012381084448802305,0.014828771050474544,9.800743662874945,0.003249960048178649,0.003830411868547739,-0.0004886075694844842,59.68103307823585,Normal_Driving
2026-03-10 23:59:21.220943,-0.017223237664396013,-0.012363887278928105,9.807306024381537,0.003006612097021984,-0.008051743399724498,-0.007702609488807226,59.33028901422055,Normal_Driving
2026-03-10 23:59:21.270943,-0.030973933090330523,-0.027923298414445002,9.797121388531963,-0.0048484000085134114,-0.004804726953580158,-0.007283914340148695,59.99732733212155,Normal_Driving
2026-03-10 23:59:21.320943,-0.0079302548530269,0.012014428379227464,9.809441509772087,0.01911066449367192,0.009388969095032229,0.009669751677214672,59.99216045055563,Normal_Driving
2026-03-10 23:59:21.370943,0.004840265386725228,-0.006923014752874461,9.82259399463097,0.014832276047938683,-0.008437833096955824,0.0037464774447446645,60.17046518464995,Normal_Driving
2026-03-10 23:59:21.420943,-0.0072510298954740985,0.0032961048601288794,9.792106658269553,0.008844331922214555,0.0058632885212496245,0.01820648495136731,59.84113057111426,Normal_Driving
2026-03-10 23:59:21.470943,-0.05191916035207963,-0.045814733430097454,9.792335616904053,-0.011639883381523563,-0.017184519457264152,-0.010344247553392853,59.80735018113477,Normal_Driving
2026-03-10 23:59:21.520943,0.042921109993641564,0.02705793575245953,9.860615406153075,0.022732429029177444,0.023788264072145907,0.007273707488210716,59.55568355156636,Normal_Driving
2026-03-10 23:59:21.570943,-0.004674204050517531,-0.02540718347041582,9.823432772186132,-0.013325131351962106,-0.0036544980237624915,-0.01011503728766847,59.86714325376493,Normal_Driving
2026-03-10 23:59:21.620943,-0.01668072510227151,-0.0019092910536922156,9.790557470788595,0.0020816304542919366,0.0024450272656157206,-0.012351660333362737,59.716626943591436,Normal_Driving
2026-03-10 23:59:21.670943,-0.029654324313402,-0.04594887092964535,9.7857487727791,-0.018315647387261894,-0.001174503587795266,-0.01345081551718487,59.40686671074658,Normal_Driving
2026-03-10 23:59:21.720943,0.03485951796472561,0.014747928519960702,9.832346027359502,0.011737416989062593,-0.000662368894572482,0.013580325731028211,60.18933826343664,Normal_Driving
2026-03-10 23:59:21.770943,-0.008316545240198498,-0.005312716018863397,9.793032166797378,0.0012051856074133754,-0.007074333474063929,0.00921196542611513,60.33387275246158,Normal_Driving
2026-03-10 23:59:21.820943,-0.018688622684038085,0.002769846359087759,9.83299102102661,-0.0031786806800942835,-0.012044450582277143,0.004756203140605897,60.494399607808454,Normal_Driving
2026-03-10 23:59:21.870943,-0.035003932862834805,-0.04473484844986963,9.800819422943352,-0.02139184044693485,-0.017767667901522014,-0.02249837385001473,59.73247326429539,Normal_Driving
2026-03-10 23:59:21.920943,0.035333078446818295,0.04767666989912219,9.831529986941797,0.026497060127145023,0.020571808277275252,0.02255196790282387,59.82562806758193,Normal_Driving
2026-03-10 23:59:21.970943,-0.022186570637055127,0.0018718020802072077,9.778736185923803,-0.007762341161773235,-0.006661918016933219,-0.0011326256363648557,59.93224360318687,Normal_Driving
2026-03-10 23:59:22.020943,0.024448385252217375,-0.020649327107438515,9.802686736538815,0.002187247536945154,0.009223358402826834,0.0047486528101067715,59.08491213859055,Normal_Driving
2026-03-10 23:59:22.070943,-0.04545311650711721,-0.035613336029799506,9.791123517753919,-0.015689744854400545,-0.01513808103001101,-0.021619246458017303,60.30425957705674,Normal_Driving
2026-03-10 23:59:22.120943,0.02451516036059259,0.02113658852811766,9.847469010935436,0.008767795220162574,0.017620913801033186,0.013443183381536902,59.599465171394044,Normal_Driving
2026-03-10 23:59:22.170943,-0.0012965654168505016,0.007231249300817162,9.807361891908437,0.009588561936955654,0.00022720387908242538,0.00465498736875185,59.764660247448305,Normal_Driving
2026-03-10 23:59:22.220943,-0.0072100694156846026,-0.01389455609016507,9.78692083749835,-0.004523146256793204,-0.005300482245818869,-0.008005826415021997,59.95902008315399,Normal_Driving
2026-03-10 23:59:22.270943,-0.018826790872920142,-0.023958304489913734,9.793921553482246,-0.008067737513829783,-0.007125150416773834,-0.0008347830592382293,59.49278397558044,Normal_Driving
2026-03-10 23:59:22.320943,0.018576005372354234,-0.004163394604297859,9.831470690156799,0.020616793973252213,0.018789361528838904,-0.0067827012378885825,59.67170628979598,Normal_Driving
2026-03-10 23:59:22.370943,-0.003597682030200381,0.003278891501137876,9.817351152111389,-0.00036338926053676316,-0.0050917728797288415,-0.0040315761445392125,59.982166847781144,Normal_Driving
2026-03-10 23:59:22.420943,0.031487938036680735,-0.0018571209433984777,9.818042919865071,-0.0007131491828687277,-0.0024572190388476075,0.007326865432152709,59.7881118426619,Normal_Driving
2026-03-10 23:59:22.470943,-0.026700376715481894,-0.054447795302035557,9.768525472980622,-0.013865334554631004,-0.026853860284812296,-0.030352960246502594,60.56078414378537,Normal_Driving
2026-03-10 23:59:22.520943,0.024238358223115933,0.04470736256022868,9.858474604630558,0.012916589788451671,0.01678538226480265,0.021455725333233453,59.547660442546814,Normal_Driving
2026-03-10 23:59:22.570943,0.00261024305120062,-0.0009374560886327792,9.803750226399229,-0.0038473794541533566,-0.003676061209858184,0.0019385512819395626,59.75695495224003,Normal_Driving
2026-03-10 23:59:22.620943,-0.0018817682981604284,-0.0045683894206099435,9.802411263329775,-0.0013680032421736748,-0.007676331469768203,-0.00967593822638286,60.026654994866036,Normal_Driving
2026-03-10 23:59:22.670943,-0.010568855511484015,-0.019819862549866712,9.776985112712797,0.00659395109012367,-0.004654265589156065,-0.008747682218395747,60.027023700302856,Normal_Driving
2026-03-10 23:59:22.720943,0.0020243515541425866,0.02802603999466885,9.839326862582936,-0.00013928523395334222,0.011588406731837652,0.013690674826157014,59.7588961581769,Normal_Driving
2026-03-10 23:59:22.770943,-0.009834551499164172,0.01389708330055879,9.824719488096427,-0.0021700437877683137,0.0009268615127015559,-0.008160831104541265,59.782511207213425,Normal_Driving
2026-03-10 23:59:22.820943,-0.011388038768865233,-0.010198581145484116,9.792408968143636,-0.0061822280181965,0.0003995680525691286,0.013459039186802165,60.60661533522205,Normal_Driving
2026-03-10 23:59:22.870943,-0.011301223054301875,-0.02048334500703028,9.793730924382523,-0.013226678397165863,-0.022598061815887152,-0.003689468349277544,60.08296281770385,Normal_Driving
2026-03-10 23:59:22.920943,0.04313016178601474,0.044474564973530945,9.850657898514584,0.012266517377214996,0.019951800930565654,0.021083734071280197,60.19657971892911,Normal_Driving
2026-03-10 23:59:22.970943,-0.02665092295909771,-0.0007262445357625949,9.795680211917704,-0.015364367194981032,0.005180070546973631,-0.00489628853478888,59.78272155270681,Normal_Driving
2026-03-10 23:59:23.020943,-0.0052744663969376835,0.005689974926865708,9.817539431731321,0.011133349356679114,-0.006993859567673514,-0.004325849383580868,59.86519397051335,Normal_Driving
2026-03-10 23:59:23.070943,-0.03461349276570451,-0.026668298355732846,9.779065478325872,-0.00503942458491534,-0.0045558708867842355,-0.006084352114817591,59.8359723450216,Normal_Driving
2026-03-10 23:59:23.120943,0.015853656166515857,0.0387889370113101,9.831300889745084,0.004088905886723574,0.01993057532632065,0.014209751849205088,60.1650918165656,Normal_Driving
2026-03-10 23:59:23.170943,0.021678161486499967,-0.004230248962688209,9.825063652687975,-0.0028452111294282904,0.0058724789047659275,-7.150912750594068e-05,60.49463071834125,Normal_Driving
2026-03-10 23:59:23.220943,-0.024127114302994048,-0.024204743679410085,9.829150904044347,-0.015029223053102395,-0.006143444421467524,-0.006315985179685487,59.7429928900397,Normal_Driving
2026-03-10 23:59:23.270943,0.0022361771436659565,-0.03131170001907015,9.780254766193169,-0.008708531373103057,-0.018295143126538963,-0.008729669061451237,59.98488901495344,Normal_Driving
2026-03-10 23:59:23.320943,0.04095472305928457,0.034931128418395574,9.840341713877393,0.011129511464257495,0.021783166042284023,0.01348009023205764,59.949001375901375,Normal_Driving
2026-03-10 23:59:23.370943,-0.019189977341116396,-0.010347777804707338,9.79182917996086,-0.010654613198713202,-0.010049502499503104,0.006082238055181103,60.19837139581543,Normal_Driving
2026-03-10 23:59:23.420943,-0.011717871492403576,0.010370316746029144,9.821973027335346,0.002837511481040211,0.006871045034134939,0.003251018859532249,59.90079779099783,Normal_Driving
2026-03-10 23:59:23.470943,-0.01794203674018885,-0.014025914921889105,9.76955346208037,-0.019594554628158713,-0.012676089892445792,-0.0014215903299073917,59.49217200911078,Normal_Driving
2026-03-10 23:59:23.520943,0.009578792438724438,0.012866663776798792,9.846334554135042,0.012990223775704576,0.014643574038074585,0.015851504847316983,59.945968260212666,Normal_Driving
2026-03-10 23:59:23.570943,0.012103959512087994,-0.01603696642214673,9.805128372039928,-0.01310437104317091,0.003011226745147636,-0.0016204102939842546,60.02007972886728,Normal_Driving
2026-03-10 23:59:23.620943,-0.0361401152947395,-0.018581503179339442,9.794965817531374,-0.012612726793558075,-0.019696674671559077,-0.0015910039151702379,59.86298125460173,Normal_Driving
2026-03-10 23:59:23.670943,-0.024130705530049437,-0.01930675650837379,9.779062365956882,-0.002567890636491095,-0.008259366221831689,0.003346330065257856,60.11672271429356,Normal_Driving
2026-03-10 23:59:23.720943,0.017827676959934625,0.019875107005438725,9.823296999576431,-0.005715101411957741,0.007708045996108774,0.005096236737460826,59.52237084035135,Normal_Driving
2026-03-10 23:59:23.770943,-0.0012999424722597037,-0.003755035043600087,9.797898000988186,-0.00037765314319188157,0.0026175491292810974,-0.005565178847756122,59.74315914452442,Normal_Driving
2026-03-10 23:59:23.820943,-0.008406003240959121,-0.0057394893986979015,9.809028057619567,-0.0025052101181107585,-0.013931550547151129,0.001991914940261768,59.70886993282854,Normal_Driving
2026-03-10 23:59:23.870943,-0.020532391391179832,-0.002824193715324507,9.77682220178813,-0.013291202729715325,-0.016822215824142842,-0.020120075628717912,60.198299265703895,Normal_Driving
2026-03-10 23:59:23.920943,0.03284607157370541,0.03402736342625187,9.842894663812636,0.021206437625628124,0.018072408873494386,0.018611441429788173,60.010284890849135,Normal_Driving
2026-03-10 23:59:23.970943,0.012987053932788045,-0.017144124662338844,9.809433808125458,-0.0076958510606229885,0.007128987989969017,0.0014142936469545295,59.81300138218851,Normal_Driving
2026-03-10 23:59:24.020943,-0.006105481154204785,-0.01575468767614822,9.803501067539562,-0.009482186325620125,-0.005689841262040258,-0.011063078613553238,59.46654152575403,Normal_Driving
2026-03-10 23:59:24.070943,-0.024203018211646173,-0.00693376541961392,9.822382132314607,0.0015378185408263176,-0.0023654972549944733,0.003347153061046112,59.38447396610265,Normal_Driving
2026-03-10 23:59:24.120943,0.021223706757465002,0.019558624122100625,9.835933124184875,0.012559200153769852,0.009456683009110444,0.016041056814025546,60.05842912089938,Normal_Driving
2026-03-10 23:59:24.170943,-0.0022274213508379267,0.014377034515631062,9.810724649334515,0.007602802516682425,0.0001243710405343726,0.004617568714237378,60.11521825675684,Normal_Driving
2026-03-10 23:59:24.220943,-0.03338903777070025,-0.009515739273559198,9.801986969336522,-0.003731389123444389,-0.005185026009102412,-0.008602767442673765,59.98328835692529,Normal_Driving
2026-03-10 23:59:24.270943,0.0032736092383844166,-0.023437291522114646,9.80605954516535,-0.019514310708526834,-0.01185614664414755,-0.012599817586034828,59.516405515132014,Normal_Driving
2026-03-10 23:59:24.320943,0.04338587226441175,0.031480374647179,9.84651435736811,0.019835284817245565,0.008015431141982683,0.008610431588957876,59.26535321211169,Normal_Driving
2026-03-10 23:59:24.370943,-0.022099699110627282,-0.00668767097051775,9.807957263635684,-0.015673234100466622,-0.00857916030906587,-0.011954572787910294,60.284259876609525,Normal_Driving
2026-03-10 23:59:24.420943,-0.002013903287391037,0.0006434211288132092,9.799980389330457,-0.007335895614349734,-0.0007475681018334949,-0.006799597591840997,60.026428342911885,Normal_Driving
2026-03-10 23:59:24.470943,-0.008600084358455582,-0.021061274677175376,9.796863943166526,-0.0016998211521240857,-0.002425084459276108,-0.010823740637839812,60.210134076130956,Normal_Driving
2026-03-10 23:59:24.520943,0.003290217827276811,0.007681993378501015,9.817941739037728,-0.0026242102925682353,0.004616922556626266,0.013589555616366673,59.56946105597812,Normal_Driving
2026-03-10 23:59:24.570943,0.0031358450022578414,-0.00795862458484436,9.822009931903978,0.009220096828772773,0.008108574306471834,0.012314065078448556,60.07877996254532,Normal_Driving
2026-03-10 23:59:24.620943,-0.022537158484498186,-0.048424498694034646,9.789145829362882,-0.025582838670546105,-0.02010119408736962,-0.009417463808495462,59.88861345599938,Normal_Driving
2026-03-10 23:59:24.670943,0.009824241747936613,-0.00475345072073246,9.83112861672893,-0.00020843634260398793,-0.009157735083531831,-0.0035827831236167544,59.30170914499619,Normal_Driving
2026-03-10 23:59:24.720943,-0.0014605011451141875,-0.01211997382770668,9.830286236808776,0.006883273599537948,0.012973411225203419,0.011264941859036324,59.921451915794286,Normal_Driving
2026-03-10 23:59:24.770943,0.005385591737871476,-0.014402871387305562,9.804370317647015,-0.003724722687073948,-0.00940242074077465,-0.0007013955631911852,59.586908337004346,Normal_Driving
2026-03-10 23:59:24.820943,-0.014660558067576778,-0.01891071206602447,9.77900688054553,-0.019007385607581535,-0.00461604514403209,-0.0141406279426251,59.87748316855288,Normal_Driving
2026-03-10 23:59:24.870943,-0.010566740498582666,-0.014949483619350055,9.819075407645455,-0.0061053456453646895,-0.009768890045095497,-0.0036965783918470963,59.954968918376125,Normal_Driving
2026-03-10 23:59:24.920943,0.02874735145071513,0.02399449185268432,9.817864689118496,0.01635828710031924,0.0012834231887593715,0.018023086003241727,60.30861712673945,Normal_Driving
2026-03-10 23:59:24.970943,-0.015804505979910052,0.005202634908127597,9.80238690000737,0.0012598024893139238,-0.003247880141168869,0.006908720646441453,59.84521688392956,Normal_Driving
2026-03-10 23:59:25.020943,-0.030821384745893993,-0.036684470494314995,9.78707206537739,-0.009706078356567182,-0.009920204306887849,-0.01987629069802184,59.97168494524867,Normal_Driving
2026-03-10 23:59:25.070943,0.0018720959873149267,0.00981747953107911,9.815006520094917,0.0014481747869522347,-0.002047266408179031,0.0037469392569237873,59.76662977776707,Normal_Driving
2026-03-10 23:59:25.120943,0.010090291045742108,0.005186542670289584,9.829785191381838,0.012514133157853663,-0.00255454548060419,-0.00454662566021013,59.83121122214536,Normal_Driving
2026-03-10 23:59:25.170943,-0.002843855975150399,0.025080633397660597,9.802139190195447,0.004282876203732073,0.00945866234638722,9.804080150013945e-05,59.60410839038106,Normal_Driving
2026-03-10 23:59:25.220943,0.013049840929949545,-0.002723935052648772,9.805665062604785,0.0035302373259638174,-0.005567378851947406,0.006604588634331571,59.67311766673539,Sharp_Turn
2026-03-10 23:59:25.270943,0.01907844623209716,-0.2823877694417528,9.828287841227926,0.031717826820399586,0.007838905001608215,-0.1910819236121299,59.737696621518815,Sharp_Turn
2026-03-10 23:59:25.320943,0.039597539090270015,-0.5485186221818317,9.835501018073998,0.05001939365322865,0.01636916018316065,-0.39170565907966737,59.4984839421938,Sharp_Turn
2026-03-10 23:59:25.370943,-0.026334454299368436,-0.8886611494350767,9.777825958551519,0.04419873343206834,-0.026686482567616607,-0.6006167397364566,59.600078113078055,Sharp_Turn
2026-03-10 23:59:25.420943,0.021677071398443357,-1.1103660277453251,9.847115230904153,0.09126438145069471,0.004033209550580751,-0.7756045791353228,60.08027043475649,Sharp_Turn
2026-03-10 23:59:25.470943,0.011461127040021333,-1.401475684500774,9.819321336054239,0.12777964468750153,0.009600085549922636,-0.9603444051052612,59.20043177087672,Sharp_Turn
2026-03-10 23:59:25.520943,-0.0008867815135215756,-1.6964598651691933,9.803101873287611,0.1186388336309165,-0.010869354775321279,-1.1610133793839748,59.685411228524096,Sharp_Turn
2026-03-10 23:59:25.570943,-0.015911945796254035,-1.9807526939233264,9.798653878675658,0.14167345681356497,-0.004634972981984544,-1.3650520292386967,59.632771145663654,Sharp_Turn
2026-03-10 23:59:25.620943,0.0004298788224843821,-2.216627990054713,9.827787707565896,0.16832198952713184,-0.0023516558738968965,-1.5302031561042873,59.69732882124973,Sharp_Turn
2026-03-10 23:59:25.670943,0.017880220990499237,-2.476458011720525,9.837434990988049,0.19029772521108757,0.0054824480414114455,-1.695631220316835,59.58331223398674,Sharp_Turn
2026-03-10 23:59:25.720943,0.021611252021691122,-2.7159989149437918,9.809159565298188,0.20839205662277752,0.004898484754778698,-1.8827373215758199,59.42216521214196,Sharp_Turn
2026-03-10 23:59:25.770943,-0.04651734881796083,-3.023010898445831,9.788159842326868,0.19675918874856996,-0.006550702315408866,-2.0692538533330085,59.83088099979276,Sharp_Turn
2026-03-10 23:59:25.820943,0.024277070869588042,-3.169578714095251,9.850354411813854,0.24835570051200417,0.006216819964593585,-2.208240149146088,59.63559050220929,Sharp_Turn
2026-03-10 23:59:25.870943,-0.010575038180510333,-3.4496382438769215,9.81048579896533,0.25485357424766597,0.004515778927545562,-2.365048040853001,59.91567863695553,Sharp_Turn
2026-03-10 23:59:25.920943,0.006265592003728434,-3.6621682465468677,9.805589008545224,0.276073189545642,-0.004936046645471136,-2.5063133036011487,59.916890839272284,Sharp_Turn
2026-03-10 23:59:25.970943,-0.01989188884765438,-3.863886150438401,9.789768388845639,0.2825042696336905,-0.0037875528909042814,-2.658985634724785,59.57346935214813,Sharp_Turn
2026-03-10 23:59:26.020943,0.008282093834544542,-4.050588454674072,9.808572517398611,0.29901729622505263,0.015321583964173546,-2.788983182545278,59.596214109178305,Sharp_Turn
2026-03-10 23:59:26.070943,0.010274602239784292,-4.2119903622298995,9.826293555494905,0.31816324609348157,0.014762589602333513,-2.9091846874181795,59.23220857428654,Sharp_Turn
2026-03-10 23:59:26.120943,0.026198685059942543,-4.393919741699301,9.81122797299474,0.3186651663568301,0.015265115052511704,-3.0350896120254953,59.81527281722893,Sharp_Turn
2026-03-10 23:59:26.170943,-0.03343520037193636,-4.587386029762092,9.758242771837995,0.32192634769546324,-0.015935500335136903,-3.147863326385531,59.36430019303715,Sharp_Turn
2026-03-10 23:59:26.220943,0.038213075775555126,-4.670238486670605,9.836851120776474,0.36383537338686744,0.011690373168570096,-3.237842414867312,59.65307171235501,Sharp_Turn
2026-03-10 23:59:26.270943,-0.0016464538258002311,-4.843984127876241,9.799840554080717,0.35049961937624236,-0.0034969390466998186,-3.3364494973773686,59.316068232892235,Sharp_Turn
2026-03-10 23:59:26.320943,-0.003203642178926361,-4.948133132125246,9.84241496388138,0.3795755483514016,0.004772980375932529,-3.4035701857104494,59.88731625835944,Sharp_Turn
2026-03-10 23:59:26.370943,-0.02445666314626712,-5.091076351008095,9.790728296732778,0.36253246672660355,-0.01792404717729454,-3.497948703153276,59.79681903115179,Sharp_Turn
2026-03-10 23:59:26.420943,0.01985905147554321,-5.152000595516781,9.86015836454434,0.3913086873788961,0.008596110791817614,-3.5407211635683606,59.15547064448373,Sharp_Turn
2026-03-10 23:59:26.470943,0.0021513475245157534,-5.211820183599771,9.798920541567028,0.39001250401314774,0.007981429818677629,-3.5933265315568774,59.288190418789014,Sharp_Turn
2026-03-10 23:59:26.520943,-0.022156468089588374,-5.305356507522126,9.799581653430202,0.40060410376903305,0.01207881399204389,-3.6389643538855223,59.66090098106773,Sharp_Turn
2026-03-10 23:59:26.570943,-0.025904070389725184,-5.349303475835341,9.773499883278488,0.3788439063419008,-0.01527999230770503,-3.683060629656963,59.69208558798062,Sharp_Turn
2026-03-10 23:59:26.620943,0.013564887152153968,-5.319544382932422,9.84366257080518,0.4151683473423182,0.01950760451755311,-3.671285990370309,59.690319243087664,Sharp_Turn
2026-03-10 23:59:26.670943,-0.018437443483328868,-5.3794550315323075,9.797797783941949,0.3909726874341993,-0.011743173702166262,-3.718117818391081,59.878351959851734,Sharp_Turn
2026-03-10 23:59:26.720943,0.0018185155782216664,-5.368601096474412,9.832197716335836,0.4075773571243744,-0.0037945773890667453,-3.69629441746549,59.944736079450394,Sharp_Turn
2026-03-10 23:59:26.770943,-0.03531346867747555,-5.399918894949014,9.777738391231898,0.37932836208585646,-0.022018775331021347,-3.709517084552414,59.79380975736399,Sharp_Turn
2026-03-10 23:59:26.820943,0.033601153831062394,-5.296508715792133,9.851278548026215,0.4206187933383467,0.01357514592435614,-3.6596507217781244,59.3836914579268,Sharp_Turn
2026-03-10 23:59:26.870943,-0.005065950945535161,-5.301602919436828,9.832620945091287,0.3993662945552471,0.017357818519369086,-3.6362461272033237,59.722284935889675,Sharp_Turn
2026-03-10 23:59:26.920943,0.013731553887380378,-5.245303501924045,9.820261007917678,0.3775487548942515,-0.01758960127290174,-3.606741925766102,59.70378342727402,Sharp_Turn
2026-03-10 23:59:26.970943,-0.017551071221882666,-5.175451801410887,9.796670321252845,0.3576277208602037,-0.01267556264870719,-3.5480452974065986,59.46021791692168,Sharp_Turn
2026-03-10 23:59:27.020943,0.025425617705026222,-5.0243796171136665,9.841870277684492,0.39615522428631383,0.012512982777750446,-3.4706503563704842,59.44422439215961,Sharp_Turn
2026-03-10 23:59:27.070943,-0.01238177626087648,-4.978193531210884,9.80480236363947,0.3707001287397511,-0.018736882761667985,-3.4139434179077863,59.62412972619283,Sharp_Turn
2026-03-10 23:59:27.120943,-0.003727743341819356,-4.832500772044155,9.793772484750054,0.35576796128863164,0.0013643971963337366,-3.3236455588162657,59.82487906282659,Sharp_Turn
2026-03-10 23:59:27.170943,-0.02691590219711986,-4.735779474515516,9.784092333514392,0.3286939815346627,-0.012616357321316746,-3.2580944266311,59.63352322169011,Sharp_Turn
2026-03-10 23:59:27.220943,0.026253880561474277,-4.52768880455831,9.851130540454603,0.3572689855013237,0.026090169171957403,-3.1308741174231183,59.49619148883102,Sharp_Turn
2026-03-10 23:59:27.270943,-0.0032020055147620515,-4.391477978643288,9.791619987742903,0.32729573289198644,-0.010266099289105235,-3.0267782841786333,59.933124842493896,Sharp_Turn
2026-03-10 23:59:27.320943,-0.021347110324622387,-4.24578604547145,9.79347357632134,0.2950561018112509,-0.001854840827395422,-2.9307300528418434,59.401144133427884,Sharp_Turn
2026-03-10 23:59:27.370943,-0.027260173853988004,-4.059419915207195,9.805240839250283,0.29324894574893806,-0.004494591887129692,-2.7938877963748103,59.47472288723777,Sharp_Turn
2026-03-10 23:59:27.420943,0.021448529696005136,-3.806900572400358,9.83534055708797,0.2961407740202733,0.008799373094590704,-2.6502400657304848,59.563000773156645,Sharp_Turn
2026-03-10 23:59:27.470943,0.011651011722871004,-3.6477616972154303,9.819506474384855,0.2691835699044453,0.0029327640835799906,-2.5119877712698275,59.74703162180039,Sharp_Turn
2026-03-10 23:59:27.520943,0.0038162156910796522,-3.4258691965276964,9.795884168803747,0.2637255890795388,-0.005641662812267851,-2.36245620124193,59.39825583697525,Sharp_Turn
2026-03-10 23:59:27.570943,-0.003066431863699374,-3.231715040982571,9.783744650806021,0.2207629617937669,-0.005020681595348288,-2.2199532556411414,59.56184459644643,Sharp_Turn
2026-03-10 23:59:27.620943,0.022357717575299564,-2.9542571226375713,9.842528179643196,0.2318484964313288,0.019749071484399743,-2.028944556420377,59.34189694195014,Sharp_Turn
2026-03-10 23:59:27.670943,0.009128610121508177,-2.736974543230511,9.810363651721115,0.1950159726510817,0.00247174172048856,-1.8880063208232263,59.74767061025447,Sharp_Turn
2026-03-10 23:59:27.720943,-0.02840669723224482,-2.5054741786335857,9.807365085196194,0.19260116047266254,-0.006045857444988451,-1.7215821772828912,59.84873134731734,Sharp_Turn
2026-03-10 23:59:27.770943,0.02641520552176226,-2.243253907320091,9.817472422237808,0.16693760856426504,-0.004513009469024682,-1.5325066172780613,59.6571196338382,Sharp_Turn
2026-03-10 23:59:27.820943,-0.0006737922621047453,-1.9623974350348496,9.820719793477389,0.1549446660906775,0.010144869481823816,-1.338825728326232,59.88170896344384,Sharp_Turn
2026-03-10 23:59:27.870943,0.005082539688404381,-1.6838376285136127,9.817569279927088,0.12639101460483712,-0.00670813255625618,-1.1650251731802268,59.70266806702754,Sharp_Turn
2026-03-10 23:59:27.920943,-0.025255287695188856,-1.42690543577642,9.783230121141472,0.09473348264243428,-0.008972879106015576,-0.9841146430849539,60.04459818900786,Sharp_Turn
2026-03-10 23:59:27.970943,-0.021447355867879644,-1.1388579825964193,9.807798931676023,0.06523575566637999,-0.0017793253915572055,-0.7762306601125694,59.2943797277681,Sharp_Turn
2026-03-10 23:59:28.020943,0.020143813372391843,-0.8215368299586961,9.836242245252908,0.08432430625830295,0.01305950632234831,-0.567431533401703,59.65665685601233,Sharp_Turn
2026-03-10 23:59:28.070943,0.01736636398450704,-0.5921054815773183,9.80435040909697,0.04160410479810339,-0.007178495824461159,-0.3959279422146959,59.756046935064965,Sharp_Turn
2026-03-10 23:59:28.120943,-0.004962438100459753,-0.29786135712445316,9.815586061121158,0.00563420367831444,-0.011729397301544379,-0.1971912893275801,59.709978695503935,Sharp_Turn
2026-03-10 23:59:28.170943,-0.008884424841206455,-0.0010288004114709934,9.807151453559676,-0.008383735016738171,0.0018007052386607536,0.0002772500375916866,60.021304907184565,Sharp_Turn
2026-03-10 23:59:28.220943,-0.003600400015280304,0.0015242110621152564,9.796658738663526,-0.00912502541483492,-0.0034042262542916487,0.0002949527646544157,60.082207323668015,Normal_Driving
2026-03-10 23:59:28.270943,0.009373696738204648,-0.015378166257270119,9.835182088401755,0.008813035908146027,0.0007843061899724434,-9.791492227466739e-05,59.96288984984539,Normal_Driving
2026-03-10 23:59:28.320943,0.008248270895330811,0.0013384826838823936,9.821845983553597,0.005521206032539806,0.0008468366121796396,0.0014127723764010814,59.5488029144154,Normal_Driving
2026-03-10 23:59:28.370943,-0.05070171364000736,-0.02377128449828267,9.782953130178669,-0.005962778979155387,-0.011823924744456022,-0.017676161101430117,59.61172324825153,Normal_Driving
2026-03-10 23:59:28.420943,0.025054736485379484,0.0009408660158634228,9.823254413758566,0.0009366996495976101,0.008774365062160627,0.0016530646658427248,59.99926011964748,Normal_Driving
2026-03-10 23:59:28.470943,0.022486711687671888,0.024745012297909846,9.816023584859886,0.024396087624141256,0.013152055547019918,0.010979748707177998,60.60196743830306,Normal_Driving
2026-03-10 23:59:28.520943,-0.008113607712463687,-0.0040867821933690904,9.805418841303279,-0.010122840127585728,-0.007773809710106283,-0.0017681712294622136,60.463843193178484,Normal_Driving
2026-03-10 23:59:28.570943,-0.022290084934749176,0.008803465475725582,9.79324300534508,0.002827925928307385,-0.015926039419440836,-0.00867901920892802,59.85499454749992,Normal_Driving
2026-03-10 23:59:28.620943,-0.02793078968522944,0.017040878369684695,9.790918888137794,-0.000872993100695593,-0.0006230058764616455,-0.000945249745610104,60.34534187246208,Normal_Driving
2026-03-10 23:59:28.670943,0.01796941154190794,0.028687181174059474,9.828607437417494,0.01550978880654175,0.01424542979786211,0.0131900397335449,60.086951087267664,Normal_Driving
2026-03-10 23:59:28.720943,0.018569589889306883,-0.003978982505269924,9.802400652584746,0.0059641177183263295,1.5612275394865684e-05,0.008101424065262593,59.74883796226835,Normal_Driving
2026-03-10 23:59:28.770943,-0.03147457968593881,-0.0374522098375108,9.77445321271863,-0.0113050186785716,-0.01362955052801149,-0.010614904137822621,59.84645834755938,Normal_Driving
2026-03-10 23:59:28.820943,0.01420802502170248,0.018427558579448656,9.827408360964732,0.012095775776240686,0.008433835006145153,-0.006831646186382651,60.029231799988274,Normal_Driving
2026-03-10 23:59:28.870943,0.017132569125998337,0.008296704792129067,9.808240761604793,0.009700664183710826,-0.004093641995387535,0.004293440650393385,60.17774375906963,Normal_Driving
2026-03-10 23:59:28.920943,-0.011266946785794247,0.015684698466218797,9.813343391824564,0.006689415864916178,-0.0005637743296671193,-0.0035925445460455348,59.92964015894664,Normal_Driving
2026-03-10 23:59:28.970943,-0.045298568167941256,-0.02681710659305746,9.788549054464418,-0.010940009889839909,-0.0027738397043798185,-0.006740975178875699,59.94938885515845,Normal_Driving
2026-03-10 23:59:29.020943,-0.013207419880267164,0.01109172352199702,9.83962566270395,0.015477149540116935,-0.00887412675484174,0.0033646479767465735,59.795243768459756,Normal_Driving
2026-03-10 23:59:29.070943,0.041713601145861326,0.02444690309447199,9.851084474569996,0.010722424369397375,0.022537076258945035,0.009100801662668138,59.88983707074164,Normal_Driving
2026-03-10 23:59:29.120943,0.015744157271636108,-0.011058362155511089,9.810525983623908,0.00494696255435235,0.007729370364389096,0.009527306405111815,59.97917442509718,Normal_Driving
2026-03-10 23:59:29.170943,-0.013069918933707056,-0.027771755873590043,9.803752443567063,-0.01028276613765267,-0.014243084663757892,-0.0036125840902539712,59.879377587122015,Normal_Driving
2026-03-10 23:59:29.220943,0.02862564724852283,0.0237986127629532,9.833507453023069,0.01324757949517457,0.007329677969345837,0.009990370672330539,59.50347769809154,Normal_Driving
2026-03-10 23:59:29.270943,-0.016115548139162557,0.004077343496011959,9.801018722716416,-0.011229023150202588,0.005021645677207238,0.005994907505177513,60.332820030616624,Normal_Driving
2026-03-10 23:59:29.320943,0.016142021206143303,0.023733769553239158,9.808799918376149,-0.004014655261918937,0.000982808639983972,0.012045674604337366,60.10265967016254,Normal_Driving
2026-03-10 23:59:29.370943,-0.028604151060302833,-0.03234321129240549,9.806864241805654,-0.021215703050672604,-0.013189389780696097,-0.014312965322800115,60.00752931426623,Normal_Driving
2026-03-10 23:59:29.420943,0.0128020019544377,-0.0027726321601927242,9.811086614319104,0.005693697356928788,0.01648028401551446,0.015638783137718618,59.93252633375528,Normal_Driving
2026-03-10 23:59:29.470943,0.020131640030206118,0.018478720619690157,9.81072858949036,0.01921057602545803,-0.0028007669237119573,0.004522082821674586,60.171465388153166,Normal_Driving
2026-03-10 23:59:29.520943,0.011145304824118022,-0.012321463375272314,9.807806178996406,0.004309086654533235,-0.007737144586311628,-0.010324673749255865,60.162486625512635,Normal_Driving
2026-03-10 23:59:29.570943,-0.02680742213118762,-0.02822075519852606,9.782492001585316,-0.013322193399773499,-0.009231649090478727,-0.024391952853260124,59.765920001294916,Normal_Driving
2026-03-10 23:59:29.620943,0.024057783388547083,0.024543658411821052,9.815256301362165,0.004467676537738676,0.004118986430781127,0.008168580134658146,60.08560418488911,Normal_Driving
2026-03-10 23:59:29.670943,0.019580401090307203,0.013452865600418116,9.819401133124396,0.007411056732964967,0.0013166551644527833,0.005886935080716417,59.79796719170733,Normal_Driving
2026-03-10 23:59:29.720943,0.019410559231793037,0.002385413714525282,9.832083127631536,0.006496273722543967,0.009578064147075287,-3.036697799804148e-05,59.579921504438616,Normal_Driving
2026-03-10 23:59:29.770943,-0.031832931212900144,-0.025081091744452808,9.769277974257609,-0.018843606322771392,-0.013258754489849218,-0.025066391302088084,59.57999792372202,Normal_Driving
2026-03-10 23:59:29.820943,0.017892208544663984,0.02645300719015406,9.83048085181447,0.014111651727795039,0.01939112248163025,0.023668674817234517,59.224437672612076,Normal_Driving
2026-03-10 23:59:29.870943,0.0050706386747618295,-0.0067548338619653845,9.812928803732788,0.007695181136122281,0.006869546022717064,-0.004153154073073923,59.86755667743558,Normal_Driving
2026-03-10 23:59:29.920943,0.021217532860647627,-0.010262875386553665,9.79909409047517,-0.004432709408337318,-0.004571622967394864,-0.00387324768952352,60.55761994196159,Normal_Driving
2026-03-10 23:59:29.970943,-0.011266954909272422,-0.0033408577251856156,9.780127944133742,-0.0037105744252996188,-0.0035972524538765305,-0.009703574738318496,60.414278468294526,Normal_Driving
2026-03-10 23:59:30.020943,0.006321349429237563,0.010630688954920161,9.81906229135101,0.004477524934581584,0.0001713055229541462,0.004491867205505143,60.09771975868214,Normal_Driving
2026-03-10 23:59:30.070943,0.007385397409197947,-0.004262830896470678,9.810648125210244,0.004610380568571583,0.0015089876410263933,0.0065493324346925855,59.83983700230981,Normal_Driving
2026-03-10 23:59:30.120943,0.01053984371309848,0.020439352052961605,9.807112543577404,0.00785108666020712,0.003912180235588095,0.010492519264873981,59.461840376997166,Normal_Driving
2026-03-10 23:59:30.170943,-0.039535135728545556,-0.036731754516243977,9.771460866045564,-0.018824958366525542,-0.01187517611232878,-0.029333519229327802,60.170140332827735,Normal_Driving
2026-03-10 23:59:30.220943,0.03412693616645939,0.024368387875907345,9.837867599454627,0.009257957197886002,0.017729948273728813,0.02052795151482296,60.1104883667066,Normal_Driving
2026-03-10 23:59:30.270943,0.024996520875240395,-0.028357803459379924,9.798915858030298,-0.0009035234394085721,0.002859755906594091,0.0014333250195799215,59.78385839437566,Normal_Driving
2026-03-10 23:59:30.320943,0.0022357043372177995,-0.0038379395658822684,9.847119287369718,-0.0033503956827700973,0.007932390475201428,0.0035604948599091413,59.70994245168042,Normal_Driving
2026-03-10 23:59:30.370943,-0.01009734053547895,-0.028641117431088894,9.774873280363208,-0.01728246008919401,-0.01649607934419516,-0.022729878714352073,60.190592336608724,Normal_Driving
2026-03-10 23:59:30.420943,0.03459223841980494,-0.006482722559836913,9.841317068301636,0.014278446326687089,0.011261817879945783,0.008096401097481182,60.36924445020662,Normal_Driving
2026-03-10 23:59:30.470943,0.025526492931237023,0.015003348893515263,9.825661690845765,0.005401466067351919,0.0022474838485545805,0.00322521277170702,59.96022408095958,Normal_Driving
2026-03-10 23:59:30.520943,-0.016760767290757664,-0.004638417792634234,9.802430412253036,-0.0006419639348694594,-0.004821486918973816,-0.0163604304229115,60.459421030939794,Normal_Driving
2026-03-10 23:59:30.570943,-0.022341048215599024,-0.036340765156237576,9.774484961906953,-0.012313147955421558,-0.025823970566630237,-0.02118924607726865,60.51239066470664,Normal_Driving
2026-03-10 23:59:30.620943,0.020853842150290746,0.03208335984288968,9.831796655002877,0.011115264904160913,0.02330278416081069,0.01134298347594229,60.87415014276698,Normal_Driving
2026-03-10 23:59:30.670943,0.009099016574599607,0.015574590290793996,9.82686878795061,0.0012962090812527523,-0.00757185014907178,-0.003657595565634778,60.25851103532167,Normal_Driving
2026-03-10 23:59:30.720943,0.035228255031288236,0.03924538122466398,9.82387114438734,0.002704218761958676,0.01107049664922866,0.0028036334474430187,59.631624132769865,Normal_Driving
2026-03-10 23:59:30.770943,-0.04661822295015219,-0.023088407090311774,9.783143373012681,-0.008193920141440566,-0.02998398622315811,-0.033588585614759296,60.090301266302255,Normal_Driving
2026-03-10 23:59:30.820943,0.022446081383152346,0.059055218211115784,9.836099388514475,0.011836805510596557,0.008024083515103685,0.010500954086319493,59.78903867154744,Normal_Driving
2026-03-10 23:59:30.870943,-0.0038745975066969644,0.0013756034945079606,9.807165175481263,0.006333836832760815,0.007562685960662176,0.00553746742601267,60.054360193600495,Normal_Driving
2026-03-10 23:59:30.920943,-0.008832165557186012,-0.029846002787635495,9.7907141794034,0.0053111728651820565,0.007388618154162988,0.0004569493276980548,59.9011132158163,Normal_Driving
2026-03-10 23:59:30.970943,-0.022630189739735157,-0.011249501783977614,9.807305674300796,-0.014649188538720343,-0.007426730663285622,-0.014970575698342925,59.93829393327804,Normal_Driving
2026-03-10 23:59:31.020943,0.027218428378422938,0.026251874079951054,9.816628389076932,0.01288350431312942,0.01809032347480121,0.013275810631346545,59.62111571133907,Normal_Driving
2026-03-10 23:59:31.070943,-0.0030476757479592797,0.009149182762541067,9.812912240521042,0.004953446322498067,0.008174397078310058,0.005225784643198072,60.16845836051247,Normal_Driving
2026-03-10 23:59:31.120943,0.02441475262101881,0.024896279028983594,9.82445805415077,0.005985557228025597,0.00043061394700266795,0.0072510270506584065,59.71959029544518,Normal_Driving
2026-03-10 23:59:31.170943,-0.035757520874827774,-0.02397902977048122,9.771572078556783,-0.020658031280976704,-0.018920081091877917,-0.019407799306179065,60.26124108990438,Normal_Driving
2026-03-10 23:59:31.220943,0.023360023534728276,0.03872455307395971,9.845438614596624,0.02326301034889623,0.01150798768043788,0.009998106673173768,59.84690578899167,Normal_Driving
2026-03-10 23:59:31.270943,-0.003514798335693586,0.011897003526799094,9.804551000181666,-0.002704202436343688,0.008921961504152448,-0.0012656542526491418,60.041973414779534,Normal_Driving
2026-03-10 23:59:31.320943,0.002873230970329868,-0.003133661269904144,9.793451468647113,0.0030554707000360563,-0.0038124295414240453,-0.0017634149406903076,60.14979587372874,Normal_Driving
2026-03-10 23:59:31.370943,-0.030056459667237467,-0.01975504753479574,9.786074258420548,-0.014700714562053524,-0.011000563927845696,-0.010180743479507832,60.042655431760835,Normal_Driving
2026-03-10 23:59:31.420943,0.028062227248940384,0.02189870474243176,9.824648116446848,0.011330785476470213,0.006285998851612044,0.005685563636614659,60.11579932006389,Normal_Driving
2026-03-10 23:59:31.470943,0.007955027906082381,0.014810201516003034,9.834849604014169,0.0021481920330866625,0.014669748797215219,0.0039710722763133715,60.68782409300034,Normal_Driving
2026-03-10 23:59:31.520943,-0.020181861385660034,0.007193213088993327,9.81084247429724,-0.0037203735069150697,-0.004514016996276578,-0.007750128047835566,59.68479673178731,Normal_Driving
2026-03-10 23:59:31.570943,-0.031040100918833118,-0.03605728597125544,9.772069244554672,-0.010171020930662118,-0.018289390684832183,-0.013184768779715255,60.256975791043054,Normal_Driving
2026-03-10 23:59:31.620943,0.048151480147040945,0.036778960095042695,9.847017635551168,0.015173306832272257,0.025572780977599276,0.015922128873242892,59.82310941210218,Normal_Driving
2026-03-10 23:59:31.670943,-0.022663499781821056,-0.008310980330069386,9.78694980520103,-0.012924278793744054,-0.013356622095648557,-0.005973698019045775,59.80368820301388,Normal_Driving
2026-03-10 23:59:31.720943,0.0019889870283977045,0.0040820778570247115,9.814533580338843,0.013137508183767872,0.009693249458672245,0.0018677854424518628,60.06878780778678,Normal_Driving
2026-03-10 23:59:31.770943,-0.021557354999313817,-0.04751545425360434,9.76776735125797,-0.02871412947919752,-0.014338435909742719,-0.017668178380458283,60.0037368644731,Normal_Driving
2026-03-10 23:59:31.820943,0.0012111030465131595,0.03393497948785406,9.828007071129408,0.016065275475638543,0.012913316513276304,0.013104718631344763,60.352228243740385,Normal_Driving
2026-03-10 23:59:31.870943,0.006469424336108512,-0.00113312019451466,9.800137327812,-0.0024256754617879733,0.01570806504800208,-0.0024689614907885096,60.162970728838445,Normal_Driving
2026-03-10 23:59:31.920943,-0.026341931946670664,-0.03506770943163948,9.798198202728214,-0.005783584070023473,-0.006874056126355981,-0.004240072977339687,59.47909602593367,Normal_Driving
2026-03-10 23:59:31.970943,-0.00993827949406571,-0.014103309192809676,9.783042281912028,-0.009011268242663273,-0.00974230538403432,-0.012495552351387948,59.83248206421623,Normal_Driving
2026-03-10 23:59:32.020943,0.046877993869666526,0.029457649297291208,9.8213210046943,0.010708944715845204,0.006230167661847166,0.0016814591336450357,60.26290781825918,Normal_Driving
2026-03-10 23:59:32.070943,-0.027630866030187284,0.0007726526423295537,9.802680781938042,0.00031444286965976375,-0.0070336017481553645,0.010905981020423004,60.00109180659513,Normal_Driving
2026-03-10 23:59:32.120943,0.001614469840357297,0.002367944803934238,9.793525752072084,-0.0031195906947319094,0.005287352576429398,0.00012647838311806566,59.96595419663087,Normal_Driving
2026-03-10 23:59:32.170943,-0.0353461826390735,-0.03411218422422826,9.783894395073204,-0.01620285341916711,-0.02901835295474893,-0.017805442034872245,60.233585449558824,Normal_Driving
2026-03-10 23:59:32.220943,0.04792156758751596,0.02714056656342689,9.826369617180282,0.01158796916127058,0.01377314742707796,0.01605412410356543,59.466691496053194,Normal_Driving
2026-03-10 23:59:32.270943,0.0037912036875106256,-0.005108247254243049,9.80416163595842,0.006881604223786874,-0.005418998140015318,-0.0003072166922688767,60.23780999164458,Normal_Driving
2026-03-10 23:59:32.320943,-0.0328017862760301,0.02007562793674143,9.786803393725283,-0.01330933014801158,0.0012701560899277737,0.0025232345639216243,59.72898010574549,Normal_Driving
2026-03-10 23:59:32.370943,-0.00702124607162884,-0.008115384641989373,9.794483990621474,-0.018567505985146872,0.003219404213413107,-0.0013459405388455978,59.46281417992456,Normal_Driving
2026-03-10 23:59:32.420943,0.026015579505461947,0.01217719205622714,9.826055254495818,0.009306016880282241,0.010322917232428223,0.014096942158832365,59.814332524467126,Normal_Driving
2026-03-10 23:59:32.470943,0.0049663941583097445,-0.017894120230478382,9.82787685452721,-0.0035638967420809557,0.012394235476617372,-0.02101069289141798,60.26755590011835,Normal_Driving
2026-03-10 23:59:32.520943,0.0008385027688902593,-0.011168333936356557,9.802882114459969,-0.0048146253638531155,-0.004412427014854715,-0.006289677425751084,60.02477380446542,Normal_Driving
2026-03-10 23:59:32.570943,-0.023491128991455563,-0.003984382334015962,9.782541642533724,-0.01782433486905778,-0.012579313214995714,-0.019917714441088575,59.930743016498205,Normal_Driving
2026-03-10 23:59:32.620943,0.03055054831927893,0.05727420185475195,9.85245513688331,0.024200830030354246,0.034793011349598175,0.02328948190942471,60.43247664173414,Normal_Driving
2026-03-10 23:59:32.670943,-0.022563120199055806,0.014340612014950979,9.781705759916521,-0.006177856704713268,-0.002723262069848658,-0.010717833838286318,59.562950842622165,Normal_Driving
2026-03-10 23:59:32.720943,-0.003164743129623909,-0.005522256016068364,9.802822397282716,-0.005521035390594663,0.003014929841677746,0.011509898197551173,60.06065456563333,Normal_Driving
2026-03-10 23:59:32.770943,-0.016851679843440336,-0.01531879996904996,9.779772632125614,-0.011172995372819646,-0.003626455215954157,-0.013921072992972933,59.73084972252705,Normal_Driving
2026-03-10 23:59:32.820943,0.017053312489690678,0.02182244037590426,9.845445584253673,0.01083405243025102,0.0023793541964580237,0.01805119865986504,60.44376209313273,Normal_Driving
2026-03-10 23:59:32.870943,-0.005815904623821585,-0.007480044971950824,9.815693536098896,-0.002473835690575457,0.003505922896465023,0.0033633603253440058,60.111666224865445,Normal_Driving
2026-03-10 23:59:32.920943,-0.012076428614882161,-0.02033161118820079,9.792620627623416,-0.011231799381676323,-0.008223842493327718,-0.01036943715757487,59.53908539366008,Normal_Driving
2026-03-10 23:59:32.970943,-0.024124020691974554,-0.013673717290170542,9.809581910247724,-0.0043462406042587085,-0.008275092620821503,-0.004035280618311347,60.0559934148736,Normal_Driving
2026-03-10 23:59:33.020943,0.04336764164428905,0.02776815279743393,9.835933769571145,0.013006517350382652,0.025703256550549655,0.019785973395368448,59.827312076326905,Normal_Driving
2026-03-10 23:59:33.070943,0.0011533269399475639,-0.003069796470171882,9.798456652054501,-0.010083593475861666,-0.006148378469769392,-0.003487572170224081,59.92099439643926,Normal_Driving
2026-03-10 23:59:33.120943,-0.00043932221246304826,-0.012579824083618575,9.830539070408475,-0.0027831803984620035,-0.007227652087351848,0.0017652800387255425,60.01017026741188,Normal_Driving
2026-03-10 23:59:33.170943,-0.022103995706548266,-0.017224648695543562,9.777424951653973,-0.015749932683896677,-0.01590467464446955,-0.01974693588306333,60.180120947283896,Normal_Driving
2026-03-10 23:59:33.220943,0.02658238724982357,0.022112188679075828,9.828768117650887,0.017934468174717257,0.012772067126904922,0.0152891191812073,60.00547445177327,Normal_Driving
2026-03-10 23:59:33.270943,0.004311121632185484,-0.007675895213358532,9.827978378086861,0.005119695174702784,-0.005164645947822564,0.0007077490818883409,59.9968236048874,Normal_Driving
2026-03-10 23:59:33.320943,-0.008165006362419031,-0.017369510879571746,9.797157218183232,-0.006604669975995952,-0.004629845902161285,-0.007556159849155331,59.94120270014992,Normal_Driving
2026-03-10 23:59:33.370943,0.005393767471074449,0.007418683458971911,9.794206019991824,-0.004047436117905591,0.0028804320397682968,0.0037876889766283216,60.75275984576407,Normal_Driving
2026-03-10 23:59:33.420943,0.014895419616445065,0.02961047578059276,9.813281917699312,0.005760579151712806,0.013918590429657906,0.01638119471885543,60.25644829670825,Normal_Driving
2026-03-10 23:59:33.470943,-0.008440464767103115,-0.012731794781915388,9.797783470321106,0.0063213437732464696,0.0009352148450355276,0.006869135607953097,59.75184292048488,Normal_Driving
2026-03-10 23:59:33.520943,-0.020656329293370863,-0.0014227907921882232,9.80221609244579,-0.007111000992254448,-0.002951115902031847,-0.00421546214377081,60.308995617003696,Normal_Driving
2026-03-10 23:59:33.570943,-0.024429487314424056,-0.040440600295447784,9.777372573822806,-0.013886975215845629,-0.01327341707494504,-0.014326790374260136,60.01541738788787,Normal_Driving
2026-03-10 23:59:33.620943,0.02469707543741345,0.04098530796162965,9.829079282065404,0.02270340049961371,0.015384802156515831,0.005234055351705846,60.12052761061068,Normal_Driving
2026-03-10 23:59:33.670943,-0.01511130456098732,0.006885240448181796,9.800018260412076,0.001357242463925247,0.0020318438340032234,0.007730944593771047,59.77295211520685,Normal_Driving
2026-03-10 23:59:33.720943,-0.018943489302674872,-0.023516803569217672,9.815481302598759,-0.0035714447581121017,-0.0045528449029674685,-0.01332456382846226,60.028953313108666,Normal_Driving
2026-03-10 23:59:33.770943,-0.008286209763848348,-0.004881941268868772,9.815975165794107,0.004820150588060394,-0.00580370200318838,-0.000979878297876234,60.045191447360885,Normal_Driving
2026-03-10 23:59:33.820943,0.018146328600794057,0.018130200969199248,9.839473484143415,0.004715423315870275,0.007039177871623136,0.009110597094028536,60.40442569882606,Normal_Driving
2026-03-10 23:59:33.870943,0.006414470554579613,-0.015230774037679133,9.836913253139656,0.001473129763494761,0.006083067440996346,0.010892272485250772,60.00090764972548,Normal_Driving
2026-03-10 23:59:33.920943,-0.02724504415657176,-0.006320996899944907,9.79785794084003,-0.008789497195682294,0.006321295279623369,-0.014690343431344895,59.98028321821939,Normal_Driving
2026-03-10 23:59:33.970943,-0.014561314901686922,0.0019611249793876247,9.809775565768827,-0.010896910638952317,0.0001706824004534058,0.004746913284475913,59.706255534349296,Normal_Driving
2026-03-10 23:59:34.020943,0.048538930808400736,0.02998188909317066,9.84265766787606,0.019711505621790165,0.025513886925242237,0.015125017172211212,60.054907655175,Normal_Driving
2026-03-10 23:59:34.070943,-0.015327184896087373,0.005931455474889127,9.801581002318844,-0.0076166647498864225,-0.015298258750149204,0.007295800296160625,59.74467764295726,Normal_Driving
2026-03-10 23:59:34.120943,0.006285859589092569,-0.005730937806069135,9.803926470698347,-0.0015396016435970464,-0.0007381301056400124,-0.01280243732911055,60.452143681767254,Normal_Driving
2026-03-10 23:59:34.170943,0.020541412229886792,-0.007816405080695227,9.788341117147565,-0.007604313240606081,-0.010104743585344437,-0.01277704946643084,60.58450247824494,Normal_Driving
2026-03-10 23:59:34.220943,0.02554758583216752,0.020877182797302503,9.81691074646576,0.012660816001317157,0.012529213428255564,0.0121860568109091,60.064098534328735,Normal_Driving
2026-03-10 23:59:34.270943,0.02003986261720779,0.01817554268346269,9.803810025017723,-0.0033682619153239737,-0.004964022086959576,-0.002992134537933496,59.40512805375194,Normal_Driving
2026-03-10 23:59:34.320943,-0.04182213126704787,-0.03319381026333309,9.803145233356071,-0.00767015324881047,-0.016175850840079994,-0.017389114423455993,60.21721623516795,Normal_Driving
2026-03-10 23:59:34.370943,0.009489969966990253,0.02741739200188543,9.814328076758978,0.002793398679113537,0.009223672330068777,-0.005862796740876508,59.97979041697778,Normal_Driving
2026-03-10 23:59:34.420943,0.013618891006569139,0.012182015150004598,9.83667610063218,0.02299423862976037,0.0040821529397151715,0.004265530099421766,59.73296923765666,Normal_Driving
2026-03-10 23:59:34.470943,0.013221416262733479,-0.00794716070656723,9.819336785187243,-0.0024910829664231806,-0.005783183810982528,0.0039073547628403526,60.47567776218934,Normal_Driving
2026-03-10 23:59:34.520943,-0.0013113014194571218,-0.021248763536780926,9.793654455673382,-0.0052717625926783935,-0.010980011293365871,-0.012154390057940466,59.75238588507896,Normal_Driving
2026-03-10 23:59:34.570943,-0.02384034556901213,-0.016872011128848226,9.801728271814321,-0.002151591497155632,-0.011849296644665896,-0.010151312848470415,60.54096536479367,Normal_Driving
2026-03-10 23:59:34.620943,0.03411721845119102,0.020877294071894904,9.840867477659012,0.015449493941962832,0.003628624312793963,0.014359199748811993,59.99282895487483,Normal_Driving
2026-03-10 23:59:34.670943,-0.006870461546629798,-0.022483568346593406,9.800559166565618,-0.011162481963034064,0.0011528818563749787,0.0009163123798033249,60.26000315815829,Normal_Driving
2026-03-10 23:59:34.720943,-0.005352579560476779,-0.03544793408698308,9.776326280885842,-0.01995101663324409,-0.016316073293666807,-0.014030259336418197,60.21050136682047,Normal_Driving
2026-03-10 23:59:34.770943,-0.0095518911288325,-0.009555483948700282,9.812554081090122,-0.002719056302291571,0.007973861579868072,0.012222438618134709,59.99804159457516,Normal_Driving
2026-03-10 23:59:34.820943,0.02257457593496276,-0.0006327337156226982,9.82157777748593,0.002825310464612071,0.009935679370323764,-0.003960217364271502,59.89410695507959,Normal_Driving
2026-03-10 23:59:34.870943,0.01489625340254577,0.01115801045002758,9.810675641418834,0.007549857385718628,0.011989304495008755,0.0005942709483224276,59.908590838378906,Normal_Driving
2026-03-10 23:59:34.920943,-0.003401772449091462,-0.0019442098924700275,9.82804087566766,-0.008399662563438149,8.436370697739367e-05,0.005589670439007976,60.25939628856834,Sharp_Turn
2026-03-10 23:59:34.970943,0.01931142894261491,0.30521961854502366,9.806190039330625,-0.01840339189385986,0.0049715967259872235,0.22426424863966882,60.13724245977139,Sharp_Turn
2026-03-10 23:59:35.020943,0.013021606090172212,0.6371788944147765,9.823270766090356,-0.0352568390101015,0.0034719421320624786,0.44667991997122947,59.87103579305504,Sharp_Turn
2026-03-10 23:59:35.070943,-0.03068332196917124,0.8366223688053587,9.786211764481102,-0.07909249781821726,-0.012970968396153807,0.6395897359201269,60.09135722972056,Sharp_Turn
2026-03-10 23:59:35.120943,0.006915927183205663,1.1697265161862245,9.80673022288845,-0.0884514069862007,0.004254224810401563,0.8719998800858679,59.96204536822395,Sharp_Turn
2026-03-10 23:59:35.170943,0.027520366808165754,1.4716510704798729,9.815844517629854,-0.11366292979424358,0.01881487302916242,1.094645775660765,60.121547566443866,Sharp_Turn
2026-03-10 23:59:35.220943,0.013845750709541466,1.7000400392257113,9.820737142264504,-0.14909730694710963,-0.0027057548730849215,1.2852946226210125,60.26918517000962,Sharp_Turn
2026-03-10 23:59:35.270943,-0.03311743400473556,1.9607058560526947,9.813555182268708,-0.17170913092932696,-0.007800626448065692,1.499846873730178,59.624486054791916,Sharp_Turn
2026-03-10 23:59:35.320943,0.002802500226966321,2.2543662480689672,9.825538540327358,-0.17269169660803285,0.00644064033571989,1.697347527961204,59.713751168473834,Sharp_Turn
2026-03-10 23:59:35.370943,0.02485644339130655,2.516215205854013,9.807018785610955,-0.2060877073647738,0.002936017358019878,1.88435015526712,59.80581878790051,Sharp_Turn
2026-03-10 23:59:35.420943,0.008366213405605838,2.7590290651522706,9.82796795826016,-0.22565688697513647,-0.0033082152420103143,2.0761186901090465,59.90246601924375,Sharp_Turn
2026-03-10 23:59:35.470943,-0.04835090207693159,2.95680087380295,9.771284676245381,-0.2550944606484043,-0.018466581752108233,2.220617520778876,60.09144088247,Sharp_Turn
2026-03-10 23:59:35.520943,0.006695326575911896,3.2549061297832966,9.870509847648982,-0.24884083138699392,0.0035020510621655374,2.4287124988257682,59.62801327556129,Sharp_Turn
2026-03-10 23:59:35.570943,-0.001519212072824551,3.4608676074769424,9.816301425385813,-0.28696256829055694,0.0016251227339233324,2.582954665479693,60.11309046156849,Sharp_Turn
2026-03-10 23:59:35.620943,0.030884854513151976,3.640922172093462,9.791265197025293,-0.2986739866976513,-0.0006037415574095186,2.73123837223827,59.791477900643415,Sharp_Turn
2026-03-10 23:59:35.670943,-0.04580472876934257,3.793586228981233,9.802787272395934,-0.3252598691785107,-0.018491461018795015,2.8500862025371974,59.74961696368358,Sharp_Turn
2026-03-10 23:59:35.720943,0.005042581802326385,4.007687092147366,9.826603929634995,-0.32125598188185345,-0.0018965653878361098,2.9973000110016548,59.916582100563495,Sharp_Turn
2026-03-10 23:59:35.770943,-0.013732232455480817,4.165315277937106,9.807494162857278,-0.33605086645231613,-0.00019199465643418914,3.1158114499776683,59.878700436966355,Sharp_Turn
2026-03-10 23:59:35.820943,-0.025784121345276873,4.322214826744188,9.819885609227109,-0.35686332711753094,-0.00022395278391843616,3.2275617988326806,59.7813696437098,Sharp_Turn
2026-03-10 23:59:35.870943,-0.04055096919221589,4.386783130470271,9.784106385481419,-0.38600397890518096,-0.033181630399024734,3.3020315032843786,59.8749854468251,Sharp_Turn
2026-03-10 23:59:35.920943,0.051279545186290125,4.563953618628248,9.846496818693756,-0.353523523469157,0.00767419431720715,3.4159758329317373,59.80208104918186,Sharp_Turn
2026-03-10 23:59:35.970943,-0.009101560975225579,4.641516890400361,9.804639906300524,-0.38471864409705336,0.00495106367875795,3.479680230598791,59.61281789108143,Sharp_Turn
2026-03-10 23:59:36.020943,-0.007422468886473372,4.7152478947685905,9.835913036388819,-0.3827561513382733,0.009994064147226757,3.535288714488446,59.73765749295653,Sharp_Turn
2026-03-10 23:59:36.070943,-0.02370594474966934,4.735168080699925,9.794058064426356,-0.4107796347086777,-0.026309710955835224,3.5702788700634502,59.84043023382615,Sharp_Turn
2026-03-10 23:59:36.120943,0.016530672750427428,4.862594861166962,9.823808132239716,-0.3819161409355105,0.013157754457819793,3.6252765445866526,59.837073768006604,Sharp_Turn
2026-03-10 23:59:36.170943,-0.018378963701300863,4.874284738315975,9.81160926234571,-0.39101596904723457,-0.009474523861169232,3.636549385008482,59.836334755054104,Sharp_Turn
2026-03-10 23:59:36.220943,-0.011067819317213907,4.8646525210883675,9.792971634998775,-0.39879075700959454,-0.0022685551137564897,3.6430838744762837,59.877226937274855,Sharp_Turn
2026-03-10 23:59:36.270943,-0.007363022287593463,4.825075985889009,9.787735302417348,-0.41793497980032923,-0.017988415780670293,3.619314544771533,60.24624863290013,Sharp_Turn
2026-03-10 23:59:36.320943,0.028386129388969387,4.863763709653619,9.837317631213642,-0.3737461144735352,0.009137405921329559,3.6143420373563924,59.90483360958269,Sharp_Turn
2026-03-10 23:59:36.370943,-0.005086008079077874,4.766265879463867,9.781870454239318,-0.39260869656414976,-0.010010263123607007,3.5802942726603106,60.03794271180918,Sharp_Turn
2026-03-10 23:59:36.420943,0.00986852979771501,4.731813626586861,9.806482255663758,-0.3852424790474188,0.004787190615928324,3.537515924762169,60.50314133762457,Sharp_Turn
2026-03-10 23:59:36.470943,-0.04533235692707657,4.589101520186989,9.771116660855217,-0.39705732655330117,-0.018634527238567324,3.4616096246684585,60.09292059353368,Sharp_Turn
2026-03-10 23:59:36.520943,0.056269034905396476,4.562478413474154,9.83533222455229,-0.3616471186707371,0.012128044646574751,3.4194789670284576,59.968703924309644,Sharp_Turn
2026-03-10 23:59:36.570943,-0.006461180536684215,4.436625293777352,9.805065175941015,-0.36729704626337606,0.0037326527709475392,3.3193256654103447,60.043018831999156,Sharp_Turn
2026-03-10 23:59:36.620943,-0.013932977006427984,4.2864956111478705,9.809952912480302,-0.3707020560206203,-0.015452389919213664,3.223410570437626,60.084130397578534,Sharp_Turn
2026-03-10 23:59:36.670943,-0.048987767041033484,4.13518522162002,9.782112672904347,-0.35374863456302597,-0.017084812390981856,3.1055901954989347,60.04206990368643,Sharp_Turn
2026-03-10 23:59:36.720943,0.02151800188273314,4.032545032716415,9.856590162310225,-0.3044954021291177,0.02008510209321799,3.008947118449563,59.5522991994321,Sharp_Turn
2026-03-10 23:59:36.770943,0.0006882624987305068,3.8182807569310953,9.78919855617606,-0.3181479566234012,-0.006989474063606763,2.8721554182366402,59.70073381689992,Sharp_Turn
2026-03-10 23:59:36.820943,0.00022985726634151696,3.6516417381116844,9.803391390511194,-0.3037106182178221,0.006351758816366976,2.7146302351396976,59.77092782996992,Sharp_Turn
2026-03-10 23:59:36.870943,-0.01985877289398068,3.413038468289244,9.77158592809191,-0.30569218216125826,-0.014315502849594128,2.5600968247636637,60.061035670471085,Sharp_Turn
2026-03-10 23:59:36.920943,0.032730772122973484,3.237693287002634,9.857062234622596,-0.2492308607732141,0.01893533622364013,2.42515477835256,59.76902937212899,Sharp_Turn
2026-03-10 23:59:36.970943,0.008139367842289497,2.9827962832259787,9.811520712274033,-0.24951117476296159,0.005080426114400766,2.2432178330030816,59.98372602801172,Sharp_Turn
2026-03-10 23:59:37.020943,-0.007501627691262742,2.7522867932987674,9.776864355693194,-0.23863505657564016,-0.006907463368499818,2.056867464783064,59.68255792972703,Sharp_Turn
2026-03-10 23:59:37.070943,0.0007425829293494102,2.4904503037257864,9.81965674695858,-0.2060869865925866,0.004682288705569969,1.8765311848213633,59.69012089448039,Sharp_Turn
2026-03-10 23:59:37.120943,0.007711841185055482,2.2903539311652414,9.805475807775283,-0.1718709353718472,-0.0005863092178080981,1.690660615051322,60.018652700685536,Sharp_Turn
2026-03-10 23:59:37.170943,-0.005203904231072781,1.9870163714880322,9.80996719836664,-0.17098942097579994,0.004732337032314671,1.5003777525904425,59.908539245353076,Sharp_Turn
2026-03-10 23:59:37.220943,-0.025730239349692652,1.7154168562156318,9.804522648189959,-0.14865696009375134,-0.0070748405353824075,1.285372142765051,59.87863247185999,Sharp_Turn
2026-03-10 23:59:37.270943,-0.015195123493988124,1.4418192316886207,9.811588737073146,-0.12105676532928406,-0.007392311162629848,1.0625052351633513,59.89729051305395,Sharp_Turn
2026-03-10 23:59:37.320943,0.034469671438647397,1.1836823829865715,9.849964471352811,-0.07541999865314199,0.009183371724472783,0.8842714731345231,59.662459136720805,Sharp_Turn
2026-03-10 23:59:37.370943,-0.0017342838637315003,0.8626176385611884,9.794002483480337,-0.07712727914605805,0.008277342074136993,0.6651468689969064,60.13484397429985,Sharp_Turn
2026-03-10 23:59:37.420943,-0.018363859959694057,0.5419392611594265,9.788295755376952,-0.05838218618052422,-0.00803993341734998,0.41987428341632793,60.16172575905924,Sharp_Turn
2026-03-10 23:59:37.470943,0.009970353772097016,0.2978057407148902,9.82221284796324,-0.016941697806977775,-0.0019979128584147127,0.2214440430558353,59.95406440674289,Sharp_Turn
2026-03-10 23:59:37.520943,0.008817377495740207,-0.02324442735104264,9.816557287466447,0.011572906602609193,0.00493625619385271,0.005281543705934131,59.93906459381947,Sharp_Turn
2026-03-10 23:59:37.570943,-0.009149570552978449,-0.004414429226520808,9.808618859635873,-0.00380055029174632,0.009145517443403074,0.006692729666288073,60.13578638959492,Normal_Driving
2026-03-10 23:59:37.620943,0.014689843688432687,-0.009166915962269406,9.823930740293758,0.008536795601712636,0.009377646849439019,0.006446441341060987,59.859118722050525,Normal_Driving
2026-03-10 23:59:37.670943,0.018257714584189746,0.017533570893419108,9.813367020187341,0.018713831116298728,0.004005412325997572,0.00567458573443493,60.400286233072634,Normal_Driving
2026-03-10 23:59:37.720943,-0.0571216241882323,-0.031294357761590966,9.7970472698301,-0.007800617215047504,-0.014475213128688592,-0.024961373400998438,59.80295701755603,Normal_Driving
2026-03-10 23:59:37.770943,0.009713934449897403,0.002401786097222948,9.823849341063482,-0.005242588916999313,-0.0012579459432752313,0.010961309411570273,60.21498619474392,Normal_Driving
2026-03-10 23:59:37.820943,0.008508755702195706,0.025230373999875016,9.823755129220741,0.0016968490385004652,-0.004676413757027566,0.007400060662047188,60.0860973378417,Normal_Driving
2026-03-10 23:59:37.870943,0.011637680603297975,0.013447251690553906,9.814543089906852,-0.007145233884889891,-0.005355210507836187,0.0019554833986637522,59.95378174926355,Normal_Driving
2026-03-10 23:59:37.920943,-0.02099923735099858,-0.01220426799231668,9.805029015126605,-0.003347798459051006,-0.0091148212631116,0.0027587712556432714,59.926147287674794,Normal_Driving
2026-03-10 23:59:37.970943,-0.01000176039301105,-0.005301399287860029,9.812306934805529,0.00848372905485275,-0.004862851109635919,0.00018266261110540813,59.96068059760765,Normal_Driving
2026-03-10 23:59:38.020943,0.010059931368590442,0.010788852776634982,9.833939655815513,0.007437944100318108,-0.0009758675157879454,0.013743831389704569,59.919349849124586,Normal_Driving
2026-03-10 23:59:38.070943,0.007315752586592755,0.0011988396826755942,9.823599646322204,0.01035742590011522,-0.006995701900699053,0.0014869750387669907,60.25214208846223,Normal_Driving
2026-03-10 23:59:38.120943,-0.057011113685470495,-0.04712349013863444,9.774018848251508,-0.02051815497341208,-0.01584015977007063,-0.01544360716673159,60.16629727041817,Normal_Driving
2026-03-10 23:59:38.170943,0.01811396643741267,0.018397866471269286,9.828023241940272,0.02233651519838161,0.003444134365748583,0.01745577127785066,59.45073996234318,Normal_Driving
2026-03-10 23:59:38.220943,0.026916081512217326,-0.003918083637674749,9.823684945894069,0.006065148226759069,0.010002037005373575,0.004614035367679374,60.54512651468477,Normal_Driving
2026-03-10 23:59:38.270943,0.027827562819613037,-0.0021495315855747793,9.812084471916828,-0.0005545841533480794,0.003787117198228404,-0.003654159015971253,59.46614666230979,Normal_Driving
2026-03-10 23:59:38.320943,-0.009119378954762308,-0.03200186733808659,9.771094285102587,-0.012070089746630102,-0.010164456957042038,-0.002370848182469243,60.32254356914999,Normal_Driving
2026-03-10 23:59:38.370943,-0.00028718545321673424,0.005693431710858576,9.795398622853861,-0.007245000204956965,-0.006969230375250588,-0.003349398691304008,60.07801121930343,Normal_Driving
2026-03-10 23:59:38.420943,0.0373885292560823,0.02236953263684369,9.831295224033232,0.0035766633967434036,0.009824397940956865,0.004756451102165274,60.455688705563155,Normal_Driving
2026-03-10 23:59:38.470943,-0.013092021290622017,0.001988551860708756,9.825992308436264,0.00724039021639968,-0.015239336905245916,0.004628880007445541,59.84752449648793,Normal_Driving
2026-03-10 23:59:38.520943,-0.018605687185874475,-0.03170213393150992,9.786352584703222,-0.0129962383079048,-0.012849095068312614,-0.014177534744252433,59.610445663383835,Normal_Driving
2026-03-10 23:59:38.570943,0.0160590182511701,0.021655248329866372,9.806548144125802,0.013348562544252183,0.014434860701917945,0.014989929977891722,59.97284118543422,Normal_Driving
2026-03-10 23:59:38.620943,0.011960937601881815,0.003157782405462288,9.811361603729472,0.0016628944624871248,-0.0035429290848424514,0.013439291728417499,59.73235514421469,Normal_Driving
2026-03-10 23:59:38.670943,0.00653293475705019,0.02273253040574407,9.809691365060615,0.0014327613469590963,0.00332895280925318,0.0046951131453916335,59.69180385541294,Normal_Driving
2026-03-10 23:59:38.720943,-0.024323322804317343,-0.031517666279447694,9.76909631265137,-0.014259811886293865,-0.03090718341635084,-0.027382335197975546,59.80624522106543,Normal_Driving
2026-03-10 23:59:38.770943,-0.0015183535401659034,0.0068397635394639375,9.80719747924588,0.004078599711417028,0.002127516184751559,0.018166299436821128,59.33082974838048,Normal_Driving
2026-03-10 23:59:38.820943,0.019146326158365288,0.0010318810568716221,9.837144922854929,0.013091715863763339,0.0015736659003133969,-0.0016885449908374903,60.01050051999413,Normal_Driving
2026-03-10 23:59:38.870943,-0.008503619782709122,-0.027841826184763455,9.815122844344458,-0.010204372834657548,0.0054242232698376355,-0.0017514715162310333,59.705482897172644,Normal_Driving
2026-03-10 23:59:38.920943,-0.020496076708820855,0.006086844425487587,9.786793006463046,-0.026324810911968158,-0.00781715871595521,-0.016843990551774823,60.287815545532325,Normal_Driving
2026-03-10 23:59:38.970943,0.03781213888699744,0.016325650944185605,9.829626674252063,0.011246338335503916,0.007456013277824314,0.010684976664153729,59.3616201180757,Normal_Driving
2026-03-10 23:59:39.020943,0.005812943670098608,0.01082003405446337,9.80222824643758,0.004811232853856559,0.0030482589317737696,0.011789596199251642,59.63197786442109,Normal_Driving
2026-03-10 23:59:39.070943,0.007015724456354423,0.03133448970308899,9.817373126236484,0.010827114255086557,0.001978306261245371,-0.00010094931576559805,59.748296958067634,Normal_Driving
2026-03-10 23:59:39.120943,-0.0617128216204393,-0.043730708216258095,9.762976364004004,-0.022559767063162314,-0.026097818885573904,-0.017366105983088576,60.09074266230443,Normal_Driving
2026-03-10 23:59:39.170943,0.02363037486707573,0.034238103506573754,9.855979383185483,0.01653760024962626,0.0141949430554229,0.018453668514556695,60.0761584482531,Normal_Driving
2026-03-10 23:59:39.220943,0.025207779142232874,-0.004903250833346166,9.828345738150297,-0.0003311954293862061,-0.0061215076916041646,0.004149014700187971,59.69583928003182,Normal_Driving
2026-03-10 23:59:39.270943,-0.013051119328621538,-0.014173035719341313,9.806081161955833,-0.0073120994347803826,-0.007813786294451234,0.0036949387968079313,59.98471007480972,Normal_Driving
2026-03-10 23:59:39.320943,-0.004195198135920307,-0.012859777712568878,9.799883739101656,-0.004981667837439635,-0.014851854356765636,-0.020854497966403922,60.7214354008919,Normal_Driving
2026-03-10 23:59:39.370943,0.017658844174531785,0.021391620964951993,9.841647568598779,0.008233851347229147,0.0031759931347073713,0.010447973022208313,59.74793124019581,Normal_Driving
2026-03-10 23:59:39.420943,-0.015953835129392684,0.032691280243394266,9.80635221840033,0.005000967586334022,2.7461509893873977e-05,0.0037828655600621146,60.2367817271721,Normal_Driving
2026-03-10 23:59:39.470943,-0.02150584228480711,-0.003859093012549923,9.843738237819723,-0.004964888403582932,0.0017774222206568542,0.005797216049092117,59.789938125020576,Normal_Driving
2026-03-10 23:59:39.520943,-0.05247053748352579,-0.04758885578061434,9.767754176306672,-0.008999165088362172,-0.03435674841761558,-0.020277649752868228,60.27663718779063,Normal_Driving
2026-03-10 23:59:39.570943,0.04903537827757843,0.03850881659447052,9.850364944732254,0.00030853484676180917,0.015701379382439894,0.016913116142349395,60.36526075009612,Normal_Driving
2026-03-10 23:59:39.620943,0.004129478173193733,-0.012361342528436717,9.814488711667634,-0.006170515145304669,0.0017189585449360074,-0.013702575471659529,59.744214701543456,Normal_Driving
2026-03-10 23:59:39.670943,-0.019398145559345943,0.03399974658698219,9.805117386749012,0.004225592405380478,0.009758672588880368,0.00014594523115186737,59.8703214147946,Normal_Driving
2026-03-10 23:59:39.720943,-0.012926511080791762,-0.044571714457350656,9.79981087142805,-0.008127951648720582,-0.0206245249402288,-0.01808779093370215,59.537564073877945,Normal_Driving
2026-03-10 23:59:39.770943,0.02167091811596338,0.0328788415776129,9.828764716770598,0.006843632585649355,0.004641012821283209,0.004415193613084916,60.09873533457568,Normal_Driving
2026-03-10 23:59:39.820943,0.018137443552706457,0.004333280451384633,9.825857389202518,0.002540333642618566,-0.00778496513380486,-0.0005950685315425338,59.89134987013605,Normal_Driving
2026-03-10 23:59:39.870943,-0.03359848187642692,-0.024356033822351887,9.79272919095231,-0.012231078749192995,-0.0008964845893405496,-0.009962965948854749,60.19169815504286,Normal_Driving
2026-03-10 23:59:39.920943,-0.012471367874186599,-0.05730756251560806,9.776815810709516,-0.017980008938366224,-0.006118374674230809,-0.01621017904783271,59.745731297921445,Normal_Driving
2026-03-10 23:59:39.970943,0.023122677091547007,0.04024432249274039,9.843319104051481,0.02284184461773799,0.015699161450806028,0.02646175316241852,59.25987385582787,Normal_Driving
2026-03-10 23:59:40.020943,0.008842741341868583,-0.010830793331185895,9.795194858024736,-0.0035244101508070647,-0.015486319377383356,-0.0023706359357910057,60.063168646301264,Normal_Driving
2026-03-10 23:59:40.070943,0.008330664149719816,-0.0053578182903271845,9.83115434370076,0.013195132676145388,-0.0023345948826327036,0.006902626354801972,59.62304805936206,Normal_Driving
2026-03-10 23:59:40.120943,-0.032551451760693385,-0.04578283556098291,9.770736525596943,-0.014056241410705174,-0.027566427755118264,-0.019441176599906164,59.83330433050797,Normal_Driving
2026-03-10 23:59:40.170943,0.05576060707986291,0.020038625874968456,9.81679415959577,0.017420026321910663,0.02165965103382663,0.0068083194773761015,59.89052249243847,Normal_Driving
2026-03-10 23:59:40.220943,0.011729181664445181,0.0013437008106210024,9.819258110883897,-0.0030695595016400914,-0.006415913450088096,-0.006457076025136805,60.047491869208095,Normal_Driving
2026-03-10 23:59:40.270943,-0.01355262189915806,0.0013676614669275201,9.798084992336557,-0.018771191520689186,-0.006157774716668382,-0.00638389358065082,60.3098145084843,Normal_Driving
2026-03-10 23:59:40.320943,-0.0063455423411776304,-0.026316057375372372,9.790679736360053,-0.012686122029026557,-0.016429619575616134,-0.0055443925128443846,59.825582975492274,Normal_Driving
2026-03-10 23:59:40.370943,0.02501254222011972,0.03991980724382146,9.833700908698772,0.01192589501304551,0.00681798545094187,0.0129016062112903,59.66264415428049,Normal_Driving
2026-03-10 23:59:40.420943,0.009231379948874961,-0.010332866460126978,9.814028734572092,0.0007960104842513012,0.004703242631903587,0.0027112234215812703,59.858558303501695,Normal_Driving
2026-03-10 23:59:40.470943,0.0037531398243014144,0.0013706699066833783,9.812403508724238,0.005283052946179577,-0.0036647977246731427,0.00760242856411816,59.52718762739624,Normal_Driving
2026-03-10 23:59:40.520943,-0.02761053957935663,-0.0225335917800343,9.76257497108725,-0.017633489769363353,-0.031042548546267534,-0.027309570539320736,60.15145067937098,Normal_Driving
2026-03-10 23:59:40.570943,0.028542204117220533,0.05578848444772297,9.862154252165398,0.02488342076670321,0.02424974575112951,0.008129999063042001,60.29432693593084,Normal_Driving
2026-03-10 23:59:40.620943,-0.011178518763998108,-0.02170349785305907,9.799075821041814,-0.007082607430859233,-0.0023323644502495217,0.00534055478623561,60.06859920482397,Normal_Driving
2026-03-10 23:59:40.670943,0.008800942326608788,-0.006359234308042211,9.778178568626965,0.0009074600138619187,0.00532401021070651,0.0072742519662284295,60.199401196698936,Normal_Driving
2026-03-10 23:59:40.720943,0.0027744724307874266,-0.02802329548684968,9.798385027604542,0.0016844849733925367,0.002447508126400405,-0.0016953017737763735,59.826689997278216,Normal_Driving
2026-03-10 23:59:40.770943,0.012107788410223311,0.004119443675823294,9.840914327362551,0.007476408700294953,0.015394363037663908,0.013263454598717637,60.021427420710886,Normal_Driving
2026-03-10 23:59:40.820943,0.008464900114409285,0.009428606381850928,9.814823437850546,0.008728724034787291,0.006338094570507739,0.0017872568667603435,60.09361260491116,Normal_Driving
2026-03-10 23:59:40.870943,0.013329573761151313,-0.024214332059810727,9.810892810876927,-0.009431777801934074,0.00031325968758917286,0.0007873846856183185,59.91954603663508,Normal_Driving
2026-03-10 23:59:40.920943,-0.029238447361864848,-0.016830155124385147,9.761952141161949,-0.017819712015080695,-0.01871549084467231,-0.017016480171452623,59.640940316552715,Normal_Driving
2026-03-10 23:59:40.970943,0.024206748956054625,0.03485981616876873,9.836787817101522,0.011524524897668042,0.020394799701360516,0.024600447305352494,60.32549347926553,Normal_Driving
2026-03-10 23:59:41.020943,-0.03364595165959485,0.004206177848222267,9.784752982061017,-0.01118283960240192,0.0017423553934227233,0.00261225908084614,60.254365902021625,Normal_Driving
2026-03-10 23:59:41.070943,0.00048413469315861525,-0.011991462647213534,9.793639578566749,0.0028453275443975907,-0.002424352012471634,0.0014885035022281757,59.856959525763,Normal_Driving
2026-03-10 23:59:41.120943,-0.030762805530967198,-0.01597309524238912,9.789303009992679,-0.004075242496002671,-0.010759363644927104,-0.012682486870719168,60.1047222558904,Normal_Driving
2026-03-10 23:59:41.170943,0.007819720026074914,0.012260448475226093,9.822715680673365,0.009151613689322519,0.012052331865071896,0.009963976303746406,59.8506798523229,Normal_Driving
2026-03-10 23:59:41.220943,0.011759243628855824,-0.010921792743351581,9.808013619859022,0.00902955846603433,0.011545177131698616,-0.0002735820412506458,60.140277254646456,Normal_Driving
2026-03-10 23:59:41.270943,-0.01406391066521245,-0.01829792674117334,9.800868218557786,0.0016701704612107054,-0.008974703640927425,-0.004031386449485135,60.29108598875899,Normal_Driving
2026-03-10 23:59:41.320943,-0.008058897923233483,-0.010181313458359672,9.778925136604418,0.0014751451280811106,-0.0011920811670542613,-0.0036786027046069305,60.12773111960826,Normal_Driving
2026-03-10 23:59:41.370943,0.03480495685469629,0.043601388135732624,9.84462204647749,0.016940355897191502,0.006367226653528275,0.01639110492563178,59.73087673650695,Normal_Driving
2026-03-10 23:59:41.420943,-0.011677065325229326,-0.020574163149562764,9.79519371889356,-0.005192208793343485,-0.013796031521244818,-0.007446555518420116,60.568220782463996,Normal_Driving
2026-03-10 23:59:41.470943,0.007059127008634579,-0.01736665012645467,9.804409498607962,-0.003785866556267708,0.00041754521193563274,-0.005219498165600109,60.28220949366896,Normal_Driving
2026-03-10 23:59:41.520943,-0.020570282672447263,-0.02326951163745244,9.792031064964295,-0.014730505097643249,-0.01423965455696674,-0.018335836981633227,60.24802988385318,Normal_Driving
2026-03-10 23:59:41.570943,0.024555236024115273,0.035835814124860664,9.8290357390418,0.021696668086556757,0.00749072277108537,0.01088098039673174,59.79953069994065,Normal_Driving
2026-03-10 23:59:41.620943,-0.00319223144239797,-0.012038591683638144,9.796323248285383,0.0017499071342566884,0.002797426617392966,0.008229579121368184,60.18131616537023,Normal_Driving
2026-03-10 23:59:41.670943,-0.004797457530692974,-0.029094718984526653,9.798030608252377,-0.013775932337666563,-0.004982404036188229,-0.011443422713942815,60.196512415530506,Normal_Driving
2026-03-10 23:59:41.720943,0.0028376555720911606,0.007904969308640037,9.810299775955505,0.005382339579638566,0.00283283665933356,-0.0020244863146863918,59.999463729807005,Normal_Driving
2026-03-10 23:59:41.770943,0.012718654454813976,-0.0012977253430455846,9.830282433303982,0.012492791732067542,0.016826947250457705,0.01718818440883479,60.39090847913582,Normal_Driving
2026-03-10 23:59:41.820943,-0.015078835481682817,0.00042915907027038297,9.809358526969481,0.004199595165570795,0.0021801117492602808,0.002759151002882491,59.84731028353929,Normal_Driving
2026-03-10 23:59:41.870943,-0.00638603401038545,-0.007267661159734729,9.793829253896577,-0.0010665645214688862,-0.01075866406454622,0.0037340206566177283,59.67289573928141,Normal_Driving
2026-03-10 23:59:41.920943,-0.024571125002338257,-0.027309256641548072,9.790514653103532,-0.01104578768246751,-0.013629761005525147,-0.022250225655506377,59.72375626063526,Normal_Driving
2026-03-10 23:59:41.970943,0.026744675690037394,0.03739873467249013,9.865101447356754,0.014494946251935138,0.015705621514147363,0.01442093045992586,59.66465851791358,Normal_Driving
2026-03-10 23:59:42.020943,-0.008611171561895468,0.011599453576382786,9.787039260125084,0.0036165495154816974,0.004250031509125481,-0.005678071349097685,60.07041921498731,Normal_Driving
2026-03-10 23:59:42.070943,-0.010219247063024479,0.009634183460392687,9.780279128186182,0.003349577461592505,-0.010416341406753502,-0.0017794882016968954,59.75543567853706,Normal_Driving
2026-03-10 23:59:42.120943,-0.009264498996608955,-0.027245828184714556,9.818953836882173,-0.009041747120166851,0.010404117930408923,0.00032444597290693224,60.07072950543862,Normal_Driving
2026-03-10 23:59:42.170943,-0.007123962038482987,0.03047884419458094,9.823077666866999,0.001239308873366182,0.0017905181859552994,0.0014896585974251446,60.25274773750346,Normal_Driving
2026-03-10 23:59:42.220943,0.007823558932395228,6.739314040687516e-05,9.803986416184413,0.0049135907738239604,0.009224287070288446,0.004873071394657416,60.14714053159397,Normal_Driving
2026-03-10 23:59:42.270943,-0.0066705061365630106,-0.020200974768332988,9.795713035571591,-0.005135447698929696,-0.013929764904756548,-0.008980101222487278,60.03626597581041,Normal_Driving
2026-03-10 23:59:42.320943,-0.007392175336178089,-0.016898129160257735,9.806674614247344,-0.009734326149241693,-0.004810722520917067,-0.010035233172616027,59.8952172485854,Normal_Driving
2026-03-10 23:59:42.370943,0.03850600047758663,0.030924725337534924,9.851737264064125,0.008379541155178274,0.01651964422092813,0.004572554290838632,59.63425531159925,Normal_Driving
2026-03-10 23:59:42.420943,-0.009240678235801677,-0.014800064631398623,9.789981433950187,-0.01086667883507764,0.006750858802007143,-0.0077328953479982995,59.74610702417368,Normal_Driving
2026-03-10 23:59:42.470943,0.013890814082572266,0.0034467547810508297,9.808587500854093,-0.0007916997791610715,-0.007971155676878953,-0.007107827124720637,59.89039952524315,Normal_Driving
2026-03-10 23:59:42.520943,0.011900470665834656,0.004490449178671594,9.801993510241408,-0.006784613847385687,0.0033021250796215597,0.011564247274823098,59.93864322498103,Normal_Driving
2026-03-10 23:59:42.570943,0.012549772190222923,-0.0007572569436439698,9.833061389581495,0.009151784603233846,0.006756054519811513,-0.00017124103916088193,59.75748813499151,Normal_Driving
2026-03-10 23:59:42.620943,0.0074686355171644705,0.018876118093517025,9.804885274248583,0.010283291468831394,0.0022332278806509345,0.0021874244025894486,59.87052271672822,Normal_Driving
2026-03-10 23:59:42.670943,0.01111219858184876,0.004441420496663889,9.827730601847879,-0.0017149074069938983,-5.2631515689088984e-05,0.003839164618603386,59.87052271672822,Sudden_Acceleration
2026-03-10 23:59:42.720943,0.23034271457214528,-0.002610249705645204,9.81427886238103,-0.004509461618900213,-0.03534445837115771,0.0017002732889390242,59.91187868669372,Sudden_Acceleration
2026-03-10 23:59:42.770943,0.46729999103999376,0.025509780577979837,9.824093895718137,0.008827107988700003,-0.07551069959246193,0.00823058749706813,59.99436997463135,Sudden_Acceleration
2026-03-10 23:59:42.820943,0.6329257859894695,-0.03885041796120113,9.794305380081967,-0.007953009489562927,-0.1404050743253498,-0.024648375779426766,60.11755645382821,Sudden_Acceleration
2026-03-10 23:59:42.870943,0.9289719476242899,0.028999170699898616,9.80106011728691,0.009067148386269246,-0.16238619720769767,-0.0004147526201840066,60.28078087111834,Sudden_Acceleration
2026-03-10 23:59:42.920943,1.1491836113206544,0.017085834443392678,9.830110649862291,0.0066952329300972785,-0.2026293170206977,0.012574421823991306,60.483172353612716,Sudden_Acceleration
2026-03-10 23:59:42.970943,1.339868534389103,-0.011418285233040055,9.80879630302743,-0.007959254070236961,-0.24763086458197922,-0.005942567416139487,60.72365105518293,Sudden_Acceleration
2026-03-10 23:59:43.020943,1.5325303399064765,-0.00624847864143838,9.787145057743114,0.0013933875254695388,-0.3009013599935693,-0.012487382443683873,61.00093391790747,Sudden_Acceleration
2026-03-10 23:59:43.070943,1.7455690772404802,-0.012904771077207833,9.83460379229511,-0.01248439864179872,-0.3395347352079608,0.004728872149678666,61.31354151774093,Sudden_Acceleration
2026-03-10 23:59:43.120943,1.9341556687499126,0.0020920613167245963,9.841975465879045,0.0041578440026229305,-0.3596635978474454,0.005889759077350988,61.65980595788136,Sudden_Acceleration
2026-03-10 23:59:43.170943,2.1056464738677505,0.012736160764851887,9.819901363975658,0.005173356053581471,-0.3964778551575421,-0.001939427947653313,62.03787976772138,Sudden_Acceleration
2026-03-10 23:59:43.220943,2.2194628037496034,-0.033313606670194576,9.777949491577202,-0.02221318831665889,-0.4556570495382893,-0.02306189039324742,62.445745759903204,Sudden_Acceleration
2026-03-10 23:59:43.270943,2.4386501573818204,0.020819095208429502,9.826467387537457,0.004523723905486379,-0.4496607311521865,0.013756275262426175,62.881227792885966,Sudden_Acceleration
2026-03-10 23:59:43.320943,2.5493952318786093,0.002195495341913714,9.818697645432993,0.0015495329061139128,-0.4780234766588319,0.00211836703763782,63.34200238160245,Sudden_Acceleration
2026-03-10 23:59:43.370943,2.6915836798011603,0.013548963137527403,9.817592331278568,-0.005309270066332215,-0.5065115303471516,-0.0012600732865365506,63.82561109425716,Sudden_Acceleration
2026-03-10 23:59:43.420943,2.7670814551212812,-0.020066038529059818,9.750098082818667,-0.014732909477702828,-0.5395133030929179,-0.006392739122572225,64.32947366912371,Sudden_Acceleration
2026-03-10 23:59:43.470943,2.9131544824152504,0.010286046303293259,9.814677212340222,0.010009015568822043,-0.5491135587032275,0.004272370843375952,64.8509017813575,Sudden_Acceleration
2026-03-10 23:59:43.520943,3.0017101956420777,0.006046425524937422,9.834131506285987,0.009274938193481158,-0.5716909862218147,0.00883915330461893,65.38711338637198,Sudden_Acceleration
2026-03-10 23:59:43.570943,3.037321804084007,0.008458385675517493,9.798807825531549,0.007313007848898684,-0.5721232729878553,-0.0006358950625580465,65.93524756325013,Sudden_Acceleration
2026-03-10 23:59:43.620943,3.048722272115173,-0.04819849157235486,9.779120279166152,-0.019440355400519152,-0.6130426292964731,-0.010893532204017542,66.49237977899551,Sudden_Acceleration
2026-03-10 23:59:43.670943,3.168370461228085,0.04923338978305227,9.8372819238527,0.009646868607309112,-0.5790532579263516,0.012384219129395437,67.05553749218113,Sudden_Acceleration
2026-03-10 23:59:43.720943,3.1442102182742917,-0.004880309111249599,9.796461025595747,-0.004754041147546142,-0.6115862477066125,-0.005166247122021669,67.62171601274406,Sudden_Acceleration
2026-03-10 23:59:43.770943,3.1334139778948646,-0.0073613693224246395,9.808510410288722,-0.002160157582516692,-0.5947661350153757,-0.006455923142042887,68.18789453330697,Sudden_Acceleration
2026-03-10 23:59:43.820943,3.07948842465946,-0.02122767323853776,9.790208417086909,-0.015148779880076475,-0.6065355293079642,-0.013475718058842949,68.7510522464926,Sudden_Acceleration
2026-03-10 23:59:43.870943,3.141938494310881,0.047480706012183224,9.83289163808228,0.012723456464869803,-0.577112300396845,0.010604199017754277,69.30818446223799,Sudden_Acceleration
2026-03-10 23:59:43.920943,3.050424961547569,-0.014922487126491546,9.822676485898612,-0.0019626086920241015,-0.5790312933469468,0.0064769308052779855,69.85631863911614,Sudden_Acceleration
2026-03-10 23:59:43.970943,2.9788946185652856,0.003863586630718694,9.806348941474708,0.000473355917626967,-0.5775897334350746,0.00414110395815127,70.39253024413061,Sudden_Acceleration
2026-03-10 23:59:44.020943,2.857977792235696,-0.04530566636618532,9.766553451726251,-0.011153594115043389,-0.5771802745980568,-0.007192031287794348,70.9139583563644,Sudden_Acceleration
2026-03-10 23:59:44.070943,2.8367881900860876,0.037751700445148195,9.856943194181538,0.019057388047492522,-0.5188589572562213,0.021546587894765202,71.41782093123095,Sudden_Acceleration
2026-03-10 23:59:44.120943,2.6702671535293137,-0.008382167858606075,9.797008626229253,-0.015709501231252886,-0.5299492043768318,-0.010102062532646292,71.90142964388568,Sudden_Acceleration
2026-03-10 23:59:44.170943,2.5537624549065163,0.004222132130768429,9.818128201283512,-0.0020413577991127935,-0.4940637536665417,-0.006025730057095048,72.36220423260215,Sudden_Acceleration
2026-03-10 23:59:44.220943,2.399953564566737,-0.016351355535592582,9.812704450519,-0.009016553539813314,-0.4634589848408066,0.0034918087538545143,72.79768626558491,Sudden_Acceleration
2026-03-10 23:59:44.270943,2.2871217943687325,0.007796361816144945,9.839429352530207,0.010458774088544094,-0.41472017456422455,0.012507866002217241,73.20555225776674,Sudden_Acceleration
2026-03-10 23:59:44.320943,2.1040321108380855,0.02485799655939054,9.78866717007066,-0.002012835491615088,-0.3916796368621684,0.0017136866913007726,73.58362606760676,Sudden_Acceleration
2026-03-10 23:59:44.370943,1.9027070109913629,-0.023263490194356116,9.802031775548437,-0.017706656353071767,-0.37974881786873727,-0.010415116260912525,73.92989050774719,Sudden_Acceleration
2026-03-10 23:59:44.420943,1.7424110211355999,-0.013904742794743756,9.792619654990078,-0.006775173548707342,-0.3379231248227934,-0.011059819865793987,74.24249810758064,Sudden_Acceleration
2026-03-10 23:59:44.470943,1.5779043825040229,0.038041390817904565,9.831782927096812,0.017844454078245284,-0.28261737596112196,0.015555640005749641,74.51978097030519,Sudden_Acceleration
2026-03-10 23:59:44.520943,1.345632556166328,-0.03452242156731521,9.808555795912353,-0.0018759053696233386,-0.2605731835541835,-0.006795104423372166,74.7602596718754,Sudden_Acceleration
2026-03-10 23:59:44.570943,1.1359233273120548,0.0034188029593456883,9.788028503096193,-0.0007478577848847824,-0.2221194644120893,-0.00101237162404419,74.96265115436978,Sudden_Acceleration
2026-03-10 23:59:44.620943,0.9011760459485987,-0.019754011538249773,9.794431320959557,0.0006927425542434269,-0.1734118828619344,0.00039450153010861955,75.1258755716599,Sudden_Acceleration
2026-03-10 23:59:44.670943,0.7056497343623044,0.00013870304597175462,9.845029352028696,-0.002018671627452737,-0.12387466008713711,-0.001639366709455331,75.24906205085676,Sudden_Acceleration
2026-03-10 23:59:44.720943,0.45229797300260666,-0.006663069509514967,9.821980452979876,0.0078930827192595,-0.08813819789052417,0.001559898629734456,75.33155333879441,Sudden_Acceleration
2026-03-10 23:59:44.770943,0.1973857594640636,-0.020824598586901097,9.758557080810967,-0.0085613246596904,-0.05693449945128347,-0.005337376096504165,75.3729093087599,Sudden_Acceleration
2026-03-10 23:59:44.820943,0.009732230727822162,0.012618895283906893,9.79811435696717,-0.0033169701036734624,-0.009273781159639342,-0.00029854402141029105,75.3729093087599,Sudden_Acceleration
2026-03-10 23:59:44.870943,0.019154057362039276,0.01854787284920366,9.822688134419314,0.00646440789425296,0.0019647912867288187,0.003309568926422666,75.25895841718436,Normal_Driving
2026-03-10 23:59:44.920943,0.018357802109568173,0.0010350972195888944,9.8066351551624,0.005152673337519852,-0.0002501573441450085,-0.0004516390938122689,75.31672781457966,Normal_Driving
2026-03-10 23:59:44.970943,-0.0008408990919904855,0.008118854411170435,9.821853004018685,-9.385144890037764e-05,0.011521070171913577,0.0018022795641479657,75.43731332472551,Normal_Driving
2026-03-10 23:59:45.020943,-0.029930441446024136,-0.02998697492150134,9.760564689001187,-0.015163719157903665,-0.017908031761610772,-0.0031093988246230064,75.00862769586229,Normal_Driving
2026-03-10 23:59:45.070943,0.013272219048264675,0.012537468330116267,9.806556656558486,0.0071143128955748905,0.005023219765594045,0.008351745404142304,75.48510547566077,Normal_Driving
2026-03-10 23:59:45.120943,0.04125032948517922,0.02758906166132173,9.83864982849775,0.017377549818539204,-0.001379984591680745,0.0018303320451481427,75.58244812761302,Normal_Driving
2026-03-10 23:59:45.170943,-0.004976032403209684,0.014344728297567886,9.816090953028622,-0.0035666116963449187,0.006504394343904366,-0.0011279953489126992,75.26184219101104,Normal_Driving
2026-03-10 23:59:45.220943,-0.012764700220287035,0.002848465582118393,9.797432717613125,0.004155844593100734,-0.009799539632003121,-0.011533767409193974,76.10134290623539,Normal_Driving
2026-03-10 23:59:45.270943,-0.0007717081505889513,-0.020147160514267237,9.823891641722648,-0.005425932341223991,0.006452309961684799,-0.008965168383557579,75.2692256692854,Normal_Driving
2026-03-10 23:59:45.320943,0.043543849806995036,0.03124370799165792,9.827185964564048,0.00883473760553087,0.018555028408404096,0.00743323742936906,75.51562890790593,Normal_Driving
2026-03-10 23:59:45.370943,0.008161990523541574,-0.004409675985279242,9.811324596237007,0.003962799225145344,0.001071383150447977,-0.00669310963269108,75.25306883731145,Normal_Driving
2026-03-10 23:59:45.420943,-0.051587592650374006,-0.027338994858137705,9.787715361982446,-0.013219201508879463,-0.016662323299640406,-0.014252504682674545,75.74365514929477,Normal_Driving
2026-03-10 23:59:45.470943,0.021400573040312277,0.014799124649675236,9.831557867197157,0.004339157438829909,0.00943886155386211,0.014767140468898664,75.4880994180448,Normal_Driving
2026-03-10 23:59:45.520943,0.021792911056671995,0.024109862755447346,9.82645689550683,0.007233002979097281,0.0015316455332255985,0.011111758150931409,75.83313600701504,Normal_Driving
2026-03-10 23:59:45.570943,0.003999585287685016,0.022054217628236845,9.820210729206687,0.0004168116145126209,0.002334895700732865,-0.008451332847866358,75.3566608309394,Normal_Driving
2026-03-10 23:59:45.620943,-0.006735265615465405,-0.024669467359766238,9.810398936109916,-0.0141253306599376,-0.008385663769769684,-0.004169611919759294,75.63822550794389,Normal_Driving
2026-03-10 23:59:45.670943,-0.00485319003727123,-0.010995770623064121,9.813481406634528,-0.0005911500597409321,0.0012047395836887723,-0.007237974667193237,75.22715311993832,Normal_Driving
2026-03-10 23:59:45.720943,0.038164770839710975,0.028165670188411072,9.820469595973725,0.010534677326354712,0.007978251881551424,0.015286491476810118,75.12206151588039,Normal_Driving
2026-03-10 23:59:45.770943,-0.0024384956723887997,-0.006076489345384876,9.800521473134502,-0.01007467494581881,-0.005195386874266654,-0.007316973260736676,75.75794644676391,Normal_Driving
2026-03-10 23:59:45.820943,-0.023411884858256994,-0.030024695393391053,9.780331087525086,-0.006847664365982915,0.001117350501628837,-0.011497142970215684,75.34787447702456,Normal_Driving
2026-03-10 23:59:45.870943,0.010929852110540424,0.017949069170907193,9.821288987348797,0.020272376623498727,0.015768958030167195,0.0003793701526245566,75.59598292069644,Normal_Driving
2026-03-10 23:59:45.920943,0.009579043974476618,-0.003063668769305348,9.819673871512999,-0.0035318245197947734,-0.0039410802639319635,-0.003019047557230258,75.21379689207623,Normal_Driving
2026-03-10 23:59:45.970943,0.0035647990977344182,0.0288791759778061,9.827980093464596,0.013405910280738061,0.0018856391898590171,0.015593022761568261,75.16951404452371,Normal_Driving
2026-03-10 23:59:46.020943,-0.02587905617651271,-0.04084993867591434,9.784727232509152,-0.01264220388215911,-0.015752834471429066,-0.018796817119621438,75.28215717204552,Normal_Driving
2026-03-10 23:59:46.070943,0.027709302317282115,-0.012246205852207374,9.8254152362495,0.008217040927105077,0.01582251399299673,0.004192546884368653,75.51586690289987,Normal_Driving
2026-03-10 23:59:46.120943,0.028311525854131055,0.02669427277188046,9.825147116694346,0.018811089513001367,0.01002344629906258,0.007978760504697079,75.43942084100509,Normal_Driving
2026-03-10 23:59:46.170943,-0.0244722902108403,-0.00788726660466439,9.821380853181692,0.004272332165532265,0.0024753018386357395,-0.005993523276802717,75.43640145943121,Normal_Driving
2026-03-10 23:59:46.220943,-0.021178476385262913,-0.026935645877215454,9.777662503952474,0.0028243971260121133,-0.015817368203260407,-0.01145924489383405,75.96301751989849,Normal_Driving
2026-03-10 23:59:46.270943,0.030120626426109114,-0.0010221142619777114,9.81784124690207,-0.007316190927716671,0.0005042281372319348,-0.001400184629983806,75.42921418584459,Normal_Driving
2026-03-10 23:59:46.320943,0.0021648729516082228,-0.014078106961235052,9.82119605442496,0.006537689101821818,-0.003544242543496257,0.008403230208545616,75.26749067538026,Normal_Driving
2026-03-10 23:59:46.370943,0.005672353299340181,0.002379176312229359,9.819045030145265,-0.002880256294708299,0.01710454196358864,0.0025375726704277377,75.48142371864598,Normal_Driving
2026-03-10 23:59:46.420943,-0.03209657684689311,-0.0283690094848555,9.768035429996406,-0.029712051343255053,-0.018142368101182898,-0.013345489934961607,75.12026891862132,Normal_Driving
2026-03-10 23:59:46.470943,0.022702797819521656,0.024230435042947415,9.833747978979824,0.012863215315090012,0.015329577804865316,0.013598825915830906,75.30336470875969,Normal_Driving
2026-03-10 23:59:46.520943,-0.009924308470857346,0.004597069217763217,9.814944042889072,0.0024872414489526735,0.0028293013501884292,0.003395413180843852,75.67259790977212,Normal_Driving
2026-03-10 23:59:46.570943,0.009599642585070645,-0.002597864508042232,9.804704306298122,0.005375281953472305,0.0012005662854779895,-0.0032760712522575354,75.1322870101611,Normal_Driving
2026-03-10 23:59:46.620943,-0.017727369671573862,-0.02091100987513386,9.793231477608405,-0.0013129313044175275,-0.027829297359865963,-0.010796011665826874,75.0650580779434,Normal_Driving
2026-03-10 23:59:46.670943,0.005809729559114331,0.033427375514961014,9.81267893437583,0.0032972601805489553,0.00031233723181918645,0.008087852681095846,75.05657560669295,Normal_Driving
2026-03-10 23:59:46.720943,0.006971000918435487,0.0399008755364072,9.818333758219534,0.0046395394964356875,0.009962961227900299,0.0037859261749741756,75.30019174974376,Normal_Driving
2026-03-10 23:59:46.770943,0.004586956878761202,0.00038438888761292987,9.807567710527103,-0.006149943574318103,0.009207919430292474,-0.0004122674739442198,75.45296124954224,Normal_Driving
2026-03-10 23:59:46.820943,-0.017909462685183945,-0.030489072741110273,9.770462881405923,-0.011228116408273696,-0.0069861977427398796,-0.018366926744525548,75.60215816196059,Normal_Driving
2026-03-10 23:59:46.870943,0.035294214206891654,0.04402241771249521,9.829792742727838,0.010300262807650834,0.02443515310598332,0.01785678503561603,75.64558885494537,Normal_Driving
2026-03-10 23:59:46.920943,-0.009901238206637172,0.006435655306349179,9.83165699245344,-0.0064984098559935435,-0.0030940444727161572,-0.010054390700544757,74.99682948392393,Normal_Driving
2026-03-10 23:59:46.970943,0.013637007838850619,-0.0019793868466372877,9.81126100748124,0.009195630595645921,0.00013514554745221348,-0.0017666009770589425,75.44031696515277,Normal_Driving
2026-03-10 23:59:47.020943,-0.03854195765748472,-0.0634956284587908,9.78431808811617,-0.00890457658046663,-0.015159336032823975,-0.009036505177790411,75.73127041803457,Normal_Driving
2026-03-10 23:59:47.070943,0.008142899435593922,0.0036320804173559026,9.837424783483467,0.003218753007878503,0.017152867523813668,0.010925466898463587,75.44110681590055,Normal_Driving
2026-03-10 23:59:47.120943,0.012050938341655099,0.01948111934077313,9.817150216168583,0.00436259532080082,0.005250572566376808,0.007828695103295603,74.86639527985832,Normal_Driving
2026-03-10 23:59:47.170943,-0.017074442131475902,-0.024528182230327447,9.817072356793256,-0.00014012065372273055,0.003102375134714284,0.0009536234873642321,75.55164299280636,Normal_Driving
2026-03-10 23:59:47.220943,-0.029649994648823657,-0.028887527212293252,9.796283025502783,-0.005246976926218932,-0.01378973423552985,-0.016751015808524658,74.81620537538996,Normal_Driving
2026-03-10 23:59:47.270943,0.031499080962507184,0.040687907884835964,9.835747750175535,0.01059984305930154,0.012278500962873432,0.013179331969164487,75.5322910961898,Normal_Driving
2026-03-10 23:59:47.320943,-0.001338191389678986,-0.010274350102304552,9.80183152880351,0.004202293419949261,0.006160789036274138,-0.0031597342418758444,74.98157006878938,Normal_Driving
2026-03-10 23:59:47.370943,0.005338383177559244,0.017085450291509607,9.822253252035464,-0.006636848676954324,0.00319238140458093,-5.045066603886084e-05,75.64564015888214,Normal_Driving
2026-03-10 23:59:47.420943,-0.04175001642046348,-0.05604389996423448,9.756066641422967,-0.015450181506163372,-0.01488228260065412,-0.01951500440816635,75.57856344566873,Normal_Driving
2026-03-10 23:59:47.470943,0.02499607826263116,0.03451530299154002,9.848374235876626,0.02836128918566911,0.020395410220240412,0.00663371279308622,75.79670118083338,Normal_Driving
2026-03-10 23:59:47.520943,-0.012701235447324093,0.0020348538467343294,9.831080363141725,-0.00788124591190658,0.0064958951396686514,0.009138692884245887,75.84968612973545,Normal_Driving
2026-03-10 23:59:47.570943,-0.019522431782186916,0.0004108226133365464,9.804898764918796,-0.005104317204930682,0.0007883585485910301,0.0006717994173826482,75.89161745973092,Normal_Driving
2026-03-10 23:59:47.620943,-0.006137872779898412,-0.036264577534159986,9.777935296177676,-0.009363462674391797,-0.007663570483908402,-0.014466755135824474,74.95712582322146,Normal_Driving
2026-03-10 23:59:47.670943,0.024042004231696286,0.031580678067026025,9.826361748235003,0.009880633519933428,0.004020944861036959,-0.0022307040088797633,75.4111349818181,Normal_Driving
2026-03-10 23:59:47.720943,-0.006473116805077315,0.0030983742734946662,9.819744745656847,0.005221663053185692,0.01030501915964247,0.0006516829657683782,75.73435460968832,Normal_Driving
2026-03-10 23:59:47.770943,-0.006962236913863112,0.001324923510561864,9.81059229870718,-0.0019183077114829014,0.004382884575952818,0.011857385559292027,75.5727563069323,Normal_Driving
2026-03-10 23:59:47.820943,-0.041599591603900546,-0.04260214588801598,9.780136681597106,-0.024929228708656558,-0.021745431087979536,-0.0033472362160004814,75.01157847953438,Normal_Driving
2026-03-10 23:59:47.870943,0.03401165510967219,0.04043453561683595,9.841998252669168,0.01646223673400334,0.013278241732060329,0.028956109272152166,75.57488701802042,Normal_Driving
2026-03-10 23:59:47.920943,-0.011533337946470271,-0.019789581684979712,9.815277035530404,-0.006241634422487994,0.005506987444622899,0.0006221319644510743,75.71504034086068,Normal_Driving
2026-03-10 23:59:47.970943,0.00912090965709465,-0.00793023064680643,9.818277707480515,0.006279424539317223,0.0039000682224396236,-0.005325990853159383,75.20450208688055,Normal_Driving
2026-03-10 23:59:48.020943,-0.016261296141093267,-0.02720776996388544,9.797141425090146,-0.014962816712296762,-0.009968901805916587,-0.02179129972611006,75.39670593371585,Normal_Driving
2026-03-10 23:59:48.070943,0.03145023162933839,0.01411322520084643,9.818176944819148,0.010100741235010093,0.010699786231786485,0.017098305415545738,75.92107107625425,Normal_Driving
2026-03-10 23:59:48.120943,0.00421343774098486,0.026222752677023377,9.82567163642235,0.0030468241129599652,-0.0014416395086771444,-0.004444174471489427,75.08587966062595,Normal_Driving
2026-03-10 23:59:48.170943,0.006098698559164979,0.004400660929460581,9.798242579186361,-0.004322109328943332,-0.004810700129484964,-0.0006683242379358235,74.85767208659928,Normal_Driving
2026-03-10 23:59:48.220943,-0.03353477528977596,-0.007577151702053666,9.780421957598108,-0.003247166183810459,-0.010464031548926514,-0.010435210783285248,75.51756974343776,Normal_Driving
2026-03-10 23:59:48.270943,0.04005576480098645,0.049158517153100156,9.835575749869957,0.02365509440355434,0.015778650571902076,0.025255472907030847,75.44527860951965,Normal_Driving
2026-03-10 23:59:48.320943,-0.027156284878477408,-0.02616547686333362,9.796620125029161,0.0032615101838734638,-0.008261975057708077,-0.011066978819437082,75.48030001041637,Normal_Driving
2026-03-10 23:59:48.370943,0.008881084808721624,0.00706415604913113,9.834042854100968,-0.006945957169486072,0.0033686140812127954,0.004746643757381215,75.98974416155916,Normal_Driving
2026-03-10 23:59:48.420943,-0.03767109435001985,-0.052953759523770044,9.777081837231632,-0.025875883845152967,-0.016517355931903396,-0.022647071711374547,75.84334583102695,Normal_Driving
2026-03-10 23:59:48.470943,0.03172464116026583,0.026119131577912562,9.824974620821331,0.01162410642043378,0.01420611302561551,0.02099782898187903,74.82498766997335,Normal_Driving
2026-03-10 23:59:48.520943,0.0217045126226839,0.002545262198853201,9.829748000256451,-0.0012129162443744804,0.009045945424323975,0.0020265862201345438,75.55893369839323,Normal_Driving
2026-03-10 23:59:48.570943,-0.0028224534241665976,0.0022725740297498825,9.808092155636649,0.0038219402530399772,-0.001214427630702029,-0.010793254385248434,74.95690774121053,Normal_Driving
2026-03-10 23:59:48.620943,-0.0013744423159649313,-0.012083893172939545,9.784926266194503,-0.013418538120664552,-0.016286728013000955,-0.007615998747256195,75.64937125493458,Normal_Driving
2026-03-10 23:59:48.670943,0.02792865271342458,0.02115435472978717,9.834194636822337,0.020365633145119896,0.00887300406409149,0.016122542630052753,75.99959421223782,Normal_Driving
2026-03-10 23:59:48.720943,-0.010873556118671013,0.003481596580209291,9.811753845110246,-0.014628586364995227,0.010848015062281365,0.0019378366622335493,75.41245344160833,Normal_Driving
2026-03-10 23:59:48.770943,0.005065370099665662,0.002732387714980979,9.817984941374787,0.013617612006938638,0.007433271350369694,0.005754262453569458,75.39811069734465,Normal_Driving
2026-03-10 23:59:48.820943,-0.024456763031198377,-0.022071787311551856,9.776019865694993,-0.014518529619107693,-0.012321159415575409,-0.02988199617273601,75.09591206070748,Normal_Driving
2026-03-10 23:59:48.870943,0.03921291423277423,0.03657787662278822,9.866741774687231,0.016028508482835643,0.02651144965797099,0.02598308063880086,75.19613369430837,Normal_Driving
2026-03-10 23:59:48.920943,0.004041723058925445,-0.013683459264660195,9.795365087358585,-0.008513790017748504,-0.005226282556147309,0.0018695451103386768,75.44244588492879,Normal_Driving
2026-03-10 23:59:48.970943,-0.011700756849037739,0.011205168608447294,9.79768247080083,-0.0003999630834588422,-0.008842646953687444,-0.0025417590590822896,75.54689474247846,Normal_Driving
2026-03-10 23:59:49.020943,-0.012023247468524473,-0.01963912300076476,9.781039834488164,-0.012684089116033323,-0.029922586210916726,-0.008849540456015405,75.47684915213391,Normal_Driving
2026-03-10 23:59:49.070943,0.02676463310174453,0.012910461555521075,9.84366894290124,0.006979984074755955,0.010470728985415493,0.0021625216019517685,75.22757104110099,Normal_Driving
2026-03-10 23:59:49.120943,-0.006661886935229878,0.013075360503276102,9.814429820884762,0.007116531971675449,0.005755751651633209,-0.004142798241367065,75.49371378622229,Normal_Driving
2026-03-10 23:59:49.170943,0.013290778834705176,-0.009497571203857833,9.807024621111822,0.0036562906496245434,-0.005436315365322183,0.005822340415700355,75.39489649214065,Normal_Driving
2026-03-10 23:59:49.220943,-0.019448637902533657,-0.052444131711297276,9.763726455568834,-0.012100237522585685,-0.0169558305234339,-0.013535839150072396,74.62841022475544,Normal_Driving
2026-03-10 23:59:49.270943,0.05561286503918437,0.049116449285278044,9.847745466842488,0.016949416701007188,0.02126164856457467,0.019874920618667833,75.58708296638537,Normal_Driving
2026-03-10 23:59:49.320943,-0.012298759260333454,-0.03114978660387923,9.803946161377297,-0.02480898070031636,-0.006416083027539848,-0.01622538781133258,75.82188747643524,Normal_Driving
2026-03-10 23:59:49.370943,-0.010067487246740905,0.0024519184058748268,9.805145495928105,0.000408699347485662,-0.019237324507310322,0.0010179560305593766,76.0884434340878,Normal_Driving
2026-03-10 23:59:49.420943,0.0019759079573158367,-0.03158376342934258,9.756488412033363,-0.015894613072010632,-0.00640642415124728,-0.011593542246169921,75.65395910948362,Normal_Driving
2026-03-10 23:59:49.470943,0.05062224505940062,0.026040933926953277,9.827099725480535,0.015707133451638936,0.011078300568131035,0.01642741625270141,74.81584444458868,Normal_Driving
2026-03-10 23:59:49.520943,-0.0031802154359664558,0.001016680427495001,9.808216804776912,0.002474215052957161,0.00535596040458047,0.00402454846930097,75.5405126477853,Normal_Driving
2026-03-10 23:59:49.570943,-0.020494945279243972,-0.013439182508047081,9.798024117570991,-0.010733937058441029,-0.010604430362072884,-0.005430789824939347,75.32921060021408,Normal_Driving
2026-03-10 23:59:49.620943,-0.017622503222035825,-0.015321512116589466,9.782865991456816,-0.020914858711797935,0.0007392701121199819,-0.011374535848407362,75.07538471857586,Normal_Driving
2026-03-10 23:59:49.670943,0.04463467500831568,0.03640978121404799,9.83599987507127,0.017567708644462658,0.02520980389312639,0.020535220287209333,75.45603340032629,Normal_Driving
2026-03-10 23:59:49.720943,-0.04030601633001439,-0.00830878775053964,9.795143312203546,-0.00030653306732494976,-0.0031927927148293206,0.0034235335652382706,75.38326524510539,Normal_Driving
2026-03-10 23:59:49.770943,0.006881831509210572,0.020434157965270393,9.807919610006929,-0.010123510453001104,0.008739684486854256,0.0027742521704113387,75.23381778839968,Normal_Driving
2026-03-10 23:59:49.820943,-0.023201923697785416,-0.03229512321517427,9.785755442142124,-0.026414947698129743,-7.913193239816527e-05,-0.001223862860184161,75.6743993456561,Normal_Driving
2026-03-10 23:59:49.870943,0.025957805901692367,0.03666279520933043,9.840484469398387,0.010612907753195046,0.013624416318421068,0.013291076704650545,75.15107064294095,Normal_Driving
2026-03-10 23:59:49.920943,0.0030540219140128178,-0.013883029327038145,9.79606321099956,0.0015270032512085614,0.00462869157481948,-0.003508465137462207,75.51825862860412,Normal_Driving
2026-03-10 23:59:49.970943,-0.016646577377632407,0.0026440948576814827,9.81578792349832,-0.009277979645965974,-0.014815593824323365,-0.016604117246423022,75.29594519777164,Normal_Driving
2026-03-10 23:59:50.020943,-0.02148134873870449,-0.01407113446935376,9.79998590807535,0.0055624640902955,0.004162117193494214,-0.013009754085802516,75.83915459162885,Normal_Driving
2026-03-10 23:59:50.070943,0.020223837837060207,0.02624441896403843,9.827958673756271,0.0052731699111109205,0.024074771537372627,0.018659374764261917,75.17962398889632,Normal_Driving
2026-03-10 23:59:50.120943,0.007567556807733756,0.015412630155525306,9.810026729428058,-0.0007415374222657218,0.0038241613189661794,0.0109265202476737,75.17857775134986,Normal_Driving
2026-03-10 23:59:50.170943,0.01240731871357538,-0.020100355957658193,9.806412586028083,-0.00028459429393830555,-0.001070626461323491,0.0028944717478925222,75.72577595817171,Normal_Driving
2026-03-10 23:59:50.220943,-0.015895594215863902,-0.009034744093360417,9.801715789455901,-0.00951671711805396,-0.021216409152677328,-0.01193600570372433,75.53474594091703,Normal_Driving
2026-03-10 23:59:50.270943,0.046771090879169204,0.05458835758790158,9.858163013578388,0.01199848805042061,0.0245138830741845,0.023920133227742144,75.67617412362426,Normal_Driving
2026-03-10 23:59:50.320943,0.005510939613845986,-0.026553634730490924,9.819818719307568,-0.002701959898384804,-0.016028627529481445,-0.007322721319499586,74.91352448892935,Normal_Driving
2026-03-10 23:59:50.370943,-0.024912118036053615,-0.001994646851158603,9.804168410168279,-0.020072609372795473,0.004201832938879916,-0.006399019643301223,75.41241283642223,Normal_Driving
2026-03-10 23:59:50.420943,-0.018447659173603696,-0.010675061552397778,9.809566958107252,-0.011545256954752309,0.006223582086141122,0.005639712564565951,75.61692653796719,Normal_Driving
2026-03-10 23:59:50.470943,0.014286815167884348,0.020009404503147223,9.83359016989491,0.011433655500372088,0.009908391472892778,0.002070734616155103,75.36545816129542,Normal_Driving
2026-03-10 23:59:50.520943,0.0234775118969686,0.017119921129335375,9.820653581284056,0.0024875999318702676,-0.004952776429811503,-0.00031651094206536093,75.82458993689707,Normal_Driving
2026-03-10 23:59:50.570943,-0.012874876785879032,-0.013657910542422382,9.783843663948904,-0.00488965372080369,-0.010274037390157297,-0.004606974188734107,75.68596091283108,Normal_Driving
2026-03-10 23:59:50.620943,-0.02054076288930933,-0.005449786692418884,9.801968004703786,-0.0100294977180155,-0.002460678464515474,-0.006536511897044959,75.17655204380931,Normal_Driving
2026-03-10 23:59:50.670943,0.025654446276653947,0.03186126265830598,9.817601721704992,0.004851364737098615,0.02890545698168468,0.00526897831676168,75.03168996176272,Normal_Driving
2026-03-10 23:59:50.720943,0.028804083434800665,-0.007815431793703635,9.790738577281608,-0.014495632447734509,6.387852080259708e-05,0.004619176404344717,75.54888051642084,Normal_Driving
2026-03-10 23:59:50.770943,0.017289043079165133,-0.010983901398353445,9.802767411534274,0.0011435538882234395,-0.016212571943740095,-0.008830811927358403,74.83872349024631,Normal_Driving
2026-03-10 23:59:50.820943,-0.004902971665633613,-0.02780060805422396,9.790839917443524,-0.014016544474003249,-0.012944674288561334,0.007537166767365077,75.4807817080596,Normal_Driving
2026-03-10 23:59:50.870943,0.04029654217969413,0.012741163774191998,9.842474111754358,0.022305477301536748,0.012885703418383576,0.009174544117127387,75.50946089088545,Normal_Driving
2026-03-10 23:59:50.920943,0.009624923878163766,-0.0188098363012368,9.799945217331437,0.004028058473704152,0.003401208252869267,0.002937053821253146,74.96179585780776,Normal_Driving
2026-03-10 23:59:50.970943,-0.045915615537738756,-0.03003474390969043,9.786778019710072,-0.013365327359353878,-0.012474355166354732,-0.004584902343843306,75.55128673121338,Normal_Driving
2026-03-10 23:59:51.020943,-0.008977994924083951,-0.002566994459048368,9.809675305763188,-0.002275370600744669,-0.0015442298018326977,-0.005467710996411429,75.5862594174358,Normal_Driving
2026-03-10 23:59:51.070943,0.03226211751102078,0.017319117735748013,9.837680933403536,0.008445206871924989,0.00937022167581281,0.009349861660639329,75.21995197515234,Normal_Driving
2026-03-10 23:59:51.120943,-0.0074652149839223286,-0.011240644695680122,9.793657795522538,0.0029697931048604832,-0.0034779555121573435,0.0049027649292815,75.51368590633037,Normal_Driving
2026-03-10 23:59:51.170943,-0.021501615576416094,-0.004134383382977595,9.811116718979898,0.002473984528919586,-0.0041546884526936214,-0.00871217591644338,75.77817121322634,Normal_Driving
2026-03-10 23:59:51.220943,-0.039736904777914146,-0.005918029043426289,9.809793858752053,-0.0033936032358212534,-0.010740780186759214,-0.004856049940456632,75.30117638086813,Normal_Driving
2026-03-10 23:59:51.270943,0.036846225432169796,0.019131836609220607,9.830018351952793,0.02780659715119635,0.016923011173021914,0.016851370826976474,75.56203392685458,Normal_Driving
2026-03-10 23:59:51.320943,0.005941606062612706,-0.013618441402449215,9.790564705413924,-6.980105862240812e-05,-5.594553187872374e-05,0.0006165786671099801,74.874758486445,Normal_Driving
2026-03-10 23:59:51.370943,-0.017056521237219475,-0.028501442749237254,9.80052424813076,-0.0014018410315888852,-0.013079536423727865,-0.0046828181882915595,75.89982728166416,Normal_Driving
2026-03-10 23:59:51.420943,0.0189550399191105,0.0006696387820083164,9.802876665431961,0.006785515810463954,0.004846321790631916,0.012484308236715737,75.45179017016734,Normal_Driving
2026-03-10 23:59:51.470943,0.025621263324234145,0.00485742000916967,9.819568474587753,0.004119956513508705,0.002203248365175812,-0.0020121780508716063,75.497235204822,Normal_Driving
2026-03-10 23:59:51.520943,0.00400094405563964,0.0041720639033480415,9.823564349275868,-0.0007363566155544577,0.006354492889337029,-0.0035100868850552547,75.5452253291206,Normal_Driving
2026-03-10 23:59:51.570943,-0.03601441298237186,-0.0018616736067242554,9.780213503633286,-0.016702954277294915,-0.008168865202485545,-0.014219343720077498,75.8219819416213,Normal_Driving
2026-03-10 23:59:51.620943,0.01136573171511936,-0.01682770650055261,9.788316510953798,0.009533698576017232,-0.01508808958606741,-0.005826114807252649,75.40301873789993,Normal_Driving
2026-03-10 23:59:51.670943,0.033861308079786614,0.04131393277199759,9.838992491557649,0.009493571701390757,0.012672747583701693,0.021300994634475278,75.38981785624361,Normal_Driving
2026-03-10 23:59:51.720943,-0.020121926619053543,-0.03808313612311921,9.79549909089235,-0.003359829540348004,0.0038138784088805845,-0.0036930855659854014,75.03971905430502,Normal_Driving
2026-03-10 23:59:51.770943,-0.034544670291034266,-0.011263521335733176,9.789797619762776,-0.0033691758192883024,-0.007456444132880954,-0.0014912994452993362,75.31039543627871,Normal_Driving
2026-03-10 23:59:51.820943,0.001966753957385349,-0.009198547352795215,9.843831563931166,-0.0023346105897462405,-0.0033810049257350897,0.002011805474880611,75.32036778881826,Normal_Driving
2026-03-10 23:59:51.870943,0.021378204858559076,0.019693840396511834,9.810199954945801,0.0036665476407572563,0.0012098183684244755,0.005917196118426886,75.21287472737868,Normal_Driving
2026-03-10 23:59:51.920943,0.02084164936080606,0.00016713122667575547,9.81260834320717,0.005812378834281751,0.006114387517130162,0.014665457586017838,75.16640742163834,Normal_Driving
2026-03-10 23:59:51.970943,-0.040142855723355936,-0.014934474445625043,9.768183174689279,-0.0077518576740669394,-0.014545927460215984,-0.010788834293764944,75.13498525382718,Normal_Driving
2026-03-10 23:59:52.020943,0.013769800836516953,-0.008034438697237169,9.80830561035216,0.0015140051567244376,-0.002681766476365213,0.0006689230033950858,75.12448015578458,Sharp_Turn
2026-03-10 23:59:52.070943,0.012897172161440554,0.24698307511991655,9.815485384489545,-0.012365252060754568,0.006575444693546038,0.19164677007263412,75.1827945092916,Sharp_Turn
2026-03-10 23:59:52.120943,-0.001928002708635421,0.4667236460445008,9.80301814726199,-0.04320320938094614,0.00465599919962845,0.37486965050159826,74.96690606415918,Sharp_Turn
2026-03-10 23:59:52.170943,-0.024545190091718475,0.651747883285504,9.775537361724432,-0.07279699395578781,-0.01587969434774444,0.5273661516553672,75.06707872400173,Sharp_Turn
2026-03-10 23:59:52.220943,0.013437902843612761,0.9095006270400693,9.8196670746454,-0.08408910863928483,-0.0024251330491263092,0.7130190333089387,74.85190596565504,Sharp_Turn
2026-03-10 23:59:52.270943,0.011266654028548335,1.1474194147103653,9.821604313441785,-0.0920248831878613,0.014124741167459251,0.9102629210773655,74.79929319298081,Sharp_Turn
2026-03-10 23:59:52.320943,-0.0019502817184678407,1.3125014198600808,9.81046340436199,-0.12418099301320575,-0.008608949488975174,1.0693561044417168,74.85579620121135,Sharp_Turn
2026-03-10 23:59:52.370943,-0.023183892242234178,1.5353880640935014,9.785769232437115,-0.14717486860091683,-0.02165212225535271,1.2355352975175913,75.05274897031,Sharp_Turn
2026-03-10 23:59:52.420943,0.034576424825464434,1.7393782979770382,9.816792013894972,-0.16036224081343556,0.0014747297016475165,1.4174210526412345,74.80226624089866,Sharp_Turn
2026-03-10 23:59:52.470943,0.022645190341320322,1.958191473727365,9.819972148564938,-0.1769682599713305,0.002614657216179676,1.5693702289174225,74.92706311725257,Sharp_Turn
2026-03-10 23:59:52.520943,-0.001601132566439234,2.1619955674914504,9.830128645051298,-0.19220682304870432,0.010170106011739974,1.7284441143848872,75.13313850657865,Sharp_Turn
2026-03-10 23:59:52.570943,-0.042977201111031406,2.312148363488741,9.75469819042161,-0.2395437875965889,-0.018968260715442418,1.8679789229621113,75.09536417195793,Sharp_Turn
2026-03-10 23:59:52.620943,0.017114182846067794,2.5624246658140772,9.814521541275534,-0.21977548835944663,0.01499655394499464,2.0458664780614115,75.03773340647632,Sharp_Turn
2026-03-10 23:59:52.670943,0.01746175725167649,2.733835513892164,9.836167725987469,-0.2466403436412099,0.00901733251442979,2.1781844223208684,74.85582792374923,Sharp_Turn
2026-03-10 23:59:52.720943,0.008659192758528157,2.8791976466066105,9.810525251265663,-0.2686621420776266,0.00155703814255056,2.310138556474901,75.10005683538688,Sharp_Turn
2026-03-10 23:59:52.770943,-0.0249710960798235,3.040299712798746,9.779637904974555,-0.2897947041871472,-0.005172949652057386,2.4440486209878833,75.19910894007232,Sharp_Turn
2026-03-10 23:59:52.820943,0.005489744486448602,3.1989278872158087,9.826275442651369,-0.3002202159686789,0.009261846190571438,2.581956729517678,75.11678477226214,Sharp_Turn
2026-03-10 23:59:52.870943,-0.020294385941862992,3.3876867672963016,9.830624498459187,-0.29052253531216515,-0.00011741945095923752,2.6923067581103974,74.91491482731914,Sharp_Turn
2026-03-10 23:59:52.920943,0.0011754330841740436,3.505827065745152,9.801423140744408,-0.323981219090294,-0.006379896580221324,2.7980705745308483,75.18069652768769,Sharp_Turn
2026-03-10 23:59:52.970943,-0.04690462359123942,3.580061336173583,9.773671290384673,-0.34850291028628266,-0.01959121524085652,2.884824344088248,75.35305619119038,Sharp_Turn
2026-03-10 23:59:53.020943,0.038128559480640596,3.794108274657981,9.835294461375021,-0.3256455181730962,0.02309271801665102,3.0211731135853133,75.40228613558962,Sharp_Turn
2026-03-10 23:59:53.070943,-0.00695785624349231,3.876861798613097,9.789367376702973,-0.3542193098656931,-0.006494646741113247,3.092902509606379,74.75874224358618,Sharp_Turn
2026-03-10 23:59:53.120943,0.023053569169432832,3.9677301799655833,9.823952272360817,-0.3625248043668114,0.009640436816166165,3.179865794001512,75.48281240760458,Sharp_Turn
2026-03-10 23:59:53.170943,-0.03991944113534396,4.037111904163046,9.797988666937577,-0.38987137596002525,-0.011495655035423812,3.233211965576194,75.19055831603495,Sharp_Turn
2026-03-10 23:59:53.220943,0.009643410184185396,4.163954499851001,9.810601234176756,-0.36597453129197466,0.003045639358116905,3.320448154460283,74.90555785507361,Sharp_Turn
2026-03-10 23:59:53.270943,0.011903659868131876,4.242028563439886,9.82044752777896,-0.3838721911586469,-0.005331773451251451,3.3648246528015497,75.36191387188016,Sharp_Turn
2026-03-10 23:59:53.320943,-0.01882646219949314,4.266376245987281,9.803467028329168,-0.3965521055059108,-0.004468677867465465,3.4045016813010918,75.12702805580831,Sharp_Turn
2026-03-10 23:59:53.370943,-0.044236183349627554,4.26938797091802,9.784128797624144,-0.40679508193305974,-0.0059578024422630525,3.4365117277804647,75.27712189407865,Sharp_Turn
2026-03-10 23:59:53.420943,0.04272371645271969,4.3854382686550615,9.85334097039637,-0.3877985711777597,0.017955097755156437,3.5036808387715146,75.02828759551763,Sharp_Turn
2026-03-10 23:59:53.470943,-0.0013491690924165491,4.345143855978191,9.778113979429145,-0.41334604587955204,-0.005319742593775761,3.493185387439271,75.28127759851108,Sharp_Turn
2026-03-10 23:59:53.520943,0.016664359987208315,4.372154142294399,9.836755524556603,-0.4048707816972174,-0.004070726676930569,3.514232744333267,75.22207116891111,Sharp_Turn
2026-03-10 23:59:53.570943,-0.03578498056048135,4.34102052265953,9.782490806208418,-0.4171295860848589,-0.01498632963010674,3.4952414640994385,75.27953697123621,Sharp_Turn
2026-03-10 23:59:53.620943,0.018613642538677054,4.387388613162786,9.84796548339322,-0.38488979356449016,0.006506066875270855,3.5142082592487762,75.0306924347389,Sharp_Turn
2026-03-10 23:59:53.670943,-0.006798627029612725,4.367121470389832,9.7948213374279,-0.39569076968917405,0.010081319378887768,3.5002805936426546,74.63404465922825,Sharp_Turn
2026-03-10 23:59:53.720943,-0.032044009671924736,4.297566885867028,9.785725396372968,-0.4030260505729997,-0.00771234069928326,3.4482082121362922,75.10865938849932,Sharp_Turn
2026-03-10 23:59:53.770943,-0.028894926704741503,4.2466961265010505,9.784297194751925,-0.40292651742296637,-0.010777783665323911,3.4083420387351895,75.00047016699274,Sharp_Turn
2026-03-10 23:59:53.820943,0.02031631045165217,4.236882547807993,9.831645566925644,-0.3691560846282887,0.011030066114681599,3.3892453248901155,75.24946149776189,Sharp_Turn
2026-03-10 23:59:53.870943,-0.014017193410791669,4.128068236660716,9.810399469953667,-0.38205272737641854,-0.0010939247992507294,3.302763590452574,75.36676992640061,Sharp_Turn
2026-03-10 23:59:53.920943,0.032067721645891896,4.07075648268966,9.828362521494036,-0.3626906844253712,0.00797498029327759,3.2489422603782807,75.53980264254629,Sharp_Turn
2026-03-10 23:59:53.970943,-0.024850983802960264,3.9197119291776334,9.781271066401915,-0.38057720614119617,-0.014702269782336758,3.15489511822556,75.23986212004291,Sharp_Turn
2026-03-10 23:59:54.020943,0.05465944515401946,3.905094299157041,9.845766015734206,-0.3475432956753055,0.018256355976825022,3.1194805158597747,75.36666256795111,Sharp_Turn
2026-03-10 23:59:54.070943,-0.014486867424847678,3.7503591389130033,9.805064226563557,-0.34332979446540834,-0.0028853258166451536,2.998623459747175,75.42523652100417,Sharp_Turn
2026-03-10 23:59:54.120943,0.0006019481144489431,3.5965732848204195,9.784981883818418,-0.3466679881151541,-0.010254050075251774,2.901091350690261,75.45471952369252,Sharp_Turn
2026-03-10 23:59:54.170943,0.009930657391563666,3.5005720399978157,9.82074365581828,-0.3221982041170049,-0.00639252595694815,2.802237752535013,75.55394679385006,Sharp_Turn
2026-03-10 23:59:54.220943,0.009902103597790243,3.3808201151950894,9.820733525554145,-0.2977465008516685,0.010234107918063144,2.7095733108621483,75.07356744387505,Sharp_Turn
2026-03-10 23:59:54.270943,-0.008040471806183183,3.2135898386423585,9.810468404176634,-0.2803047003184593,0.009730829385092106,2.5829971640244294,75.18116567116638,Sharp_Turn
2026-03-10 23:59:54.320943,-0.01384583783162352,3.062831353346276,9.800716716480874,-0.2767698287548045,-0.009522598175677226,2.448290266570106,75.01312595828452,Sharp_Turn
2026-03-10 23:59:54.370943,-0.011988928015483695,2.8761062828352917,9.779373036853697,-0.28889426870176926,-0.013153654728665375,2.295918289719032,75.19586495796224,Sharp_Turn
2026-03-10 23:59:54.420943,0.042272789452115704,2.7546446947899614,9.832639997261651,-0.24211463622198637,0.015716863046336876,2.1924718995769354,75.227573245783,Sharp_Turn
2026-03-10 23:59:54.470943,-0.014931599808640686,2.541049878960834,9.812331229197317,-0.24161102298856876,-0.009449106514616022,2.0245234111360606,75.20064046026455,Sharp_Turn
2026-03-10 23:59:54.520943,-0.002897941459209224,2.3512315743139145,9.810493148907835,-0.2298847362277317,-0.010829405013360566,1.8769312845041972,75.03827839126465,Sharp_Turn
2026-03-10 23:59:54.570943,0.007694636137417695,2.155984516491599,9.808318165865929,-0.19655122099174918,-0.009480786019473577,1.7150149590226713,75.1937505684233,Sharp_Turn
2026-03-10 23:59:54.620943,0.024152737583146663,1.9520066845056063,9.83217877129849,-0.17858658548386894,0.005686324393842203,1.5785611612447512,74.75301252215993,Sharp_Turn
2026-03-10 23:59:54.670943,0.005629950724764186,1.7717169835272144,9.826136810912326,-0.1482441594729474,0.009439523058924185,1.4071218258452645,75.2683700175164,Sharp_Turn
2026-03-10 23:59:54.720943,-0.02642783854087593,1.5312937495783767,9.819189452944036,-0.148386720103824,0.0034308183596967728,1.2154620965238745,75.37780006533441,Sharp_Turn
2026-03-10 23:59:54.770943,-0.01668632795641265,1.3074167369786434,9.792149344818029,-0.11497773727263011,-0.01375352945236271,1.057272680867977,75.11381030955627,Sharp_Turn
2026-03-10 23:59:54.820943,0.015894989820643333,1.147882935426567,9.816786549703846,-0.08295046162691186,0.012499502157519224,0.9115926499819075,75.2664926709161,Sharp_Turn
2026-03-10 23:59:54.870943,-0.005408055281444263,0.8826068914583415,9.793728282676929,-0.0789577789663407,0.0012378561413248397,0.6985246905803768,75.03281080942945,Sharp_Turn
2026-03-10 23:59:54.920943,-0.009616590961453295,0.6640308176790277,9.799682611657676,-0.07524775712687591,0.004440202745581016,0.5496141254599562,75.03408823020838,Sharp_Turn
2026-03-10 23:59:54.970943,-0.02925391376337458,0.44895475992525247,9.807676599172675,-0.05491628298602525,0.0019852654280365163,0.36917381257041776,75.04830714135986,Sharp_Turn
2026-03-10 23:59:55.020943,0.020824984191569706,0.24306825687551525,9.830931564326544,-0.013146022762979525,0.004133321091229998,0.17015700577002665,75.38156221607102,Sharp_Turn
2026-03-10 23:59:55.070943,0.007749751058457279,-0.00024048869190182958,9.797568605318514,-0.0055168771175506766,0.013206164506860577,0.011745733908752705,75.17724919330392,Sharp_Turn
2026-03-10 23:59:55.120943,-0.003999199531217317,0.01162413011964649,9.803164082990197,-0.006163754073052702,-0.005953080747742223,0.0037870421090863086,74.83107416719267,Normal_Driving
2026-03-10 23:59:55.170943,0.018847565739792745,0.0052630262635259325,9.820403489982889,0.010136167551477657,0.013535354146426662,0.013854593748709036,75.42117411273932,Normal_Driving
2026-03-10 23:59:55.220943,0.021199310676172825,0.013221074443840743,9.809778008825694,-0.0012878510098499416,0.0034489148147612003,0.005311952549149911,74.8333916250849,Normal_Driving
2026-03-10 23:59:55.270943,-0.04466223054239685,-0.05165977727912084,9.774854279722314,-0.015321769503337314,-0.008011361508457639,-0.013041144832442293,75.64594006187265,Normal_Driving
2026-03-10 23:59:55.320943,0.0004633039919401758,0.018830510990569465,9.822995213371518,0.00958161901672308,0.00014962061233144254,-0.001379283731855566,75.17191939534095,Normal_Driving
2026-03-10 23:59:55.370943,0.0022568029403930816,0.005466922611286843,9.839959728505098,0.004997682539865676,0.014122838754651623,0.0027135904081060846,74.69816168850646,Normal_Driving
2026-03-10 23:59:55.420943,-0.013490305741123986,-0.00606371190325968,9.803124829236573,0.004184887604254713,0.0023158003705241017,-0.00451587800571468,74.78951630370578,Normal_Driving
2026-03-10 23:59:55.470943,-0.021148106478741942,-0.023064151926248336,9.811938341903193,-0.012795768074005353,-0.004294838870171468,-0.005677488999851953,75.47172024806406,Normal_Driving
2026-03-10 23:59:55.520943,-0.013608060702358225,-0.015294624440142086,9.789979396188976,0.007960650826257748,0.0010030338413618838,-0.0008317527199316599,74.79701438682334,Normal_Driving
2026-03-10 23:59:55.570943,0.011256432181836879,0.018758420170247155,9.80973548871796,0.003980814082821693,0.009811572838766668,0.009852215118220249,75.50109275435491,Normal_Driving
2026-03-10 23:59:55.620943,0.0076413579829044415,-0.012299683093388676,9.810745632915234,-0.0021218849642794203,0.006003377498173051,0.0019931247056233967,75.19739610673307,Normal_Driving
2026-03-10 23:59:55.670943,-0.03300124408657313,-0.032618469129387095,9.76754940360175,-0.01696138339302448,-0.011250180107814919,-0.017381415641395514,75.3228229536661,Normal_Driving
2026-03-10 23:59:55.720943,-0.003752120355635987,0.028652990674530632,9.810472927044554,0.009686840167455244,0.0032436257406398264,0.005066016753563943,75.57379032759118,Normal_Driving
2026-03-10 23:59:55.770943,-0.0024750823721395327,0.015080749873815268,9.82236956731811,0.007617546460536025,0.004567642194743558,0.00042144954548932294,75.28683247621646,Normal_Driving
2026-03-10 23:59:55.820943,0.017206875736689962,-0.003658692240745086,9.814989487805185,0.007477685571908333,0.010598604654632008,-0.006451321482893969,75.2930042021816,Normal_Driving
2026-03-10 23:59:55.870943,-0.03207833901046964,-0.005456167123116935,9.795831273182031,-0.015326317452245657,-0.012564279297905904,-0.013356575672335816,75.47223716007483,Normal_Driving
2026-03-10 23:59:55.920943,0.008861831791253008,0.0199939333185628,9.799880215138815,0.004695495318389431,-0.008282124599889574,0.005118790715919432,75.33547847628039,Normal_Driving
2026-03-10 23:59:55.970943,0.0335679802594679,0.030746908100804198,9.862282680223547,0.004071565140424196,0.020317356674476317,0.0029225902087879983,75.36095052689257,Normal_Driving
2026-03-10 23:59:56.020943,-0.007569290712176773,-0.011454182778268627,9.798429187816112,-0.0024074721210518807,-0.0031633436062302486,-0.003456282621802746,75.02771112991248,Normal_Driving
2026-03-10 23:59:56.070943,-0.03898741690138067,-0.008924962184669278,9.775179759378986,-0.007920765525835071,-0.013298067279032575,-0.014996110041153265,75.39863517415621,Normal_Driving
2026-03-10 23:59:56.120943,0.03693288897362886,0.011708624618931036,9.814069015030396,0.01168431231038147,0.009223176965074058,0.004775283283946167,74.78903097235911,Normal_Driving
2026-03-10 23:59:56.170943,0.01577869741681013,0.013180274574509857,9.815306275450762,0.00022858898602902346,0.0019893179043625714,0.003969919363664958,74.71967030665454,Normal_Driving
2026-03-10 23:59:56.220943,0.011106595803259971,-0.009572879659113962,9.840186923384538,0.011396803167180603,-0.003811976371936439,0.0031406294044153855,75.45588112190961,Normal_Driving
2026-03-10 23:59:56.270943,-0.04497588575135689,-0.03107020938012868,9.775574607503206,-0.016978478562703476,-0.011515751236356876,-0.01806239629101926,75.40119568182924,Normal_Driving
2026-03-10 23:59:56.320943,-0.0041052145850468645,-0.0038364308930155383,9.814219395333108,-0.00276764403591127,-0.00034644450867205717,0.0011487343951370266,74.87786763145584,Normal_Driving
2026-03-10 23:59:56.370943,0.021404844020312206,0.009839469213929633,9.802572360893729,0.01717394117037932,0.003078203227763977,0.012980318107285619,75.41789245128989,Normal_Driving
2026-03-10 23:59:56.420943,-0.0030959544963610015,-0.003434059246460955,9.804800714585168,-0.004591626741891754,0.0004242686238450509,-0.00162370428006995,76.01502259776315,Normal_Driving
2026-03-10 23:59:56.470943,-0.014217996963088732,-0.02540601752740556,9.808983562067633,-0.01467716217136195,-0.002298938394725403,-0.011185493337693368,75.2487889812372,Normal_Driving
2026-03-10 23:59:56.520943,-0.0014833018111932352,0.008701347469739057,9.801044135391546,0.008685566407596487,0.006082254213270518,0.009428845249760691,75.39262359302434,Normal_Driving
2026-03-10 23:59:56.570943,0.009092684949081201,-0.0005805106649848599,9.82125840531608,0.004323215669835593,-0.005642730280749498,0.00454257863864291,75.10630554647,Normal_Driving
2026-03-10 23:59:56.620943,0.017909122335432133,0.0019267144688631596,9.817209224408076,0.009249173562021807,0.002556625792930006,0.0068933023386492966,74.95886936946124,Normal_Driving
2026-03-10 23:59:56.670943,-0.04751603595932465,-0.03488894644098586,9.769309509381438,-0.021391683416938354,-0.018187455691224548,-0.021061779618718347,75.2751975003232,Normal_Driving
2026-03-10 23:59:56.720943,0.009267595623253879,0.02108133915914917,9.827332599976751,0.014403217460329288,0.012911476585592873,0.0007407143126794257,75.3419110651689,Normal_Driving
2026-03-10 23:59:56.770943,0.018558915533435458,0.014551983695097774,9.805601723406838,-0.003022665300317336,-0.0012455286570071714,0.006078686009312131,75.45240733875652,Normal_Driving
2026-03-10 23:59:56.820943,0.013218243871262886,-0.004020461500625547,9.814399974424763,-0.007527741218149415,-0.00824497266215429,-0.008198898139743662,75.31637154021465,Normal_Driving
2026-03-10 23:59:56.870943,-0.004330494523883913,-0.016716609248083325,9.771426406739906,-0.013481123593221105,-0.009314416909963232,-0.02638108360735592,75.15278090938668,Normal_Driving
2026-03-10 23:59:56.920943,0.00025778659390661776,0.009338455593435012,9.81223085689068,0.005026920382842964,-0.004023411874246983,0.003201806159918986,75.71572227943379,Normal_Driving
2026-03-10 23:59:56.970943,0.008373440180947482,0.0070487662843398205,9.845825226723031,0.007516890112000005,0.004137740422851987,0.013448294093643813,75.58033070175897,Normal_Driving
2026-03-10 23:59:57.020943,0.004793957543290094,0.004832585480836966,9.811431765989948,-0.011230966918889931,-0.0009561688379183377,0.005731790528775406,75.08577809682247,Normal_Driving
2026-03-10 23:59:57.070943,-0.04520941472301424,-0.012016345528508943,9.778725235991365,-0.007225127501148674,-0.02055429157010652,-0.019777241392995713,75.97754425599639,Normal_Driving
2026-03-10 23:59:57.120943,0.03492709302342089,0.021916724169791763,9.824903349918948,0.024896287632549335,0.028655848490150897,0.01922219708858869,74.8828968295124,Normal_Driving
2026-03-10 23:59:57.170943,-0.009766197450325047,-0.015830462320234388,9.791140118736063,0.0001546924759760807,-0.00386710718022133,-0.005088791494875251,74.94788821334159,Normal_Driving
2026-03-10 23:59:57.220943,0.004993555430099559,0.0054202263335097435,9.814462614927129,0.0012926559047224963,0.006489979245077373,0.012760564768324198,75.47778557458598,Normal_Driving
2026-03-10 23:59:57.270943,-0.034157319745961895,-0.03885659100584066,9.770620168934379,-0.005929041654756224,-0.02380607104522256,-0.016471739653983308,74.79464500428351,Normal_Driving
2026-03-10 23:59:57.320943,0.010799872101796146,0.029061234652730337,9.824507088110881,0.010617612702708602,0.008177777281103148,0.010097166025456093,74.99349974210118,Normal_Driving
2026-03-10 23:59:57.370943,0.004252322762666235,0.0067921449400127525,9.813396660871275,0.008999748803754627,0.011074755962377213,0.004862318710672329,75.57791703641071,Normal_Driving
2026-03-10 23:59:57.420943,0.007549949135930791,-0.003007634519739669,9.793027652376287,-0.0008721008207538592,-0.008561272133219444,-0.001522483299791315,75.00565633537182,Normal_Driving
2026-03-10 23:59:57.470943,-0.007754907111032418,-0.042165087175320415,9.779376082265363,-0.017815789771437898,-0.02162048746408732,-0.016019306154531024,75.01161093411372,Normal_Driving
2026-03-10 23:59:57.520943,0.04019460682793326,0.023876575857206955,9.838464236873104,0.01639601421106341,0.021762474365733465,0.011321663133629664,75.5829917177991,Normal_Driving
2026-03-10 23:59:57.570943,-0.012357751575729705,0.001154399414810649,9.80474703188755,0.0004965538140017176,-0.00228001287791511,-0.006441782338167902,75.50235931945876,Normal_Driving
2026-03-10 23:59:57.620943,0.011870321012749338,0.02396431878498314,9.818972472391549,0.00754031450771407,-0.00025538578465443985,0.0059941639554008785,74.783325963755,Normal_Driving
2026-03-10 23:59:57.670943,-0.03537905795313458,-0.04978373260668021,9.762749475945997,-0.016778139722742575,-0.021127068572417636,-0.0116374964460974,75.32818536616743,Normal_Driving
2026-03-10 23:59:57.720943,0.0027212542291495667,0.03734204738714135,9.821899936050936,0.012987702805973474,0.0055292302021948,0.011502189568841812,75.5914570160716,Normal_Driving
2026-03-10 23:59:57.770943,-0.01117550494010782,0.03035027576174104,9.805504155231704,-0.0036458823643496286,-0.007262464736664521,-0.008548306813336773,75.08523188660122,Normal_Driving
2026-03-10 23:59:57.820943,-0.03494737609176377,-0.013476564383008767,9.78772601522206,-0.001763298958414019,-0.00926471310364637,-0.006334845900731509,75.71742240929166,Normal_Driving
2026-03-10 23:59:57.870943,-0.02300291479668182,-0.030543885903660688,9.820516875714956,-0.01937868633073664,-0.014228702618117671,-0.005829953394075984,75.16671092368804,Normal_Driving
2026-03-10 23:59:57.920943,0.041214127400224815,0.015757729129899017,9.798451074509897,0.011965905069485321,0.0016158953057759601,-0.0031598524285440226,74.88039365906108,Normal_Driving
2026-03-10 23:59:57.970943,-0.008656244121477223,0.007159839695313779,9.802005733617602,0.004162450250588659,0.007571251610816128,0.0004527790314159024,75.36801880696835,Normal_Driving
2026-03-10 23:59:58.020943,-0.0006184826778096713,-0.019769037997388016,9.816400008501507,0.017005066151164344,2.9643032760540578e-05,0.009322575191788758,75.19748828301604,Normal_Driving
2026-03-10 23:59:58.070943,-0.006294913860362836,-0.04136694569119639,9.760562306398056,-0.019049727640560836,-0.025542980354477957,-0.010261873137912486,74.75725041888165,Normal_Driving
2026-03-10 23:59:58.120943,0.013741530618398987,0.03747284487246966,9.843414995319655,0.008304577350407258,0.018903031639881156,0.013685247679203106,75.20466952231683,Normal_Driving
2026-03-10 23:59:58.170943,0.0004344327077074111,-0.017165547831722344,9.791654468586902,-0.0066662121751437445,-0.00435818590435656,-0.0016463226344604158,75.22515472166049,Normal_Driving
2026-03-10 23:59:58.220943,-0.0003083518196283046,0.021654046688331097,9.812440623959809,0.005233259799336512,-0.0031111058862506712,0.001586275929674221,75.30259859003515,Normal_Driving
2026-03-10 23:59:58.270943,-0.008190766963986788,-0.029478814678877748,9.79485890467404,-0.022095918853383925,-0.01302361064422258,-0.021525506876961052,75.0561792435569,Normal_Driving
2026-03-10 23:59:58.320943,0.02833628703502057,0.01827535047662616,9.836287118854303,0.011314227599416433,0.0032623780368044595,0.017331095841819404,74.85735229174992,Normal_Driving
2026-03-10 23:59:58.370943,0.0029162303962918306,0.0057126889088652995,9.831502808746762,0.0018781582678553247,0.0033804726204772822,0.0007184513369498293,75.30515084317207,Normal_Driving
2026-03-10 23:59:58.420943,-0.026554710581157916,-0.019413835799363656,9.791463934922195,0.0030856863774921116,-0.013139851637354634,-0.005374681653871443,75.53452612585502,Normal_Driving
2026-03-10 23:59:58.470943,-0.026614264071585868,-0.031851184405720205,9.779916442950851,-0.020364905185455563,-0.011487012089588772,-0.019981575699602763,74.73461945245492,Normal_Driving
2026-03-10 23:59:58.520943,0.04101673268592454,0.034790764997585245,9.839577113280498,0.017330539042471223,0.018795576588995336,0.034349126122250453,75.18141538239843,Normal_Driving
2026-03-10 23:59:58.570943,-0.02078586828952376,-0.004308219915450876,9.801830346298972,0.0002942381976141339,-0.008567600699995879,-0.007812826682835936,75.61002348319452,Normal_Driving
2026-03-10 23:59:58.620943,0.011249192280764079,0.011392347800131333,9.81606036412664,0.0018683399229438573,0.007327208882717961,0.015652016491625266,75.42036261621472,Normal_Driving
2026-03-10 23:59:58.670943,-0.027799965260033838,-0.024784445382811313,9.762186316554052,-0.017847309611498566,-0.006064115740892618,-0.022062632596351262,74.62792724094778,Normal_Driving
2026-03-10 23:59:58.720943,0.022773759301262877,0.02763486892550489,9.840592186022073,0.01689782893568941,0.007793533994910269,0.011748165167766111,75.57949479121719,Normal_Driving
2026-03-10 23:59:58.770943,0.0015144828139723944,0.019521158613950686,9.837643259742542,-0.0017244126299669877,0.004248382016088754,0.006031125941834802,75.14882634236804,Normal_Driving
2026-03-10 23:59:58.820943,-0.005251343064848308,-0.01593354889714193,9.807882462999347,-0.0013456405305213841,-0.0038176681831509525,-0.006908232013804388,75.07562791381316,Normal_Driving
2026-03-10 23:59:58.870943,-0.036540381463817134,-0.006552011118852211,9.78634282783735,-0.009839386218230512,-0.008195752908804097,-0.003421975147141443,74.65544948743519,Normal_Driving
2026-03-10 23:59:58.920943,0.027858088055493058,0.03552681991051913,9.836885863584191,0.01164719395908445,0.017532570255881237,0.01080024520868389,74.51250302366127,Normal_Driving
2026-03-10 23:59:58.970943,-0.006907730597803226,-0.00013507368901762755,9.795176675651826,-0.005226627406339061,0.0032841028828373944,-0.003155683072782497,75.43397177488588,Normal_Driving
2026-03-10 23:59:59.020943,-0.004196002651522547,0.005418371386850824,9.827645941305496,-0.008630716939016816,0.002194374608597266,0.009217268310489406,75.66627867866002,Normal_Driving
2026-03-10 23:59:59.070943,-0.027931122386811384,-0.034308217776468745,9.753486084298023,-0.014253619995668076,-0.02023922884145711,-0.012808288256249245,74.77530276154872,Normal_Driving
2026-03-10 23:59:59.120943,0.0453136915891508,0.029497956590100342,9.832598516152721,0.010548910854460025,0.025176042828127507,0.015031104221925523,75.7419066523904,Normal_Driving
2026-03-10 23:59:59.170943,-0.01527176375170417,-0.03532091878349018,9.808056366418068,0.0013973861040211333,-0.007118168830663744,-0.005432638451667492,75.51668245882995,Normal_Driving
2026-03-10 23:59:59.220943,6.526293871327634e-05,-0.0006500278563346239,9.808583900148532,-0.0037467585161607246,0.002692010304451131,-0.015337120215399897,74.71223529417433,Normal_Driving
2026-03-10 23:59:59.270943,-0.00475206600045853,-0.017199930043599487,9.811902936215448,0.0020242885397789567,-0.0052006237303977645,-0.006881619311383629,74.6553589692057,Normal_Driving
2026-03-10 23:59:59.320943,0.015001331152795009,0.006788106585854608,9.827634456848076,0.007128973942499274,0.00048728633249722417,-0.00015793453883467846,74.99188129688847,Normal_Driving
2026-03-10 23:59:59.370943,0.009175156061358982,-0.009772520799915297,9.790613308438635,0.0008618692406751529,-0.0015017650259041763,-0.0006289502729216394,75.4580474022444,Normal_Driving
2026-03-10 23:59:59.420943,0.010151593328825582,0.008881537202777016,9.806597005231845,-0.0043727848388404895,-0.003781695023558006,-0.004731734792145871,75.17334000958083,Normal_Driving
2026-03-10 23:59:59.470943,-0.022566293149969708,-0.04421182063030242,9.769947468336415,-0.016667841509929268,-0.02119814207832899,-0.012266392499979102,75.32970267822485,Normal_Driving
2026-03-10 23:59:59.520943,0.049381600588614294,0.007832446752336013,9.852994002784161,0.020942741602929603,0.03163911334447175,0.021494712720920347,74.88033163248515,Normal_Driving
2026-03-10 23:59:59.570943,0.01180669350067261,-0.02305911524087083,9.77116376330884,0.007092425880519486,-0.007318417961212661,-0.0030429946924036837,75.14569381446037,Normal_Driving
2026-03-10 23:59:59.620943,-0.008901142578238434,0.0189010566516456,9.795904078886112,-0.007658037156469845,0.0016753921793368032,0.011135374426606998,74.98122567169216,Normal_Driving
2026-03-10 23:59:59.670943,-0.04913682083648099,-0.026633123841834708,9.795344496391056,-0.009883118726600226,-0.016618836312958067,-0.013702653512063923,74.74403012296278,Normal_Driving
2026-03-10 23:59:59.720943,0.0504014848541813,0.03435511851877107,9.83868112832142,0.017221153667537858,0.006519329626132729,0.020768173211524982,75.03724687678367,Normal_Driving
2026-03-10 23:59:59.770943,-0.003409162308585666,0.03284705441048563,9.812768148776467,0.002034984967714308,0.0038997556381491654,0.0026030863247612814,75.11972354099737,Normal_Driving
2026-03-10 23:59:59.820943,0.010022218741622116,-0.0007217881627073451,9.780928711676083,-0.0162842801894834,-0.0020111454243672998,-0.017402327064755183,75.68283129986744,Normal_Driving
2026-03-10 23:59:59.870943,-0.018477858238102836,-0.0023503761215481634,9.798122767568685,-0.007425125893666506,-0.018617021068192463,-0.016285491638548512,75.2739958618681,Normal_Driving
2026-03-10 23:59:59.920943,0.02323653984401294,0.011634909676118799,9.839412576939868,0.019057579820107553,0.019186600260731983,0.0126035689119154,75.25086735572461,Normal_Driving
2026-03-10 23:59:59.970943,-0.008928104987319496,-0.008540893390225261,9.792440635165141,-0.007073504782720681,-0.009616367902263296,-0.0010844696455028996,75.53886176220833,Normal_Driving
2026-03-11 00:00:00.020943,0.006700844998526745,0.036344408512649494,9.809177448005071,0.00778066643222492,0.0031616545614927957,-0.0023402714439799245,75.31750768391476,Normal_Driving
2026-03-11 00:00:00.070943,-0.005629256160028056,-0.041553696172096456,9.783703947941742,-0.017984743783714133,-0.01173572401748981,-0.009014772484909207,75.338881734453,Normal_Driving
2026-03-11 00:00:00.120943,0.05024162192195046,0.023670075704449282,9.837066898064927,0.02234471974772057,0.017345996540231588,0.015058104234323043,75.36168846945317,Normal_Driving
2026-03-11 00:00:00.170943,-0.006985675190402912,0.0018240543186108064,9.802224601414478,-0.004398459618900752,-0.015134733511156644,0.0004743044769995421,75.53899133636135,Normal_Driving
2026-03-11 00:00:00.220943,-0.027490550522823124,-0.015278639175184405,9.810552684323914,-0.010688012217065323,-0.005917404241421076,-0.01221184615077019,75.11035136457704,Normal_Driving
2026-03-11 00:00:00.270943,-0.02416868302201707,0.016181245333685437,9.809278492881075,-0.0053472061386872,0.006948284549743465,-0.0019457729957639328,75.1102645839124,Normal_Driving
2026-03-11 00:00:00.320943,0.04799761244387413,0.03836472485391172,9.840836846708843,0.013907952640906636,0.007174394709899507,0.008164275807543989,74.90303361792884,Normal_Driving
2026-03-11 00:00:00.370943,-0.009273701502705409,-0.00217823960492638,9.810258469414377,-0.0020961026713617248,0.0036268035661126295,0.0004710979526522379,74.86945064358785,Normal_Driving
2026-03-11 00:00:00.420943,0.002632429523930644,-0.016369392804934362,9.79845574627643,-0.011091797076198286,-0.00800164575830583,0.0002820284460839824,74.88790893385118,Normal_Driving
2026-03-11 00:00:00.470943,-0.030839523397769728,-0.02362835675885657,9.797744643410935,-0.014996558437778045,-0.01244780519447463,0.0006023334669027214,75.3644087181838,Normal_Driving
2026-03-11 00:00:00.520943,0.04662924668320859,0.049136336107752046,9.82318887861656,0.019654115677595146,0.019384992652302827,0.01633849507257016,75.27879798268108,Normal_Driving
2026-03-11 00:00:00.570943,-0.017543377289370308,-0.01282632850951583,9.802195999307294,0.0002068600810136009,-0.009227582351707269,-0.012250212246101391,75.05707831960027,Normal_Driving
2026-03-11 00:00:00.620943,-0.02066208698717299,-0.008538251770121248,9.7844033140314,-0.00716537143795693,-0.007494642198201881,-0.007657799855750562,74.95400841638583,Normal_Driving
2026-03-11 00:00:00.670943,-0.02369012274474918,-0.011718551078533184,9.777498790518052,0.0025445560090446,-0.011046776945530828,-0.007547848436344346,74.84605478606095,Normal_Driving
2026-03-11 00:00:00.720943,0.010277727005323506,0.018788300455605672,9.835398372093808,0.004600985103814351,0.007032007884504295,0.010899446243865634,74.8907380367281,Normal_Driving
2026-03-11 00:00:00.770943,0.01833731077156354,0.0168657951740393,9.820753033318848,0.004337085232372523,0.001090701527693708,0.016378758651802692,75.1213024620758,Normal_Driving
2026-03-11 00:00:00.820943,0.001230208767291248,-0.03705320018061131,9.80867983295989,-0.0017606469698703059,-0.011768652204845517,-0.009422022089283286,75.31243651457812,Normal_Driving
2026-03-11 00:00:00.870943,-0.015084501798698018,-0.013328710971015088,9.790410631073891,-0.0013955474466396285,-0.006490266507577521,-0.005018114201853574,75.21157561006225,Normal_Driving
2026-03-11 00:00:00.920943,0.014449530522096937,0.029755376408663426,9.86206743586928,0.02215347531453999,0.015838262822015066,0.012218466685756772,75.51276710987638,Normal_Driving
2026-03-11 00:00:00.970943,-0.022679959714365126,-0.014718124800681789,9.785393869896703,0.0021425907695964592,-0.0013316705578441399,-0.001791675661743126,74.71568502144146,Normal_Driving
2026-03-11 00:00:01.020943,-0.006098419515330111,-0.022052507090991647,9.819584872496016,-0.007952131375082522,0.016300886015506874,-0.0012756866278619448,75.54732213264433,Normal_Driving
2026-03-11 00:00:01.070943,-0.006433104090097822,0.003250937595937208,9.786129272438016,-0.009409263376401581,-0.0028334972445686222,-0.009473989679596107,75.16575887464465,Normal_Driving
2026-03-11 00:00:01.120943,0.03853636206211616,0.02855014577504336,9.831878578259673,0.01823004932426438,0.013227292376872158,0.014241328341350858,75.47740010546848,Normal_Driving
2026-03-11 00:00:01.170943,0.010711261147085302,0.010806115761123277,9.802153056842458,0.007923556958510523,-0.003707877008631115,-0.001279390686047037,75.52889482099603,Normal_Driving
2026-03-11 00:00:01.220943,-0.025652601816709183,-0.03643167129730286,9.77615475257631,-0.008767371431444359,-0.019161635601821363,-0.006311690027809354,75.18959694391992,Normal_Driving
2026-03-11 00:00:01.270943,0.006647259949105144,0.007168200212788281,9.835258866429756,0.0003541322545277671,-0.0062922751170608185,0.003634030518472782,75.260717853723,Normal_Driving
2026-03-11 00:00:01.320943,-0.008831373097285631,-0.003163592326975915,9.821289775230472,0.007479613759266536,0.0010383828529073914,0.016015528383078997,74.98568532561139,Normal_Driving
2026-03-11 00:00:01.370943,-0.013165357907148208,-0.01666256428331405,9.79217130061744,0.0012681450023070487,-0.004748348907407279,-0.012389788910604719,75.71375361004108,Normal_Driving
2026-03-11 00:00:01.420943,0.0006981361299744438,0.004927678083757359,9.794368755137075,-0.004379709963736272,-0.00893276190609548,0.007492722150323719,75.63642981395392,Normal_Driving
2026-03-11 00:00:01.470943,-0.014257560327393495,0.0010631968608121635,9.787828562067029,-0.007446951108082708,-0.008167193008073465,-0.00650461919052899,75.14459425914802,Normal_Driving
2026-03-11 00:00:01.520943,0.03529400814044574,0.046810802478081066,9.848128664005818,0.021090972770933983,0.007442173287166577,0.01992489221896855,74.9750010282695,Normal_Driving
2026-03-11 00:00:01.570943,-0.00886234938746098,0.005427484263828855,9.815114501396035,-0.0023573611360797053,-0.0034114106178219656,-0.0003759891066096683,75.27593958267609,Normal_Driving
2026-03-11 00:00:01.620943,-0.001213750595598969,-0.02816402196327385,9.809669966124451,-0.013748723589319837,0.0025854281112280414,-0.008586681812660008,75.61294202726884,Normal_Driving
2026-03-11 00:00:01.670943,-0.019380185105580656,-0.0008913631552579758,9.829526375291362,-0.005856946630899549,-0.0009416973836834448,0.0025035004217214838,75.49684244841033,Normal_Driving
2026-03-11 00:00:01.720943,0.007423236405297184,-0.0013820233068939664,9.835436207537125,0.0072385253219316974,0.017753801598919438,0.0029057122438392678,75.22047290040341,Normal_Driving
2026-03-11 00:00:01.770943,0.008651367107572014,-0.011002079226238642,9.839902103076716,0.00020580738313181806,-0.0003057612012930537,0.006491761033359035,74.63663436371823,Normal_Driving
2026-03-11 00:00:01.820943,-0.011897423176805678,-0.020955792538616753,9.797659143233881,-0.014312342951272407,-0.009639066646441239,-0.013799069769334555,75.31010369230073,Normal_Driving
2026-03-11 00:00:01.870943,-0.017175433571052525,-0.014120140751747681,9.800141383449917,-0.021709776291049317,-0.010327648222346258,0.0076013920723467885,75.54471192416649,Normal_Driving
2026-03-11 00:00:01.920943,0.049357410202101215,0.02954253536606632,9.831784680276632,0.015387704659349181,0.015242564883342807,0.00821318280553514,74.68169521074364,Normal_Driving
2026-03-11 00:00:01.970943,-0.008607794102448833,0.0009123252555583682,9.816409071379141,-0.01035018359766644,-0.018078939878912525,0.005367526472130812,75.23793149668931,Normal_Driving
2026-03-11 00:00:02.020943,0.009896149564716395,-0.03249614582962035,9.815259931238753,-0.006003083819774729,-0.009248294211959284,-0.006999876740035224,75.11032511986207,Normal_Driving
2026-03-11 00:00:02.070943,-0.012600560189251452,0.010180629717098738,9.815004509651608,0.0033007355823225274,-0.003007973058445331,-0.000760578031755171,74.96110439378864,Normal_Driving
2026-03-11 00:00:02.120943,0.029453188617258833,0.016432732561829408,9.832386194574822,0.011079414451558172,0.003979472195389722,0.011291070941573406,74.60034286410034,Normal_Driving
2026-03-11 00:00:02.170943,0.011965688307111234,-0.00803696368399315,9.81913939072132,0.0019641217224115517,0.0014051114654268513,0.0025283121812059856,75.29890662003132,Normal_Driving
2026-03-11 00:00:02.220943,-0.03065911513113719,-0.03662833396769326,9.783716060530786,-0.015240257201187764,-0.02046383486767093,-0.017287552320478516,75.46908965308329,Normal_Driving
2026-03-11 00:00:02.270943,-0.018397273643573755,0.01667000324934904,9.800389376211912,-0.007542532751585522,-0.0020922226268827444,-0.000476405574849127,75.46908965308329,Sudden_Acceleration
2026-03-11 00:00:02.320943,0.3116714024776488,0.011091885916462672,9.838150769349076,0.0035603645155913616,-0.03760267867204574,0.009850890808503932,75.52675322185749,Sudden_Acceleration
2026-03-11 00:00:02.370943,0.6445974428922818,-0.002525980581298609,9.830278560827551,0.0058794910177319085,-0.07908527702841782,-0.0053217403553078016,75.64177269931702,Sudden_Acceleration
2026-03-11 00:00:02.420943,0.9199869690222908,-0.012715798662675918,9.763985240686315,-0.01638070859495533,-0.15283047006351447,-0.020344712715307127,75.81353440678382,Sudden_Acceleration
2026-03-11 00:00:02.470943,1.2856290681752052,0.01370607509915747,9.823992438917374,4.082126114592858e-05,-0.1717273067354064,0.004069560593806959,76.04112192123192,Sudden_Acceleration
2026-03-11 00:00:02.520943,1.5871540167508256,0.005011761969371175,9.820043394095432,0.020575530401741184,-0.21232852911474878,0.013361815477855355,76.3233209648008,Sudden_Acceleration
2026-03-11 00:00:02.570943,1.861756428967693,0.0037335874786822622,9.795494385314091,0.005060852795117447,-0.26228854659289685,0.0008340517594303942,76.65862588349312,Sudden_Acceleration
2026-03-11 00:00:02.620943,2.139963872956927,-0.02218277478220479,9.798286533961905,-0.0010571157176834144,-0.2992169260760419,-0.0023810545002097318,77.04524768049032,Sudden_Acceleration
2026-03-11 00:00:02.670943,2.4203089418381913,0.0018650976957678735,9.812354491639349,0.01158665053531243,-0.3265315795271829,-1.022637946920639e-05,77.48112356122465,Sudden_Acceleration
2026-03-11 00:00:02.720943,2.7108014796555295,0.0036721329386305264,9.811753988593226,-0.0016803710431104414,-0.3684205674445187,0.008224871861428345,77.96392793928071,Sudden_Acceleration
2026-03-11 00:00:02.770943,2.9460425331304845,0.015048844120450048,9.797721640330414,0.019355880691177867,-0.39862072924518704,0.0029591694199331284,78.49108484440521,Sudden_Acceleration
2026-03-11 00:00:02.820943,3.101809170474994,-0.05282306596927924,9.769717960939015,-0.014187292983808938,-0.45050095491914977,-0.017424339773797294,79.05978166642278,Sudden_Acceleration
2026-03-11 00:00:02.870943,3.4003859994930847,0.01958772375181389,9.831753429886827,0.011609724162505728,-0.44864404566795946,0.005082198930596768,79.66698416172828,Sudden_Acceleration
2026-03-11 00:00:02.920943,3.5603558688228194,-0.01351740916032056,9.802628440549872,0.006432189643122775,-0.4892952889461961,-0.002633148795325097,80.30945264228917,Sudden_Acceleration
2026-03-11 00:00:02.970943,3.7701569849011087,0.014783289226330137,9.79201271974072,-0.004772349043871379,-0.5118242108104593,0.003670237484090433,80.98375926078299,Sudden_Acceleration
2026-03-11 00:00:03.020943,3.8884619850294477,-0.011229413135394885,9.799090331984067,-0.015593821916384528,-0.543268237077827,-0.0036821992865881973,81.68630629964585,Sudden_Acceleration
2026-03-11 00:00:03.070943,4.055238836529812,0.03241143488869444,9.834873594418905,0.006086367749675755,-0.549892210679159,0.013074466202703063,82.41334536645238,Sudden_Acceleration
2026-03-11 00:00:03.120943,4.147702039515553,0.0077374321004885175,9.81518831727923,0.0024967889248867633,-0.5598666310055601,0.013498944493432849,83.16099739321103,Sudden_Acceleration
2026-03-11 00:00:03.170943,4.25263560170077,-0.0029969010237234344,9.850534865749179,0.0019527511911416886,-0.588562946858399,0.0005978813611554226,83.92527333287032,Sudden_Acceleration
2026-03-11 00:00:03.220943,4.267596513931401,-0.034231880929776616,9.775785446610104,-0.023476380362727756,-0.6138676062858435,-0.01923869732618491,84.70209544261066,Sudden_Acceleration
2026-03-11 00:00:03.270943,4.397307527839098,0.033523651479744926,9.861869859692382,0.005462415013900757,-0.582720590901472,0.015336316361558824,85.4873190403667,Sudden_Acceleration
2026-03-11 00:00:03.320943,4.391565071774704,-0.016564632792444647,9.79761773499594,-6.193647619409139e-05,-0.6099725120657757,-0.008543290261447905,86.27675461849947,Sudden_Acceleration
2026-03-11 00:00:03.370943,4.383426547616128,-0.008864250900143257,9.805865873290207,0.0006590607851927998,-0.6033452660848848,0.0072592148475143625,87.06619019663222,Sudden_Acceleration
2026-03-11 00:00:03.420943,4.312611026289029,-0.027613105861409675,9.77866464544623,-0.009663445848716121,-0.6121178306211014,-0.009194207791683954,87.85141379438826,Sudden_Acceleration
2026-03-11 00:00:03.470943,4.340959977510558,0.019844805429469592,9.820764279268385,0.010427345017913228,-0.6021358520210517,0.0012426639951970183,88.6282359041286,Sudden_Acceleration
2026-03-11 00:00:03.520943,4.266347656973105,0.010361807706298874,9.82503384321314,-0.006893626324904387,-0.5722889370534188,-0.001180173075255103,89.39251184378789,Sudden_Acceleration
2026-03-11 00:00:03.570943,4.14153820098082,-0.005923729415904829,9.808386296996364,0.003187790332973011,-0.5663091392813984,-0.0013286567510318566,90.14016387054654,Sudden_Acceleration
2026-03-11 00:00:03.620943,4.015865358471823,-0.020483053728233162,9.764334460595588,-0.007324264198516004,-0.5666096291447167,-0.011083961863584142,90.86720293735307,Sudden_Acceleration
2026-03-11 00:00:03.670943,3.9407207216231983,0.027078355435318294,9.84620723953361,0.015642468429138596,-0.5107931599572297,0.017019607934102367,91.56974997621593,Sudden_Acceleration
2026-03-11 00:00:03.720943,3.7075301751438166,-0.014322911201475115,9.80668777916906,-0.016026196726399135,-0.5155403614037973,-0.02077943683580134,92.24405659470975,Sudden_Acceleration
2026-03-11 00:00:03.770943,3.560314395577686,-0.01737307842530573,9.809354260059289,-0.0006813904731601958,-0.48761601570437996,0.004583147326207858,92.88652507527064,Sudden_Acceleration
2026-03-11 00:00:03.820943,3.3473102884455628,0.012633810461040874,9.787261499268642,-0.006395709815704738,-0.4626944810886875,-0.015047641175719195,93.49372757057614,Sudden_Acceleration
2026-03-11 00:00:03.870943,3.1748454608769205,0.027186781500938045,9.839283229217834,0.0028620023333019284,-0.4230952022526146,0.011656059982711464,94.06242439259373,Sudden_Acceleration
2026-03-11 00:00:03.920943,2.9234922641211707,0.02072993328780736,9.814445737318184,0.004488249185553231,-0.3930249723617215,0.006984017486395081,94.58958129771821,Sudden_Acceleration
2026-03-11 00:00:03.970943,2.6471641305596028,-0.01681031253138873,9.790093949916374,-0.014522184391075652,-0.37753347403534093,-0.004912317790280862,95.07238567577427,Sudden_Acceleration
2026-03-11 00:00:04.020943,2.3988897623265864,-0.01939818909604692,9.810825334785097,-0.0064581395606147585,-0.3378943399053831,-0.013012456919557009,95.5082615565086,Sudden_Acceleration
2026-03-11 00:00:04.070943,2.1699848452726527,0.038893933344493065,9.859988523815835,-0.0006942546448851644,-0.2778580012954581,0.009344609134903422,95.8948833535058,Sudden_Acceleration
2026-03-11 00:00:04.120943,1.8528961495749459,0.010414946015092297,9.804969319826794,-0.010030284325116554,-0.25832850520018735,-0.010550898184349743,96.23018827219812,Sudden_Acceleration
2026-03-11 00:00:04.170943,1.5616748886800487,0.00111167122338743,9.79332814462434,-0.0045570963106370595,-0.20797623188551712,-0.000989140248351792,96.512387315767,Sudden_Acceleration
2026-03-11 00:00:04.220943,1.2631060835615011,0.013789034872480201,9.784680568378617,-0.004784445744429521,-0.18256906912195356,-0.005966794305105122,96.73997483021509,Sudden_Acceleration
2026-03-11 00:00:04.270943,0.9834600742944638,0.024657825376683037,9.826483346343885,0.01735680418514219,-0.13353041500669613,0.009374739934975012,96.9117365376819,Sudden_Acceleration
2026-03-11 00:00:04.320943,0.6483323191719969,0.012224412901349168,9.831840492748272,0.011481108910300852,-0.08415060317205099,0.006997981924146914,97.02675601514143,Sudden_Acceleration
2026-03-11 00:00:04.370943,0.2941337161169102,-0.03346059708555058,9.775291235963458,-0.018342481816813333,-0.06428865859908416,-0.016789404168553325,97.08441958391563,Sudden_Acceleration
2026-03-11 00:00:04.420943,0.002127243702475757,0.013125372252500236,9.81613334972405,0.011074375533961876,0.014393275853071923,0.008829563458025873,97.08441958391563,Sudden_Acceleration
2026-03-11 00:00:04.470943,0.0016932414583670907,0.0027967635396416285,9.812305421394136,-0.0018040905364751674,0.005185337545535968,0.005441581350114347,96.94861973513315,Normal_Driving
2026-03-11 00:00:04.520943,0.016147716884004258,-0.0005862393507310056,9.828198288443486,0.004542686579158555,0.01197155043030932,0.004440114848631379,96.90850534680874,Normal_Driving
2026-03-11 00:00:04.570943,0.010279008930105598,-0.001551736618509875,9.818381952546604,0.007766990278610193,0.005004439190027016,0.01420667983878806,97.2162891441653,Normal_Driving
2026-03-11 00:00:04.620943,-0.035206436779399136,-0.042080318720831886,9.782635611736309,-0.019155820063731305,-0.018069291662365976,-0.01494731902464083,96.65443929851236,Normal_Driving
2026-03-11 00:00:04.670943,0.016588200163812877,0.021240893630358325,9.82227702234023,0.0068392357596144,0.0036051526768683066,-0.0023918173793330572,96.97812747886162,Normal_Driving
2026-03-11 00:00:04.720943,0.02249917942904049,0.019070675487880714,9.829613505091395,0.006315306962187213,0.010201851476119817,0.007503534374955761,97.0539447864205,Normal_Driving
2026-03-11 00:00:04.770943,-0.009006084477700994,-0.0198793105832124,9.79525939778061,-0.003090398535059864,0.005982400027442708,-0.003536133001392138,97.19762712363983,Normal_Driving
2026-03-11 00:00:04.820943,-0.0002398628587683329,-0.02630922934547979,9.796428253945251,-0.006255662916864497,-0.005890321594765726,-0.0034352725283665255,97.00602215507652,Normal_Driving
2026-03-11 00:00:04.870943,-0.020915934713515716,-0.004991376011265234,9.829022158365628,0.0022236515117086096,0.013267953092744818,0.002327816798226694,97.0812330735608,Normal_Driving
2026-03-11 00:00:04.920943,0.013322620841089594,0.024415362915042507,9.816471113099999,0.005435191323095805,0.0029495059729462043,0.018760879733210688,97.14399347115454,Normal_Driving
2026-03-11 00:00:04.970943,0.016598691222210287,0.008279347582732301,9.81154173880084,-0.009401093554378367,0.004145868670564507,-0.00703555233620525,96.62163782637894,Normal_Driving
2026-03-11 00:00:05.020943,-0.02674038405909124,-0.0374160321786285,9.779358666546848,-0.015483697417286562,-0.025559445534395677,-0.020396605436625262,97.04517791438583,Normal_Driving
2026-03-11 00:00:05.070943,0.021840742227117925,0.012684245798173153,9.805760810883324,0.003177014255241201,0.005566676829984513,0.006743586805453875,96.65188322516114,Normal_Driving
2026-03-11 00:00:05.120943,0.02314607118203466,-0.0011947881349902096,9.811426278606161,0.00447355505597005,-0.001095148392154089,0.004788281104678051,97.15095516723277,Normal_Driving
2026-03-11 00:00:05.170943,0.012848645062570073,-0.0021011659727893407,9.804918489828303,0.0017734713404998067,-0.003413494114573188,0.003810580409396981,96.81265505823427,Normal_Driving
2026-03-11 00:00:05.220943,-0.004265885032756968,-0.013564117218923935,9.786773492240249,-0.01767405668491181,-0.013158250862077774,-0.00828288614840996,97.24399208135176,Normal_Driving
2026-03-11 00:00:05.270943,-0.0038687625870552755,0.013113210646854214,9.840980695918558,0.010115217443915367,0.004400609708783679,-0.004091351651176707,97.54909730786731,Normal_Driving
2026-03-11 00:00:05.320943,0.0314229410950056,-0.0080217465221738,9.844973729323646,0.004618888701701366,0.008243459918939423,0.015472559572917273,96.84624339341372,Normal_Driving
2026-03-11 00:00:05.370943,-0.01469201759122494,-0.01797360152086879,9.800202369418708,-0.01192579677665151,-0.0009981857524101363,-0.016976441510544515,97.04734472240554,Normal_Driving
2026-03-11 00:00:05.420943,-0.010396437724605849,-0.036413199069947215,9.782651949004132,-0.010124047777991294,-0.016779773266816365,-0.017401973629385965,96.82034829916086,Normal_Driving
2026-03-11 00:00:05.470943,0.00976010856373911,0.02079114609498285,9.833526191208106,0.010273894358687863,0.005590132312595306,0.023247634089558912,96.9169702603661,Normal_Driving
2026-03-11 00:00:05.520943,0.002272136721300935,-0.0012646555829626685,9.8291347082535,-0.0030962084455284397,-0.0016798862867509444,-0.0033079330744760394,96.93562780558582,Normal_Driving
2026-03-11 00:00:05.570943,0.016288172342848784,0.02875919826076841,9.830415432899732,0.010140653225582712,0.005079225219292681,0.007475476512235371,96.73672620908485,Normal_Driving
2026-03-11 00:00:05.620943,-0.034210556002410394,-0.05295820330900301,9.776563308724276,-0.015946944238472868,-0.020310716065766597,-0.022071051970901368,97.14294113978968,Normal_Driving
2026-03-11 00:00:05.670943,-0.0038460591541274562,0.004500285207911398,9.814394406905977,0.002696441734128482,0.01971290983352041,0.007543236172240738,97.09915888223388,Normal_Driving
2026-03-11 00:00:05.720943,0.018086621385879156,0.038877028259029334,9.828915588246133,0.0015129001197600519,0.010014027209399333,0.014389301915479723,96.4683117097276,Normal_Driving
2026-03-11 00:00:05.770943,0.027681577722621167,-0.01816154328188849,9.795513602029857,-0.0070986041052524314,0.0024638325233601504,-0.006757812511796352,96.66998799391321,Normal_Driving
2026-03-11 00:00:05.820943,-0.010833772404416075,-0.024358694131148963,9.802103858232508,-0.0027997724663555443,-0.009216466358730689,-0.015393621193087332,97.20520661387768,Normal_Driving
2026-03-11 00:00:05.870943,0.025597276139193645,0.016655341144464212,9.81565018894706,0.0021198433726736486,-0.0029792621312921003,0.0040585802417802,97.41790645994281,Normal_Driving
2026-03-11 00:00:05.920943,-0.02512524168600051,-0.006602567047999507,9.818855825558671,0.0067638940199042374,-0.0006764130964564657,0.008667759878626119,97.16853176323386,Normal_Driving
2026-03-11 00:00:05.970943,0.025712051900349683,0.017436472876436793,9.834995611014515,0.014394457215741226,0.008642033369317001,0.0002747383667042998,97.00388917334357,Normal_Driving
2026-03-11 00:00:06.020943,-0.03730133735287614,-0.03792504576116312,9.769312328133307,-0.011470954092390451,-0.015792700083743984,-0.0020308094512809065,97.04969964734416,Normal_Driving
2026-03-11 00:00:06.070943,0.027472292994125815,0.027922865034235175,9.850994003096249,0.008854498739499228,0.014123036800403135,0.012032863822998511,97.21241768999842,Normal_Driving
2026-03-11 00:00:06.120943,0.006178347783293881,0.027688801452086555,9.795775049101463,-0.0023668109788493566,-0.006048909331004798,0.0025046703105788717,97.51935098853728,Normal_Driving
2026-03-11 00:00:06.170943,-0.022463458708475284,0.022332059036223005,9.79057478044906,-0.01047657893404954,-0.004317001595545678,-0.00462883183570328,96.79009963971966,Normal_Driving
2026-03-11 00:00:06.220943,0.011299195239424603,-0.008592948382478892,9.819685838453122,-0.015019471141480771,-0.011098337913567784,-0.010751454388862932,97.18720347272595,Normal_Driving
2026-03-11 00:00:06.270943,0.014983529275629074,0.012107733530379403,9.81256376874885,0.01298949324292693,0.007865119225963835,0.014470473114639183,97.31255439229675,Normal_Driving
2026-03-11 00:00:06.320943,0.019985737070239214,0.02480658508444692,9.815365023265551,0.01696499958756213,0.007094414775359213,0.0074551429339079845,97.04916494148516,Normal_Driving
2026-03-11 00:00:06.370943,0.006244584108874761,-0.012499731491246377,9.820848005797563,0.010251449942230253,0.003194810743634754,0.00019635340372657802,97.2930276831737,Normal_Driving
2026-03-11 00:00:06.420943,-0.03864353453458353,-0.047815316485886813,9.764185980275556,-0.014089191222232633,-0.027232702319390158,-0.013694486947737502,96.62377428658321,Normal_Driving
2026-03-11 00:00:06.470943,0.04872186460956547,0.03823826773832717,9.843762417909302,0.01660020632553006,0.0027792988025148787,0.011369206901672977,96.47624015227422,Normal_Driving
2026-03-11 00:00:06.520943,0.010204300815161856,-0.014683104062984956,9.793846407660041,0.009987260155704024,-0.008575413728306338,0.0008662403246730357,97.18064604447956,Normal_Driving
2026-03-11 00:00:06.570943,0.008210008010833303,0.011534071123791014,9.813625189746647,0.004486709088756766,-0.005002700911068324,0.0003069322468636816,97.34758836498848,Normal_Driving
2026-03-11 00:00:06.620943,-0.052851864077825564,-0.038668317578907915,9.787051053430503,-0.010448820667636704,-0.022954099217392696,-0.007629937522989364,97.24260815331249,Normal_Driving
2026-03-11 00:00:06.670943,0.014260496798155664,0.0003442175391587046,9.834734280645195,0.0008395748088436215,0.010634453454161662,-0.0015478051626468172,96.73086564413963,Normal_Driving
2026-03-11 00:00:06.720943,0.01563715140688586,0.007161322012901977,9.81029732920277,0.015729772851690377,-0.008344588942125652,0.0021859017157814372,97.45169250689483,Normal_Driving
2026-03-11 00:00:06.770943,0.007140267518682743,0.01199724706321056,9.808356121138631,0.005773517816024358,-0.0029312060759966083,0.004276479736312199,97.2152231314441,Normal_Driving
2026-03-11 00:00:06.820943,-0.032931552616043816,-0.024533230585386246,9.789143028941746,-0.021210972648344407,-0.002823041913429242,-0.007993678775744275,97.52500456175514,Normal_Driving
2026-03-11 00:00:06.870943,0.028335699831491645,0.023324192484019617,9.866065390424076,0.005316621678464951,0.022650054347332565,0.017770022545896307,97.26738362984875,Normal_Driving
2026-03-11 00:00:06.920943,0.010878125932665426,-0.023845072707931333,9.803149672602668,-0.00959610789828571,-0.004772253196960684,-0.007262715531738215,97.11704420201484,Normal_Driving
2026-03-11 00:00:06.970943,0.023314422911844483,0.026251890948287046,9.841286953057333,0.013991623795215204,0.01223161129958715,0.005291622588436655,97.29069945006093,Normal_Driving
2026-03-11 00:00:07.020943,-0.042669066698935824,-0.026257903017653298,9.763594273048126,-0.03500232819462458,-0.0280999564080196,-0.012155789885343916,97.52272501414475,Normal_Driving
2026-03-11 00:00:07.070943,0.035503668504669565,0.03551648536322079,9.839279171038257,0.008811875451791143,0.011104004716005119,0.006433062745951399,97.31987397540742,Normal_Driving
2026-03-11 00:00:07.120943,0.006944803273011063,0.008132291706483476,9.807403863671462,0.0049329912803105025,0.0011359712737109636,0.0007832276858679417,97.79015645563769,Normal_Driving
2026-03-11 00:00:07.170943,-0.0425284151238373,-0.016158739599401756,9.819853177303681,-0.009256504609174366,-0.0008957032744195976,-0.00963373582403676,97.16632495972343,Normal_Driving
2026-03-11 00:00:07.220943,-0.013998734362606399,-0.0115140780985214,9.77922294201607,-0.0109989666636106,-0.00033748660987772613,-0.010205048922092324,96.84149055787697,Normal_Driving
2026-03-11 00:00:07.270943,0.011817062340033404,0.05328129396518522,9.82943206342502,0.020159987058751338,0.0173715875551311,-0.006588531032017123,97.10453481432141,Normal_Driving
2026-03-11 00:00:07.320943,0.008353127478432176,0.002888523429575307,9.801828171950778,-0.000707363540014163,-0.011473005751044166,0.0009796107442801435,97.39478722238384,Normal_Driving
2026-03-11 00:00:07.370943,0.02419657749337805,0.024834899163693344,9.789095185358695,0.004777866067794298,0.0043924890975061155,0.003860750469766903,97.52178121090469,Normal_Driving
2026-03-11 00:00:07.420943,-0.039259222863786816,-0.05792720476812847,9.764942047032658,-0.008631890519567422,-0.02423763160422636,-0.026548963476775683,96.82597752863505,Normal_Driving
2026-03-11 00:00:07.470943,0.03181784457018715,0.033482343642329104,9.853326079234844,0.02429753421363895,0.022724632171261083,0.021243194647819333,97.27699925172952,Normal_Driving
2026-03-11 00:00:07.520943,-0.01818147362691045,-0.009004559000723448,9.812495842075442,-0.004808184101408708,-0.009646692814937796,-0.0027038386880473093,97.00056215021222,Normal_Driving
2026-03-11 00:00:07.570943,0.00796534874712855,0.030006948436831125,9.7929200446739,-0.006103274355958855,0.0073369193708330465,-0.002626223570080014,97.28565724073684,Normal_Driving
2026-03-11 00:00:07.620943,-0.012484227879495137,-0.008154942747153114,9.79091745542763,-0.02179950841782715,-0.010698607484994708,-0.0036402596083763136,97.12196756086867,Normal_Driving
2026-03-11 00:00:07.670943,0.024233960087241314,0.018364246673386896,9.824752464924924,0.010728178839221456,0.011974770592277188,0.019179302952396542,96.71524642503215,Normal_Driving
2026-03-11 00:00:07.720943,-0.00849487905262763,0.012918296232435152,9.805329078074916,0.0018205091369709117,0.00046188044409560145,0.0009470527838300236,96.82908588496709,Normal_Driving
2026-03-11 00:00:07.770943,-0.008762828430036687,0.0054593876192781735,9.792533290104354,-0.006600278053827639,-0.013193501805392535,0.0009640001875831907,97.0571056006226,Normal_Driving
2026-03-11 00:00:07.820943,-0.011339176150475319,-0.020646068045741393,9.779790481942328,-0.027335432191548575,-0.010545931923869283,-0.022151657670305015,97.6780952682584,Normal_Driving
2026-03-11 00:00:07.870943,0.05619856179697087,0.02376383879171552,9.84728791200998,0.019914175015906463,0.027753009030939225,0.025481179006342135,96.97603428401,Normal_Driving
2026-03-11 00:00:07.920943,-0.03448637078208724,0.0008051268061211245,9.79600676835638,-0.008703308444047035,-0.009011320123485714,-0.011997992315206757,97.0154608220558,Normal_Driving
2026-03-11 00:00:07.970943,0.004048141136177252,-0.010725536578177326,9.801445665045891,-0.0020409211999272677,0.0009605186385380875,-0.005541600658372966,97.4843784247951,Normal_Driving
2026-03-11 00:00:08.020943,-0.025366800971049434,-0.028704119035732563,9.775531647700356,-0.002668771243086907,-0.011247256778943787,-0.01937361753067924,97.15491962775256,Normal_Driving
2026-03-11 00:00:08.070943,0.03215310674946514,0.020163692840213538,9.795467739679141,0.0010277635394286486,-0.003021603827040335,0.013492383605863642,97.35556772551442,Normal_Driving
2026-03-11 00:00:08.120943,-0.004550877003098584,-0.016357138052920172,9.824559434468728,0.0012242465098035457,-8.30692617598606e-05,-0.007616344683343138,96.92257896020992,Normal_Driving
2026-03-11 00:00:08.170943,0.00023627129230198093,-0.017630695209900172,9.801308745237987,-0.008104207830072247,-0.014324763281391926,-0.010717726722699408,97.08764176217467,Normal_Driving
2026-03-11 00:00:08.220943,0.000647981341609833,-0.03092456302844463,9.802616273442906,-0.015352501734704718,-0.005852042410453964,-0.003026640669459754,96.65893212957758,Normal_Driving
2026-03-11 00:00:08.270943,0.008842078995513678,0.030822168930651688,9.847550746581543,0.015395093324836401,0.00970984999132635,0.0047369528747872765,97.08066419613985,Normal_Driving
2026-03-11 00:00:08.320943,-0.0025005417141526964,-0.007650862250753276,9.796224477190911,-8.066485785507109e-05,-0.009217250416847894,-0.01980795695745949,97.11762398587207,Normal_Driving
2026-03-11 00:00:08.370943,0.005363205791535453,0.015137258017919573,9.811997800625972,0.006363851490503069,0.011887601078127244,0.004408260819639705,96.86675827832947,Normal_Driving
2026-03-11 00:00:08.420943,-0.025389931785871785,-0.010265106500444897,9.805751429252291,-0.018927369297851635,-0.008872660630288945,-0.018043398375982338,97.11166913129512,Normal_Driving
2026-03-11 00:00:08.470943,0.0506154878920773,0.01873826584152174,9.839668881792933,0.024151075111083293,0.005625810290354503,0.018059789936866442,97.33140958760252,Normal_Driving
2026-03-11 00:00:08.520943,0.008949956796299594,-0.002746872719982727,9.803187699437489,-0.006101904055776222,-0.006883490734898693,-0.0037601501710901853,96.72154427247523,Normal_Driving
2026-03-11 00:00:08.570943,-0.028592231629425046,-0.009091234973165264,9.800849148578274,-0.009525537936152071,-0.0038808295892649117,-0.004121523757278348,97.63263744885676,Normal_Driving
2026-03-11 00:00:08.620943,-0.021788210123067565,-0.02808474284509767,9.81571908749142,-0.006182762407754536,-0.006388670235531107,-0.008675549930817924,96.78606644756692,Normal_Driving
2026-03-11 00:00:08.670943,0.037666520797277336,0.012893247389634377,9.835134511315962,0.009825969897830373,0.011950966758943502,0.0162086953043987,96.8206467048065,Normal_Driving
2026-03-11 00:00:08.720943,-0.008400822778443085,-0.0011813923073769207,9.807513251224819,-0.006349493561080036,0.0023158948644274534,-0.004584277746939088,97.04319410232107,Normal_Driving
2026-03-11 00:00:08.770943,-0.003710964996415187,-0.005681364636306287,9.796015700652502,-0.006510516693923224,-0.0040146186536513875,0.00950481347329864,97.37445838479816,Normal_Driving
2026-03-11 00:00:08.820943,-0.020181752849827473,-0.0086140294728534,9.809442909965545,-0.013172966470715414,-0.012923947270235459,-0.014776483136015883,97.30935740132051,Normal_Driving
2026-03-11 00:00:08.870943,0.020426988665387193,0.018258070038972438,9.842077811368224,0.027635697589928496,0.01653773825671863,0.022669466418756435,96.75202564405464,Normal_Driving
2026-03-11 00:00:08.920943,-0.024449726359120256,-0.01190397255507457,9.81564072080457,-0.012199072862770374,0.0012519772797310903,-0.004834398139808472,97.37616875278158,Normal_Driving
2026-03-11 00:00:08.970943,-0.003056568194086137,-0.026093066161597185,9.790403601679428,-0.01031599219683668,0.0028205185012822095,-0.007235566971918224,97.31064343598831,Normal_Driving
2026-03-11 00:00:09.020943,-0.025045697966443882,-0.002948982137361506,9.78724065871518,-0.007077829087545768,-0.001893880635881723,-0.012707546356459931,97.49958605166877,Normal_Driving
2026-03-11 00:00:09.070943,0.02769084049066213,0.008015646087733587,9.821901308918397,0.016461481478375943,0.005454474277229672,0.00927101403421435,96.56279688955826,Normal_Driving
2026-03-11 00:00:09.120943,0.015487181130446014,0.015338565764079359,9.815120671811881,-0.0007863271294890808,0.0008619202385840249,0.0003694235238612567,96.96818298864576,Normal_Driving
2026-03-11 00:00:09.170943,-0.0329188844689283,-0.03445868083482417,9.7928373914116,-0.0025023869632480548,-0.007295648653526771,-0.015514055036075832,97.10534206795408,Normal_Driving
2026-03-11 00:00:09.220943,-0.01224027761662939,-0.03094379055175966,9.812627739697858,-0.0028287960587461245,-0.017849799759684287,-0.0038039386630456342,97.34044483761879,Normal_Driving
2026-03-11 00:00:09.270943,0.03600001609152807,0.0288849399660303,9.848942349062932,0.016379113221052174,0.02500535234826933,0.02691014600224919,97.33518464845953,Normal_Driving
2026-03-11 00:00:09.320943,0.0030233228082821827,0.0005402884197782537,9.801009570123883,-0.012050989577090745,-0.0016501206237348768,-0.00567888844724404,97.5370006086768,Normal_Driving
2026-03-11 00:00:09.370943,-0.006603678151272714,-0.03531055160492746,9.800976332078628,-0.01051329613140346,-0.010360354133609358,-0.011406843878402864,97.18995307677281,Normal_Driving
2026-03-11 00:00:09.420943,-0.011360227317224761,-0.006777959774240025,9.804162688573255,-0.008295015349931044,-0.005989388490942226,-0.007585779043317337,96.97629214106418,Normal_Driving
2026-03-11 00:00:09.470943,0.020429737432594026,0.01758568016339222,9.838501940420057,0.012299646683406579,0.01025107030032263,0.006047200308040345,96.56091147897813,Normal_Driving
2026-03-11 00:00:09.520943,0.012833023683159403,0.018158328067244062,9.811731625355902,0.006036768549557507,0.006716431446422964,0.004384613209962398,96.90805610826453,Normal_Driving
2026-03-11 00:00:09.570943,-0.017129172578713655,-0.015251707608603332,9.800607958951801,-0.012951256623768457,-0.006899783028190592,-0.019600562522241183,97.41654637999756,Normal_Driving
2026-03-11 00:00:09.620943,0.002689963409437264,0.0051887296479816635,9.792246614965041,-0.00019608363803779285,0.004818802105698457,-0.005439549506382173,97.69372503028558,Normal_Driving
2026-03-11 00:00:09.670943,0.03263098221631654,0.011486168426090484,9.823980201218655,5.528178371621076e-05,0.003122084425842834,0.008002252970941955,96.51788555348769,Normal_Driving
2026-03-11 00:00:09.720943,-0.005749148177852338,0.008664800706135576,9.80832316976038,-0.003704449497997688,-0.007288257924253397,-0.00816736469111376,97.63978770050414,Normal_Driving
2026-03-11 00:00:09.770943,-0.013970401660380818,0.008024506209047015,9.775365522282984,-0.0011884161186535786,-0.008874689492799636,-0.011907459308488584,97.20169043720787,Normal_Driving
2026-03-11 00:00:09.820943,-0.006580856964755627,-0.013643536858166055,9.810309634817044,-0.00237617304305712,0.0001915667027306495,-0.0015499785164161803,96.92675381936427,Normal_Driving
2026-03-11 00:00:09.870943,0.034359793472398176,0.027679328781594518,9.841581138975465,0.003771266684062125,0.01562562454173493,0.019675044210429673,97.30382936695055,Normal_Driving
2026-03-11 00:00:09.920943,0.00011163758092809095,-0.006980038049391747,9.830064284179864,-0.0048533785319014484,-0.003005022406510798,0.006786911804024772,97.57891690888954,Sudden_Lane_Change
2026-03-11 00:00:09.970943,-0.004160626035183013,0.43727831943629586,9.816757471405953,0.01225396191845311,0.006650820202702999,0.21907787944300766,97.27423729279373,Sudden_Lane_Change
2026-03-11 00:00:10.020943,-0.0012953133258503963,0.830118865416703,9.810271773070673,0.011618470546041367,0.0005279201163140724,0.41529748753280266,97.4339117881248,Sudden_Lane_Change
2026-03-11 00:00:10.070943,-0.04076248972434471,1.2192917304113218,9.768849699356808,-0.027821343188961838,-0.012795392955115042,0.5979730962794743,97.36661701602537,Sudden_Lane_Change
2026-03-11 00:00:10.120943,0.004670077586808286,1.6122188378963733,9.793481244992183,0.005578464699872164,0.013575669157102005,0.8176372297016197,97.48268847418255,Sudden_Lane_Change
2026-03-11 00:00:10.170943,0.024065388072651434,1.9972377039913476,9.843833591077766,0.0023273551169581477,0.013551113636760027,1.0009677593338828,97.28860942856801,Sudden_Lane_Change
2026-03-11 00:00:10.220943,0.018965865518025073,2.2918563388949673,9.787844287612193,-0.00719688251237158,-0.003113743921061747,1.156624521240697,97.2572923186268,Sudden_Lane_Change
2026-03-11 00:00:10.270943,-0.011880902868994316,2.593815685097628,9.809083183047395,-0.0056166612994234585,0.00515438851569869,1.2911409354443928,97.333201590219,Sudden_Lane_Change
2026-03-11 00:00:10.320943,0.008326788234331955,2.8648690235987297,9.826002336325065,0.00892155312101267,-0.00852918157454673,1.4446838408593596,97.27462311863809,Sudden_Lane_Change
2026-03-11 00:00:10.370943,0.013364376179381205,3.073419472359664,9.830555888050867,0.004778829413087964,0.010317724228969425,1.539960610502994,97.31038402152348,Sudden_Lane_Change
2026-03-11 00:00:10.420943,-0.019029895063438294,3.2345826512256415,9.808560093260013,-0.002757126641011543,0.007756094934025704,1.626748964301432,97.2318352293793,Sudden_Lane_Change
2026-03-11 00:00:10.470943,-0.020489539470647144,3.318841876652822,9.764539125202457,-0.023262361089496954,-0.018857467528655095,1.6713859496614716,97.53193526926395,Sudden_Lane_Change
2026-03-11 00:00:10.520943,0.03331714244207792,3.4274936923221153,9.838119770558071,0.01867985462118424,-0.0004106750232601968,1.7241321745125338,97.30315433374984,Sudden_Lane_Change
2026-03-11 00:00:10.570943,0.010485950914902805,3.4390581180292172,9.80271021920272,0.004531221435365964,0.006793897517049973,1.7265032061036754,97.18966067448649,Sudden_Lane_Change
2026-03-11 00:00:10.620943,-0.0037353377423112346,3.3735189953808797,9.798475928255694,0.004161509064735829,0.008709874966052222,1.6942984655341362,97.2354637052363,Sudden_Lane_Change
2026-03-11 00:00:10.670943,-0.021797603248211596,3.257141812673828,9.8049623051998,-0.015703462864107103,-0.009533357276750556,1.637789756105722,97.19410574799701,Sudden_Lane_Change
2026-03-11 00:00:10.720943,5.5487897949131615e-05,3.162911358981916,9.825393588184253,0.0008075803873962735,0.0072576269552629535,1.5987867899528274,97.33506211420175,Sudden_Lane_Change
2026-03-11 00:00:10.770943,-0.0037501072223528175,2.9792223460494687,9.81088675362027,0.00744824835188663,0.0023142579019873057,1.4847419541482438,97.36087716204217,Sudden_Lane_Change
2026-03-11 00:00:10.820943,0.038029622191254754,2.7152437763440394,9.8136120086013,-0.008348696122437054,0.005255037102562234,1.383574499274156,97.39197500299073,Sudden_Lane_Change
2026-03-11 00:00:10.870943,-0.0559542718048852,2.4242919293007725,9.768556637159696,-0.02112477215648314,-0.020451180657299117,1.2122349934215517,97.4072124653153,Sudden_Lane_Change
2026-03-11 00:00:10.920943,0.04056836630659206,2.1777397992842245,9.831556227361924,0.023110552383239676,0.02136567356343502,1.093903982446374,97.28615208404548,Sudden_Lane_Change
2026-03-11 00:00:10.970943,-0.004716476300537844,1.7894226975561864,9.802830385252145,-0.005098320456192343,-0.0012035521416474508,0.9022328844519134,97.26007508294555,Sudden_Lane_Change
2026-03-11 00:00:11.020943,0.013442411780557533,1.4434268667064736,9.822938104581874,-0.008131872914046923,-0.0103387815034555,0.7274125595555728,97.21343517446235,Sudden_Lane_Change
2026-03-11 00:00:11.070943,-0.02707145303398042,0.9959848176849492,9.786784290892545,-0.015293964331276295,-0.009543915123049687,0.5125490694803201,97.26020335686225,Sudden_Lane_Change
2026-03-11 00:00:11.120943,0.0174510121377365,0.6507480508487875,9.818517577044608,0.013095627430554849,0.015795519030831758,0.3190676611829831,97.33147841201352,Sudden_Lane_Change
2026-03-11 00:00:11.170943,0.014689138900505563,0.23317308625705765,9.82218316453025,0.010167162557774827,0.0003595519840044487,0.10515815563144859,97.23309262267175,Sudden_Lane_Change
2026-03-11 00:00:11.220943,-0.0007726471992630596,-0.22258643835352573,9.79620973534397,0.0008853463017086624,-0.007189599182970291,-0.10121317575646763,97.34738513020072,Sudden_Lane_Change
2026-03-11 00:00:11.270943,-0.025816254668724795,-0.6640623866391044,9.788748300880037,-0.0027014103637563406,-0.01200967094799631,-0.32330668450483124,97.16411130639565,Sudden_Lane_Change
2026-03-11 00:00:11.320943,0.029707753681809224,-1.0113046383617383,9.826538218035742,0.015109650220487917,0.021492607403871405,-0.5087492213983759,97.23138675167549,Sudden_Lane_Change
2026-03-11 00:00:11.370943,-0.018565129315131636,-1.4173536323520335,9.793886141411141,0.0018002704351864941,-0.00013713039324163203,-0.7327986434446441,97.38278197538824,Sudden_Lane_Change
2026-03-11 00:00:11.420943,0.013063792457648158,-1.7849038079972444,9.818580111555518,-0.004738307736750829,0.007974311086533105,-0.8999525738378574,97.23795165485161,Sudden_Lane_Change
2026-03-11 00:00:11.470943,-0.02059559269930677,-2.161144511761143,9.795383554958702,-0.013235163809677217,-0.009785785778895474,-1.0836858623851315,97.31352114482907,Sudden_Lane_Change
2026-03-11 00:00:11.520943,0.042805923843660484,-2.442178786001165,9.820793293162332,0.01323446633106371,0.015375760195990558,-1.2179647150774053,97.13437924674312,Sudden_Lane_Change
2026-03-11 00:00:11.570943,-0.012045449540860002,-2.7054607724793507,9.810693082116947,0.01624178636790853,-0.0003335153851143943,-1.3672694416880313,97.35915548750482,Sudden_Lane_Change
2026-03-11 00:00:11.620943,0.008588012777301642,-2.9742166683338,9.812511770594206,-0.013322392875395276,-0.002504580055737834,-1.501880212141783,97.09423996433992,Sudden_Lane_Change
2026-03-11 00:00:11.670943,-0.020580794917795638,-3.1721554558327423,9.81653231041221,-0.011042739118626167,0.000377486548598217,-1.5885715451454143,97.3726832972252,Sudden_Lane_Change
2026-03-11 00:00:11.720943,0.026524709692278835,-3.255209310997951,9.82552483043102,0.027594253084837244,0.014550531728127527,-1.6355761858234266,97.44749879062664,Sudden_Lane_Change
2026-03-11 00:00:11.770943,-0.009367766040530544,-3.394710433599471,9.798553319428635,-0.004124565914967969,-0.007596852348547229,-1.696386244923478,97.36947403762771,Sudden_Lane_Change
2026-03-11 00:00:11.820943,3.066653413813427e-05,-3.4410425368102553,9.79482188671172,0.006867124345624206,0.014897202116496066,-1.719447730121636,97.3428176903327,Sudden_Lane_Change
2026-03-11 00:00:11.870943,-0.03060822107205911,-3.431835892963743,9.783247444076459,-0.006742544692551674,-0.011584899146085037,-1.719576843402272,97.25758680342177,Sudden_Lane_Change
2026-03-11 00:00:11.920943,0.02000508806198157,-3.3307380796468538,9.841301868943978,0.013230279913456934,0.01153888378590128,-1.6682711741413674,97.36175021892157,Sudden_Lane_Change
2026-03-11 00:00:11.970943,-0.008859290070179961,-3.2249927291781355,9.808089353175145,0.00845053505186348,-0.0031983196136077694,-1.6278325812495813,97.27817971224934,Sudden_Lane_Change
2026-03-11 00:00:12.020943,0.0037166530570345545,-3.0881719694909,9.794997425551035,-0.01432986691969735,-0.00952282895090987,-1.5549929194048104,97.37945309656514,Sudden_Lane_Change
2026-03-11 00:00:12.070943,0.020937295516880658,-2.828435584703094,9.799626028346596,-0.002459501121985741,-0.005018145152271703,-1.4296384710484857,97.49336614587595,Sudden_Lane_Change
2026-03-11 00:00:12.120943,0.02557782738173499,-2.5780233394920473,9.838011607908346,0.021403730725702758,0.0164914519651152,-1.301273496065456,97.41851266401676,Sudden_Lane_Change
2026-03-11 00:00:12.170943,0.009016051659684273,-2.3181069913894876,9.824364662210701,-0.004558420518676743,-0.003173158530284708,-1.1687141092322164,97.2181739814557,Sudden_Lane_Change
2026-03-11 00:00:12.220943,-0.016828900028052998,-1.985087751429654,9.821207986558498,-0.008812229224358255,-0.003252941979270767,-0.9936457618601151,97.24587184327518,Sudden_Lane_Change
2026-03-11 00:00:12.270943,-0.03382349668282617,-1.648007346272281,9.771906996494186,-0.0013263868966411976,-0.01593996433128981,-0.8268285823332918,97.35467200763382,Sudden_Lane_Change
2026-03-11 00:00:12.320943,0.021433185410607854,-1.2212510643104777,9.836718286605782,0.030316606923165026,0.015105755634795713,-0.6122856292818545,97.36418051386515,Sudden_Lane_Change
2026-03-11 00:00:12.370943,0.008612976446847186,-0.8343543009407065,9.805319850056467,0.00284491848485111,0.006742625657265905,-0.4195833542089023,97.31388661277096,Sudden_Lane_Change
2026-03-11 00:00:12.420943,-0.027063569707196443,-0.4602578934308292,9.78563894237098,-0.028268163843361144,-0.008770888405206604,-0.22142645082342977,97.3703670289023,Sudden_Lane_Change
2026-03-11 00:00:12.470943,0.009856618203622615,0.015812014429164314,9.802904358208453,0.011021943056432542,-0.0013962795448464885,0.007875030026295894,96.99461061094361,Sudden_Lane_Change
2026-03-11 00:00:12.520943,-0.007956297421845438,0.00599382263185016,9.808338827460451,0.009016243760372635,0.00963864053979707,-0.0070722683507022256,96.99461061094361,Normal_Driving
2026-03-11 00:00:12.570943,0.007865385773761401,0.019757628035950974,9.828883124967312,-5.832667423834835e-06,3.8711972049015365e-05,0.01068728911651794,96.99461061094361,Normal_Driving
2026-03-11 00:00:12.620943,0.0015858400634635398,0.006184196807935319,9.837568075279526,0.008058586405728251,0.006417039935247119,-0.0002984628460388069,96.99461061094361,Normal_Driving
2026-03-11 00:00:12.670943,-0.03922193402984881,-0.021901993323911503,9.781402150876472,-0.016113438884285458,-0.013493243784541874,-0.019692416514538656,96.99461061094361,Normal_Driving
2026-03-11 00:00:12.720943,0.002719899219629246,0.010233094611029562,9.815798894596686,-0.0002963255559438982,-0.003960953641365813,0.005709343319452276,96.99461061094361,Normal_Driving
2026-03-11 00:00:12.770943,0.015667275458703684,0.007637593160871304,9.848159117984368,0.00605689769296641,0.000776711137946277,0.0016497873178404829,96.99461061094361,Normal_Driving
2026-03-11 00:00:12.820943,-0.002526239317453616,0.013777835476022697,9.817909100126272,-0.010586258152194529,-0.002063114292099022,-0.002314010609075771,96.99461061094361,Normal_Driving
2026-03-11 00:00:12.870943,-0.007780656421239907,-0.009955676808429705,9.802690662700334,-0.009848741145226858,-0.009956249323046186,-0.010440604738331095,96.99461061094361,Normal_Driving
2026-03-11 00:00:12.920943,-0.009081294818578224,-0.006060019074721074,9.82218833733516,0.008488371881031605,-0.0014536952802705018,-0.006712396039791546,96.99461061094361,Normal_Driving
2026-03-11 00:00:12.970943,0.02724086908254742,0.044752018073200686,9.80539187826049,0.0025824204818855855,0.0017215115597695868,0.01245207168760301,96.99461061094361,Normal_Driving
2026-03-11 00:00:13.020943,0.03593575362931777,-0.006960719257528335,9.831022304546345,0.004182475950531155,0.0023173380128583415,0.0032062274305545806,96.99461061094361,Normal_Driving
2026-03-11 00:00:13.070943,-0.021557695471772602,-0.049657922338576924,9.770030289996573,-0.008471696463642795,-0.011080308424843279,-0.018540048930129747,96.99461061094361,Normal_Driving
2026-03-11 00:00:13.120943,0.020890774967799085,0.02950135093141359,9.830952798701821,0.009830749839446862,0.004099420744598628,0.01140906750368581,96.99461061094361,Normal_Driving
2026-03-11 00:00:13.170943,0.012991762349849946,0.002986749915453191,9.825130521937297,0.004688786589971656,-0.005819544001968123,-0.009633279773206604,96.99461061094361,Normal_Driving
2026-03-11 00:00:13.220943,-0.0021998766486952884,0.005570495359685013,9.831550534524812,-0.0006242284237781529,-0.003260387883508149,0.001225612251303695,96.99461061094361,Normal_Driving
2026-03-11 00:00:13.270943,-0.03177993072977742,-0.034867247675066416,9.791942851918057,-0.009546459494326365,-0.007619873409451725,0.0008990816477743684,96.99461061094361,Normal_Driving
2026-03-11 00:00:13.320943,0.009888051436417356,0.0005485012975704495,9.832496438397035,-0.0028244958475998685,-0.00329541593159448,0.0011391770347411855,96.99461061094361,Normal_Driving
2026-03-11 00:00:13.370943,0.029460430026934853,0.03499076243634448,9.82200290679791,0.005196350957138415,0.016135903845403535,0.0021007665603398704,96.99461061094361,Normal_Driving
2026-03-11 00:00:13.420943,-0.00988276971664559,-0.015555301633579183,9.808902854765812,0.0024881943759619183,-0.0005241446231131732,-0.0037252062555804956,96.99461061094361,Normal_Driving
2026-03-11 00:00:13.470943,-0.0306825396223698,-0.019568956838070996,9.763436791492301,-0.011970577652040532,-0.02248241762063781,-0.006456567969305653,96.99461061094361,Normal_Driving
2026-03-11 00:00:13.520943,0.028190433007271025,0.003914323362393824,9.83170025635491,0.005573428285571388,0.015277646775011046,-0.0011522141498150253,96.99461061094361,Normal_Driving
2026-03-11 00:00:13.570943,-0.016740839801461523,-0.003430112745709082,9.822086334652223,6.128339706346168e-05,0.0034110229918985716,-0.003633468678033999,96.99461061094361,Normal_Driving
2026-03-11 00:00:13.620943,0.015188961623901077,0.019773715224478926,9.84010044939357,-0.006714265135265241,0.012828315566307615,0.013340601396098085,96.99461061094361,Normal_Driving
2026-03-11 00:00:13.670943,-0.031808395432275656,-0.03868936743281141,9.774507254387293,-0.01716877976516618,-0.014215055577798357,-0.01607845743239401,96.99461061094361,Normal_Driving
2026-03-11 00:00:13.720943,0.014305724044225197,0.0136807161335747,9.810882833157793,0.0020334079112609192,0.015385303332887967,0.005718751374994767,96.99461061094361,Normal_Driving
2026-03-11 00:00:13.770943,0.016732677829114816,0.002110373161271273,9.814366418752826,0.0004933949453993858,0.0008206256541436786,0.01088147905114961,96.99461061094361,Normal_Driving
2026-03-11 00:00:13.820943,-0.024109761562390364,0.0034612304907897812,9.792878725350256,-0.014549397319794832,0.0017138107457519034,0.004758025423056227,96.99461061094361,Normal_Driving
2026-03-11 00:00:13.870943,-0.0195539204066658,-0.034878067129259775,9.782975719120367,-0.016129821959698584,-0.017561898661845314,-0.0003081790479421958,96.99461061094361,Normal_Driving
2026-03-11 00:00:13.920943,0.046500613996095716,0.008103052609249622,9.825292243751042,0.01300389803092502,0.016288197350855578,0.02158107989925117,96.99461061094361,Normal_Driving
2026-03-11 00:00:13.970943,-0.0155095670353224,0.0009111104630193558,9.81220928999509,0.003652022110570564,0.005157614649264146,0.0015442285147505932,96.99461061094361,Normal_Driving
2026-03-11 00:00:14.020943,0.035614806855082594,0.01689257298534612,9.82676933123685,0.0019597894228329023,0.006677165994249783,0.006854193885700275,96.99461061094361,Normal_Driving
2026-03-11 00:00:14.070943,-0.04156869477598009,-0.05642130751426109,9.771249056716426,-0.026869181745129242,-0.005100953597443133,-0.01911956416276894,96.99461061094361,Normal_Driving
2026-03-11 00:00:14.120943,0.05753577359192759,0.016507256672940188,9.823160699638791,0.013906460758795307,0.02699311531486469,0.01707999650551587,96.99461061094361,Normal_Driving
2026-03-11 00:00:14.170943,0.008854042081607592,0.011466969357877976,9.80965655046555,0.01161855457894775,0.010206359004749848,0.009535100080139799,96.99461061094361,Normal_Driving
2026-03-11 00:00:14.220943,-0.014265259161620341,-0.010998931536046919,9.813572583398944,-0.008529506473146552,2.094870093336692e-05,-0.0019852938607219195,96.99461061094361,Normal_Driving
2026-03-11 00:00:14.270943,-0.02157256736575058,-0.015638884155448545,9.771889844484006,-0.001312124347366949,-0.01960204071987804,-0.01629790495692658,96.99461061094361,Normal_Driving
2026-03-11 00:00:14.320943,0.019969132691173657,0.020166692424341798,9.819506417892928,0.0054245609130599524,0.00535654603034838,0.0016875702563539183,96.99461061094361,Normal_Driving
2026-03-11 00:00:14.370943,0.006239787492962307,-0.010300575321179964,9.82028460331089,0.0022444025531883306,0.00643380870746597,0.006270941578651017,96.99461061094361,Normal_Driving
2026-03-11 00:00:14.420943,0.03343664664767973,0.001259625728752164,9.81777248640192,-0.001645584619607521,-0.005422444861200128,0.003765922234515705,96.99461061094361,Normal_Driving
2026-03-11 00:00:14.470943,-0.027519791731551974,-0.04851225187747503,9.7992900620123,-0.027207856122108784,-0.03307480390799548,-0.024539814451542734,96.99461061094361,Normal_Driving
2026-03-11 00:00:14.520943,0.02011034056176135,0.04417523886343651,9.857546809448,0.017978885345726253,0.015172842221440835,0.015469956375610435,96.99461061094361,Normal_Driving
2026-03-11 00:00:14.570943,-0.02475144616355273,0.004558919661821736,9.818348498867703,-0.007676218359734875,0.0032678189047881537,0.006603608186935594,96.99461061094361,Normal_Driving
2026-03-11 00:00:14.620943,0.029732251196046243,-0.00525825573180084,9.80806019798334,-0.002389831483246737,0.0020697610532799146,-0.0005097731416379755,96.99461061094361,Normal_Driving
2026-03-11 00:00:14.670943,-0.01802209508834785,-0.013904089226589745,9.782414264520735,-0.02326684167903362,-0.014694258782440107,-0.006229560405100998,96.99461061094361,Normal_Driving
2026-03-11 00:00:14.720943,0.010218908285764924,0.006813141273366161,9.842121529343853,0.015481524049633962,0.006757188845797317,0.01003195799932689,96.99461061094361,Normal_Driving
2026-03-11 00:00:14.770943,-0.004240280996584796,-0.0023045372484738133,9.837694894287823,0.003943269145639054,0.0103519578319855,0.0008801616901805897,96.99461061094361,Normal_Driving
2026-03-11 00:00:14.820943,-0.02390656574713216,-0.026857728251312454,9.823653249319259,0.0030695260796416656,-0.0009193604279174685,-0.003911154387944037,96.99461061094361,Normal_Driving
2026-03-11 00:00:14.870943,-0.04139462881808927,-0.03322408444766445,9.784232876232968,-0.00796958738333196,-0.01292177212823223,-0.018684239873998962,96.99461061094361,Normal_Driving
2026-03-11 00:00:14.920943,0.032039280893831346,0.04067209605700576,9.860733645503947,0.01707184567807496,0.02377971799605346,0.016944877542600666,96.99461061094361,Normal_Driving
2026-03-11 00:00:14.970943,0.0003089313737018439,-0.028229411781993993,9.790300025014762,-0.011079555242567301,-0.006065308827959277,-0.013793743322246789,96.99461061094361,Normal_Driving
2026-03-11 00:00:15.020943,0.02244781317919175,0.03238707399181061,9.824753899355398,0.0005377417724293102,0.0060097061557987715,0.00742681770574956,96.99461061094361,Normal_Driving
2026-03-11 00:00:15.070943,-0.014705439267621422,-0.029624329239125405,9.767008348647508,-0.014406317812277355,-0.025270938389574032,-0.021253355214798868,96.99461061094361,Normal_Driving
2026-03-11 00:00:15.120943,0.04578727668842408,0.0187607800603879,9.835622503583053,0.019097895089138908,0.0026759905485753323,0.010603888697024378,96.99461061094361,Normal_Driving
2026-03-11 00:00:15.170943,-0.005920676517744451,0.003565041195613703,9.81202931162181,-0.0011388085088659722,0.004876590770917665,0.0027271543278216443,96.99461061094361,Normal_Driving
2026-03-11 00:00:15.220943,-0.029652875654678938,-0.018467831050101424,9.792364013997679,-0.012982981991825826,-0.00621140500443585,-0.0021151746539216,96.99461061094361,Normal_Driving
2026-03-11 00:00:15.270943,-0.011951608136002673,-0.013232362691993214,9.805071711472875,-0.0046361138890997095,-0.007656958142897775,-0.0009741001882060309,96.99461061094361,Normal_Driving
2026-03-11 00:00:15.320943,0.044617435775359274,0.02046102349666359,9.86246911560702,0.0067874654685767845,0.014042307423553288,0.018000768536748615,96.99461061094361,Normal_Driving
2026-03-11 00:00:15.370943,-0.0062709810912619955,0.0005792153301820207,9.796029006447911,0.007821774312373256,0.004046221983790209,-0.011356062647345736,96.99461061094361,Normal_Driving
2026-03-11 00:00:15.420943,0.015937712533286935,0.004789849760428988,9.810391930817707,0.0019402137659404307,0.014616976543309545,0.00932148750683523,96.99461061094361,Normal_Driving
2026-03-11 00:00:15.470943,-0.041003549108666236,-0.03823732705706944,9.765298045989981,-0.011682353897866891,-0.014905560935316177,-0.01480881103768387,96.99461061094361,Normal_Driving
2026-03-11 00:00:15.520943,0.041618860832063564,0.03789638146396847,9.847994286834624,0.015398787169388972,0.022967203098046465,0.02997417015615368,96.99461061094361,Normal_Driving
2026-03-11 00:00:15.570943,-0.00857633248000062,-0.0029884559991898703,9.811327263221562,0.0023913114970025946,-0.005255018467159018,-0.003510370984886107,96.99461061094361,Normal_Driving
2026-03-11 00:00:15.620943,-0.02637301959088664,-0.012027897992343104,9.787006655138054,-0.013718271037468704,-0.005018340010449165,-0.0031883675177505066,96.99461061094361,Normal_Driving
2026-03-11 00:00:15.670943,-0.01605317889761974,-0.03289862971084445,9.772156465991701,-0.007997547787634526,-0.003036365753788942,-0.009664981676843952,96.99461061094361,Normal_Driving
2026-03-11 00:00:15.720943,0.006174744653451428,0.01577556011470306,9.824949668821377,0.009681318376892746,0.011849968232055485,0.016361812911632613,96.99461061094361,Normal_Driving
2026-03-11 00:00:15.770943,0.008764140552204211,0.009346537020147112,9.82083629229997,-0.004098938381736441,-0.0006656665512940925,-0.003515519901857366,96.99461061094361,Normal_Driving
2026-03-11 00:00:15.820943,-0.03157867363668737,-0.0038225976619365664,9.803405368709722,0.00027596634277578247,-0.01081527486237561,0.008060677351796464,96.99461061094361,Normal_Driving
2026-03-11 00:00:15.870943,-0.020795529254712643,-0.03272366633719369,9.766744443777409,-0.015114125674286652,-0.009173364515998952,-0.01743750630927531,96.99461061094361,Normal_Driving
2026-03-11 00:00:15.920943,0.051331240681540824,0.06633339175404986,9.86756966490711,0.008103739125910524,0.0075341968938711455,0.017687112461958397,96.99461061094361,Normal_Driving
2026-03-11 00:00:15.970943,-0.010929635636643696,0.0002066590485773588,9.7932205511008,-0.007937312032608964,0.004195622945878568,-0.000795494441625009,96.99461061094361,Normal_Driving
2026-03-11 00:00:16.020943,-0.012893091915909455,0.0036933246057845827,9.820683480273724,-0.0002876469255751724,-5.0042623774148795e-05,0.00318147883702868,96.99461061094361,Normal_Driving
2026-03-11 00:00:16.070943,-0.020358764300028268,-0.026609082362915863,9.784715295418511,-0.004067107155191459,-0.011283365153853659,-0.005954314214059665,96.99461061094361,Normal_Driving
2026-03-11 00:00:16.120943,0.02248557906267292,0.030260573898426922,9.84640765894559,0.00979874162200154,0.008927098497273519,0.01553147331776394,96.99461061094361,Normal_Driving
2026-03-11 00:00:16.170943,-0.01149268628369703,0.012009645981189403,9.825705363583417,-6.832262952937308e-05,0.009641431940825014,-3.854756517103356e-05,96.99461061094361,Normal_Driving
2026-03-11 00:00:16.220943,-0.020604668535176236,-0.025318681638391745,9.815249359950313,-0.008938192597443136,-0.015854173537108548,-0.007395695661616452,96.99461061094361,Normal_Driving
2026-03-11 00:00:16.270943,-0.0034375277262506995,0.004818442662965687,9.800380178048313,-0.016389723323207185,-0.011056223103019921,-0.013713144947207432,96.99461061094361,Normal_Driving
2026-03-11 00:00:16.320943,0.04027346261400057,0.023881119468807884,9.844737958216934,0.014359349446137976,0.017073810702147404,0.006715876158340321,96.99461061094361,Normal_Driving
2026-03-11 00:00:16.370943,-0.03103816270588867,0.011634560776987476,9.798535738923745,-0.005134552749114086,-0.011878347993139528,-0.006165589053538193,96.99461061094361,Normal_Driving
2026-03-11 00:00:16.420943,0.01658972790287929,-0.0003142423940503163,9.804371343001366,-0.008104363557135848,0.011820435186944516,0.014336236248716959,96.99461061094361,Normal_Driving
2026-03-11 00:00:16.470943,-0.018102842652849352,-0.02703163284760308,9.790592266095661,-0.005123410521801185,-0.009759204238562288,-0.024799346826041718,96.99461061094361,Normal_Driving
2026-03-11 00:00:16.520943,0.032247299801915257,0.03404289393602172,9.834326331938154,0.008394333488084459,0.01986031205953534,0.002068634984568508,96.99461061094361,Normal_Driving
2026-03-11 00:00:16.570943,0.012044398028579106,0.009188438528610045,9.794501641235035,0.0016944498836410269,0.009404772034976498,0.0033073891892114082,96.99461061094361,Normal_Driving
2026-03-11 00:00:16.620943,-0.028019795876238478,-0.013014900555368187,9.788052157541262,-0.016602007485759625,-0.020858296752707565,-0.020534806659249095,96.99461061094361,Normal_Driving
2026-03-11 00:00:16.670943,0.010616998798140882,-0.01782795455836217,9.806037792077934,-0.004421781826582847,-0.003987740699752182,0.00020638949838330746,96.99461061094361,Normal_Driving
2026-03-11 00:00:16.720943,0.0038712552348958047,0.012433011001954614,9.845191001098542,0.011114460473787845,0.011549114264705979,0.0072293916690796545,96.99461061094361,Normal_Driving
2026-03-11 00:00:16.770943,-0.007256688593392464,0.02907517861440102,9.82328469331825,0.005478401430878751,-0.00448222081706659,0.0024804840929280644,96.99461061094361,Normal_Driving
2026-03-11 00:00:16.820943,-0.0019074715839617496,-0.018552366350175556,9.790466418296026,-0.0062412940482561,0.004011972332040392,0.0016769158952572964,96.99461061094361,Normal_Driving
2026-03-11 00:00:16.870943,-0.01333384836523303,-0.006177472026150621,9.81979011598648,0.0022985753550451658,-0.007446411905474728,-0.010120448755304141,96.99461061094361,Normal_Driving
2026-03-11 00:00:16.920943,0.024085807107057357,0.06299234885474424,9.84637479321071,0.014817473201419457,0.02325292764023251,0.0036064926957163103,96.99461061094361,Normal_Driving
2026-03-11 00:00:16.970943,-0.01149794345482792,0.023045322739328602,9.827008180352898,0.003399888638255832,-0.003903784641223016,0.0007049712119238656,96.99461061094361,Normal_Driving
2026-03-11 00:00:17.020943,-0.013704576836198749,0.014496184365415925,9.780811529276775,-0.016752171263257516,-0.011149269554344705,-0.0035864026778195763,96.99461061094361,Normal_Driving
2026-03-11 00:00:17.070943,-0.0292215519430407,0.0027479997042258644,9.816792528948167,0.008884303510477054,0.003920966981306366,0.007610529439324637,96.99461061094361,Normal_Driving
2026-03-11 00:00:17.120943,0.028887942345685313,0.022196085524827353,9.816782313770977,0.017018019371331974,0.0015715641726360306,0.005146376310330348,96.99461061094361,Normal_Driving
2026-03-11 00:00:17.170943,-0.010510341953851473,0.0038774986395432504,9.819866238732201,0.0059004800316712494,0.0029381658213666327,0.008749803907681982,96.99461061094361,Normal_Driving
2026-03-11 00:00:17.220943,-0.034392549310285854,-0.013169925754663697,9.799718896542956,-0.007224040112428621,-0.007027674604493698,-0.004045742653619239,96.99461061094361,Normal_Driving
2026-03-11 00:00:17.270943,-0.002439900850475833,-0.0018855288535755887,9.812305644481482,-0.008137119518867603,-0.011829341478894001,-0.007733314382247323,96.99461061094361,Normal_Driving
2026-03-11 00:00:17.320943,-0.0027054218615994684,0.037536716429174596,9.8473106699433,0.02120371428576164,0.01015471569982421,0.015883455815755742,96.99461061094361,Normal_Driving
2026-03-11 00:00:17.370943,0.00544131110700506,-0.007419529749695063,9.80859957469749,-0.0016778884148787396,-0.005849876674324738,0.0005969281117427852,96.99461061094361,Normal_Driving
2026-03-11 00:00:17.420943,-0.009324017854298334,-0.004767651164296191,9.768985989235366,-0.009869874752895094,-0.006022983141096185,-0.01981849706853548,96.99461061094361,Normal_Driving
2026-03-11 00:00:17.470943,-0.010327551636433311,0.015040180940345984,9.798371426765026,0.005891569412391184,0.009792662447252624,-0.01768625842883925,96.99461061094361,Normal_Driving
